{"actual_qps": 5.704639400570106, "success_rate": 100.0, "input_tokens": 4289, "output_tokens": 180, "model": "meta-llama/Llama-3.1-8B-Instruct", "input_tokens_per_minute": 1335925.3897636833, "output_tokens_per_minute": 56332.65075046694, "slo_seconds": 5.0, "slo_attainment": 99.68051118210862, "ttft_slo_ms": 1000, "ttft_slo_attainment": 77.95527156549521, "tpot_slo_ms": 50, "tpot_slo_attainment": 100.0, "Latency": {"unit": "s", "min": 0.5549414718989283, "p50": 3.130220720078796, "p90": 3.8886938325129448, "p95": 4.165179084381088, "p99": 4.73800517653115, "max": 7.500123661011457}, "Throughput": {"unit": "tokens/s", "min": 12.929805474016346, "p50": 59.0669632310686, "p90": 74.25078502831931, "p95": 78.11729550242195, "p99": 87.79080068717994, "max": 103.44555598773086}, "TTFT": {"unit": "s", "min": 0.06321330391801894, "p50": 0.5568199481349438, "p90": 1.3093674172647298, "p95": 1.4512794281821695, "p99": 2.202645849389955, "max": 5.2001244521234185}, "TPOT": {"unit": "ms", "min": 6.356578178903354, "p50": 12.748232484833958, "p90": 17.315361192719028, "p95": 19.005959410098704, "p99": 29.767585590553388, "max": 41.5518835241742}, "Input Tokens per Minute": {"unit": "tokens/min", "min": 1335925.3897636833, "p50": 1335925.3897636833, "p90": 1335925.3897636833, "p95": 1335925.3897636833, "p99": 1335925.3897636833, "max": 1335925.3897636833}, "Output Tokens per Minute": {"unit": "tokens/min", "min": 56332.65075046694, "p50": 56332.65075046694, "p90": 56332.65075046694, "p95": 56332.65075046694, "p99": 56332.65075046694, "max": 56332.65075046694}}
{"actual_qps": 4.6014150920852925, "success_rate": 100.0, "input_tokens": 4253, "output_tokens": 180, "model": "meta-llama/Llama-3.1-8B-Instruct", "input_tokens_per_minute": 1245745.3806228368, "output_tokens_per_minute": 52947.16877459915, "slo_seconds": 5.0, "slo_attainment": 98.31649831649831, "ttft_slo_ms": 1000, "ttft_slo_attainment": 93.26599326599326, "tpot_slo_ms": 50, "tpot_slo_attainment": 100.0, "Latency": {"unit": "s", "min": 0.3872928118798882, "p50": 3.212897771038115, "p90": 4.0724554592743525, "p95": 4.268592932028696, "p99": 5.360333573650569, "max": 5.701624314999208}, "Throughput": {"unit": "tokens/s", "min": 15.880899634108415, "p50": 58.64876327440783, "p90": 74.26280649187557, "p95": 79.38841688549275, "p99": 88.48870638709103, "max": 95.71028383533442}, "TTFT": {"unit": "s", "min": 0.07973460201174021, "p50": 0.48167453706264496, "p90": 0.8577541534788913, "p95": 1.091978245461359, "p99": 1.9472644187416972, "max": 2.810402696020901}, "TPOT": {"unit": "ms", "min": 8.752321763160197, "p50": 13.901576633803808, "p90": 17.56638066665312, "p95": 18.397434722707047, "p99": 21.204359041305608, "max": 22.31305335254337}, "Input Tokens per Minute": {"unit": "tokens/min", "min": 1245745.3806228368, "p50": 1245745.3806228368, "p90": 1245745.3806228368, "p95": 1245745.3806228368, "p99": 1245745.3806228368, "max": 1245745.3806228368}, "Output Tokens per Minute": {"unit": "tokens/min", "min": 52947.16877459915, "p50": 52947.16877459915, "p90": 52947.16877459915, "p95": 52947.16877459915, "p99": 52947.16877459915, "max": 52947.16877459915}}
{"actual_qps": 4.699167499777744, "success_rate": 100.0, "input_tokens": 4260, "output_tokens": 178, "model": "meta-llama/Llama-3.1-8B-Instruct", "input_tokens_per_minute": 1180469.0487815016, "output_tokens_per_minute": 49520.75789352849, "slo_seconds": 5.0, "slo_attainment": 100.0, "ttft_slo_ms": 1000, "ttft_slo_attainment": 98.57651245551602, "tpot_slo_ms": 50, "tpot_slo_attainment": 100.0, "Latency": {"unit": "s", "min": 0.4506505650933832, "p50": 3.0913889741059393, "p90": 3.876089772908017, "p95": 4.191953680943698, "p99": 4.789461114350705, "max": 4.927431484917179}, "Throughput": {"unit": "tokens/s", "min": 24.844840154449997, "p50": 59.088879443422286, "p90": 73.22529735727792, "p95": 77.97457808242717, "p99": 85.2234298882866, "max": 94.05086112590024}, "TTFT": {"unit": "s", "min": 0.13834418100304902, "p50": 0.42751878104172647, "p90": 0.7659598430618644, "p95": 0.9184970939531922, "p99": 1.0393288016319273, "max": 1.1990213969256729}, "TPOT": {"unit": "ms", "min": 6.584228216005223, "p50": 14.147191040508037, "p90": 17.46108472913541, "p95": 19.14414283788033, "p99": 21.68678304084172, "max": 26.163266716702356}, "Input Tokens per Minute": {"unit": "tokens/min", "min": 1180469.0487815016, "p50": 1180469.0487815016, "p90": 1180469.0487815016, "p95": 1180469.0487815016, "p99": 1180469.0487815016, "max": 1180469.0487815016}, "Output Tokens per Minute": {"unit": "tokens/min", "min": 49520.75789352849, "p50": 49520.75789352849, "p90": 49520.75789352849, "p95": 49520.75789352849, "p99": 49520.75789352849, "max": 49520.75789352849}}
{"actual_qps": 4.807291451980046, "success_rate": 100.0, "input_tokens": 4301, "output_tokens": 186, "model": "meta-llama/Llama-3.1-8B-Instruct", "input_tokens_per_minute": 1266150.985477729, "output_tokens_per_minute": 54863.17267787712, "slo_seconds": 5.0, "slo_attainment": 100.0, "ttft_slo_ms": 1000, "ttft_slo_attainment": 93.64548494983278, "tpot_slo_ms": 50, "tpot_slo_attainment": 100.0, "Latency": {"unit": "s", "min": 0.435192144010216, "p50": 3.1917436060030013, "p90": 3.9811053931713105, "p95": 4.15504777720198, "p99": 4.5731982070859525, "max": 4.699108443921432}, "Throughput": {"unit": "tokens/s", "min": 21.433131303698154, "p50": 60.5288924848464, "p90": 77.2393558603238, "p95": 83.68449088077001, "p99": 88.89731115096244, "max": 105.98888593313234}, "TTFT": {"unit": "s", "min": 0.04272863012738526, "p50": 0.3532547608483583, "p90": 0.856916083022952, "p95": 1.069718284090049, "p99": 1.2718165761791163, "max": 1.603838766925037}, "TPOT": {"unit": "ms", "min": 5.201543175169955, "p50": 14.088142050158737, "p90": 17.3157992042676, "p95": 18.092138880288143, "p99": 19.976549418830302, "max": 23.617827836424112}, "Input Tokens per Minute": {"unit": "tokens/min", "min": 1266150.985477729, "p50": 1266150.985477729, "p90": 1266150.985477729, "p95": 1266150.985477729, "p99": 1266150.985477729, "max": 1266150.985477729}, "Output Tokens per Minute": {"unit": "tokens/min", "min": 54863.17267787712, "p50": 54863.17267787712, "p90": 54863.17267787712, "p95": 54863.17267787712, "p99": 54863.17267787712, "max": 54863.17267787712}}
{"actual_qps": 5.483321355195792, "success_rate": 100.0, "input_tokens": 4143, "output_tokens": 179, "model": "meta-llama/Llama-3.1-8B-Instruct", "input_tokens_per_minute": 1309509.1448042155, "output_tokens_per_minute": 56754.25941083009, "slo_seconds": 5.0, "slo_attainment": 100.0, "ttft_slo_ms": 1000, "ttft_slo_attainment": 100.0, "tpot_slo_ms": 50, "tpot_slo_attainment": 100.0, "Latency": {"unit": "s", "min": 0.4297299408353865, "p50": 2.937960758805275, "p90": 3.7792644100263715, "p95": 3.9791269639972597, "p99": 4.6090717430226515, "max": 4.819405846996233}, "Throughput": {"unit": "tokens/s", "min": 26.821646616100438, "p50": 61.8142833928996, "p90": 77.57224178222849, "p95": 80.08528484344818, "p99": 88.53249950127544, "max": 94.22586944339727}, "TTFT": {"unit": "s", "min": 0.03428607201203704, "p50": 0.2215848488267511, "p90": 0.459071182878688, "p95": 0.5343329480383545, "p99": 0.732522598328069, "max": 0.862723222002387}, "TPOT": {"unit": "ms", "min": 5.892883276101202, "p50": 14.41589364891543, "p90": 17.99719150168774, "p95": 18.92612610555174, "p99": 20.9162598838834, "max": 21.863085979446023}, "Input Tokens per Minute": {"unit": "tokens/min", "min": 1309509.1448042155, "p50": 1309509.1448042155, "p90": 1309509.1448042155, "p95": 1309509.1448042155, "p99": 1309509.1448042155, "max": 1309509.1448042155}, "Output Tokens per Minute": {"unit": "tokens/min", "min": 56754.25941083009, "p50": 56754.25941083009, "p90": 56754.25941083009, "p95": 56754.25941083009, "p99": 56754.25941083009, "max": 56754.25941083009}}
{"actual_qps": 4.6666236199321895, "success_rate": 100.0, "input_tokens": 4185, "output_tokens": 183, "model": "meta-llama/Llama-3.1-8B-Instruct",