{"actual_qps": 5.801362088448041, "success_rate": 100.0, "input_tokens": 3887, "output_tokens": 172, "model": "meta-llama/Llama-3.1-8B-Instruct", "input_tokens_per_minute": 1241840.8871445714, "output_tokens_per_minute": 55203.586122888395, "slo_seconds": 5.0, "slo_attainment": 99.38080495356037, "ttft_slo_ms": 1000, "ttft_slo_attainment": 91.64086687306502, "tpot_slo_ms": 50, "tpot_slo_attainment": 100.0, "Latency": {"unit": "s", "min": 0.4206005879677832, "p50": 2.9986528870649636, "p90": 3.838023855863139, "p95": 4.045803292118944, "p99": 4.642275266950018, "max": 6.009200006956235}, "Throughput": {"unit": "tokens/s", "min": 14.035842021946754, "p50": 60.79993063032027, "p90": 75.73679210064522, "p95": 81.00160917556971, "p99": 91.47232675680738, "max": 103.5108050078274}, "TTFT": {"unit": "s", "min": 0.10623524291440845, "p50": 0.4415759309194982, "p90": 0.9305299309547993, "p95": 1.1168671518564222, "p99": 1.3702873129071638, "max": 3.208795231068507}, "TPOT": {"unit": "ms", "min": 5.211414432980948, "p50": 13.436378844447397, "p90": 17.027977855651447, "p95": 18.207691036465256, "p99": 25.615567777423188, "max": 28.554173274736463}, "Input Tokens per Minute": {"unit": "tokens/min", "min": 1241840.8871445714, "p50": 1241840.8871445714, "p90": 1241840.8871445714, "p95": 1241840.8871445714, "p99": 1241840.8871445714, "max": 1241840.8871445714}, "Output Tokens per Minute": {"unit": "tokens/min", "min": 55203.586122888395, "p50": 55203.586122888395, "p90": 55203.586122888395, "p95": 55203.586122888395, "p99": 55203.586122888395, "max": 55203.586122888395}}
{"actual_qps": 5.4433107067035875, "success_rate": 100.0, "input_tokens": 4098, "output_tokens": 175, "model": "meta-llama/Llama-3.1-8B-Instruct", "input_tokens_per_minute": 1366900.9030372738, "output_tokens_per_minute": 58410.986716615465, "slo_seconds": 5.0, "slo_attainment": 99.41002949852508, "ttft_slo_ms": 1000, "ttft_slo_attainment": 92.33038348082596, "tpot_slo_ms": 50, "tpot_slo_attainment": 100.0, "Latency": {"unit": "s", "min": 0.5747849110048264, "p50": 2.9775599821005017, "p90": 3.979664287436753, "p95": 4.435224154312164, "p99": 4.931242883643136, "max": 5.437385110883042}, "Throughput": {"unit": "tokens/s", "min": 14.830126577533742, "p50": 60.757538023400095, "p90": 74.97384475289243, "p95": 80.83951333398807, "p99": 90.86352404362155, "max": 99.20248881320758}, "TTFT": {"unit": "s", "min": 0.09987643710337579, "p50": 0.4550134988967329, "p90": 0.9364108114968984, "p95": 1.0898958885110908, "p99": 1.5832341511081915, "max": 1.9662591710221022}, "TPOT": {"unit": "ms", "min": 7.387621588457157, "p50": 13.610543959292036, "p90": 17.010369807734488, "p95": 19.204806558900145, "p99": 21.66565295471342, "max": 29.57884766316662}, "Input Tokens per Minute": {"unit": "tokens/min", "min": 1366900.9030372738, "p50": 1366900.9030372738, "p90": 1366900.9030372738, "p95": 1366900.9030372738, "p99": 1366900.9030372738, "max": 1366900.9030372738}, "Output Tokens per Minute": {"unit": "tokens/min", "min": 58410.986716615465, "p50": 58410.986716615465, "p90": 58410.986716615465, "p95": 58410.986716615465, "p99": 58410.986716615465, "max": 58410.986716615465}}
{"actual_qps": 5.644522065665569, "success_rate": 100.0, "input_tokens": 4079, "output_tokens": 174, "model": "meta-llama/Llama-3.1-8B-Instruct", "input_tokens_per_minute": 1396483.65717679, "output_tokens_per_minute": 59863.957182965074, "slo_seconds": 5.0, "slo_attainment": 99.42528735632183, "ttft_slo_ms": 1000, "ttft_slo_attainment": 95.97701149425288, "tpot_slo_ms": 50, "tpot_slo_attainment": 100.0, "Latency": {"unit": "s", "min": 0.3390147069003433, "p50": 3.126952177961357, "p90": 4.006645745341666, "p95": 4.279847308655735, "p99": 4.758317618675064, "max": 5.223222804022953}, "Throughput": {"unit": "tokens/s", "min": 14.243903399225852, "p50": 59.16395748475123, "p90": 72.22557924714516, "p95": 76.12266670396524, "p99": 85.21186299112578, "max": 94.08647238248682}, "TTFT": {"unit": "s", "min": 0.11056722793728113, "p50": 0.44824887707363814, "p90": 0.8385308312717826, "p95": 0.9579300873330787, "p99": 1.170564415261615, "max": 1.3973524530883878}, "TPOT": {"unit": "ms", "min": 6.5785572250288995, "p50": 14.107894158252893, "p90": 17.772956847599144, "p95": 19.0550707356101, "p99": 20.804727419721758, "max": 36.06867594370509}, "Input Tokens per Minute": {"unit": "tokens/min", "min": 1396483.65717679, "p50": 1396483.65717679, "p90": 1396483.65717679, "p95": 1396483.65717679, "p99": 1396483.65717679, "max": 1396483.65717679}, "Output Tokens per Minute": {"unit": "tokens/min", "min": 59863.957182965074, "p50": 59863.957182965074, "p90": 59863.957182965074, "p95": 59863.957182965074, "p99": 59863.957182965074, "max": 59863.957182965074}}
{"actual_qps": 5.674747113486944, "success_rate": 100.0, "input_tokens": 4141, "output_tokens": 174, "model": "meta-llama/Llama-3.1-8B-Instruct", "input_tokens_per_minute": 1405653.996166168, "output_tokens_per_minute": 59283.55598110572, "slo_seconds": 5.0, "slo_attainment": 100.0, "ttft_slo_ms": 1000, "ttft_slo_attainment": 97.10144927536231, "tpot_slo_ms": 50, "tpot_slo_attainment": 100.0, "Latency": {"unit": "s", "min": 0.3079528829548508, "p50": 3.1201418060809374, "p90": 3.75314505957067, "p95": 4.028302608476952, "p99": 4.573729470157996, "max": 4.923675750847906}, "Throughput": {"unit": "tokens/s", "min": 18.323031246427504, "p50": 60.949524548377894, "p90": 77.2231619579251, "p95": 79.50108766478485, "p99": 87.22547988946441, "max": 105.02405247375934}, "TTFT": {"unit": "s", "min": 0.03008549101650715, "p50": 0.3573283930309117, "p90": 0.6393731323536486, "p95": 0.8338258835487068, "p99": 1.1336355553753674, "max": 1.2653276650235057}, "TPOT": {"unit": "ms", "min": 5.917740479002104, "p50": 14.008569719513233, "p90": 17.20231682718552, "p95": 17.74956852820089, "p99": 19.649520598108595, "max": 21.366868953919038}, "Input Tokens per Minute": {"unit": "tokens/min", "min": 1405653.996166168, "p50": 1405653.996166168, "p90": 1405653.996166168, "p95": 1405653.996166168, "p99": 1405653.996166168, "max": 1405653.996166168}, "Output Tokens per Minute": {"unit": "tokens/min", "min": 59283.55598110572, "p50": 59283.55598110572, "p90": 59283.55598110572, "p95": 59283.55598110572, "p99": 59283.55598110572, "max": 59283.55598110572}}
{"actual_qps": 6.183326683075257, "success_rate": 100.0, "input_tokens": 3970, "output_tokens": 173, "model": "meta-llama/Llama-3.1-8B-Instruct", "input_tokens_per_minute": 1464792.943712234, "output_tokens_per_minute": 64135.316536309714, "slo_seconds": 5.0, "slo_attainment": 99.73333333333333, "ttft_slo_ms": 1000, "ttft_slo_attainment": 99.46666666666667, "tpot_slo_ms": 50, "tpot_slo_attainment": 100.0, "Latency": {"unit": "s", "min": 0.21514758304692805, "p50": 2.779199582990259, "p90": 3.5497868817299607, "p95": 3.871344007435255, "p99": 4.526622842787765, "max": 5.144361120881513}, "Throughput": {"unit": "tokens/s", "min": 23.21866430036638, "p50": 64.08107210841636, "p90": 81.5216335631516, "p95": 84.74180207395455, "p99": 98.93528580026076, "max": 110.6036249896792}, "TTFT": {"unit": "s", "min": 0.0342605309560895, "p50": 0.22057180595584214, "p90": 0.40443447534926247, "p95": 0.48347698261495686, "p99": 0.6828520234767347, "max": 1.3085510667879134}, "TPOT": {"unit": "ms", "min": 8.274376488235943, "p50": 13.71173459297074, "p90": 16.99375262466511, "p95": 18.307853910715977, "p99": 20.429499043908482, "max": 21.411193558131927}, "Input Tokens per Minute": {"unit": "tokens/min", "min": 1464792.943712234, "p50": 1464792.943712234, "p90": 1464792.943712234, "p95": 1464792.943712234, "p99": 1464792.943712234, "max": 1464792.943712234}, "Output Tokens per Minute": {"unit": "tokens/min", "min": 64135.316536309714, "p50": 64135.316536309714, "p90": 64135.316536309714, "p95": 64135.316536309714, "p99": 64135.316536309714, "max": 64135.316536309714}}
{"actual_qps": 5.666656547814516, "success_rate": 100.0, "input_tokens": 3913, "output_tokens": 179,