{"actual_qps": 6.393880671906812, "success_rate": 100.0, "input_tokens": 3976, "output_tokens": 176, "model": "meta-llama/Llama-3.1-8B-Instruct", "input_tokens_per_minute": 1414974.7143869384, "output_tokens_per_minute": 62969.31597532784, "slo_seconds": 5.0, "slo_attainment": 91.92200557103064, "ttft_slo_ms": 1000, "ttft_slo_attainment": 64.62395543175488, "tpot_slo_ms": 50, "tpot_slo_attainment": 100.0, "Latency": {"unit": "s", "min": 0.6702923530247062, "p50": 3.4926635259762406, "p90": 4.8467535139527165, "p95": 5.111200168915093, "p99": 6.2897119786404145, "max": 8.657784193987027}, "Throughput": {"unit": "tokens/s", "min": 4.335221945350012, "p50": 52.16834026048525, "p90": 69.8286870777781, "p95": 74.26699294179406, "p99": 86.38796749837277, "max": 95.25558102620843}, "TTFT": {"unit": "s", "min": 0.10202560690231621, "p50": 0.6683942631352693, "p90": 1.6586918066255747, "p95": 2.038727442268281, "p99": 4.025036484990284, "max": 5.932987800100818}, "TPOT": {"unit": "ms", "min": 4.7989204801895005, "p50": 14.150012833248805, "p90": 18.020665100465827, "p95": 19.089810526695793, "p99": 24.531317973199073, "max": 33.276332803070545}, "Input Tokens per Minute": {"unit": "tokens/min", "min": 1414974.7143869384, "p50": 1414974.7143869384, "p90": 1414974.7143869384, "p95": 1414974.7143869384, "p99": 1414974.7143869384, "max": 1414974.7143869384}, "Output Tokens per Minute": {"unit": "tokens/min", "min": 62969.31597532784, "p50": 62969.31597532784, "p90": 62969.31597532784, "p95": 62969.31597532784, "p99": 62969.31597532784, "max": 62969.31597532784}}
{"actual_qps": 5.317357189420647, "success_rate": 100.0, "input_tokens": 3969, "output_tokens": 175, "model": "meta-llama/Llama-3.1-8B-Instruct", "input_tokens_per_minute": 1321113.1488439727, "output_tokens_per_minute": 58411.16872578581, "slo_seconds": 5.0, "slo_attainment": 100.0, "ttft_slo_ms": 1000, "ttft_slo_attainment": 95.56213017751479, "tpot_slo_ms": 50, "tpot_slo_attainment": 100.0, "Latency": {"unit": "s", "min": 0.5046079130843282, "p50": 3.030969341401942, "p90": 3.828936004964635, "p95": 4.0115573211805895, "p99": 4.448442373941653, "max": 4.765235163969919}, "Throughput": {"unit": "tokens/s", "min": 19.047939192940895, "p50": 61.266146223514255, "p90": 74.01953996957977, "p95": 77.93099148648147, "p99": 84.04380469711927, "max": 90.96865401526352}, "TTFT": {"unit": "s", "min": 0.06573546095751226, "p50": 0.4789736858801916, "p90": 0.7978336689062416, "p95": 0.9413323702989141, "p99": 1.1529232826572842, "max": 1.7416350289713591}, "TPOT": {"unit": "ms", "min": 9.342738617932302, "p50": 13.47978175828355, "p90": 16.896823231580118, "p95": 17.638828694743182, "p99": 20.87228185826752, "max": 26.301404038720108}, "Input Tokens per Minute": {"unit": "tokens/min", "min": 1321113.1488439727, "p50": 1321113.1488439727, "p90": 1321113.1488439727, "p95": 1321113.1488439727, "p99": 1321113.1488439727, "max": 1321113.1488439727}, "Output Tokens per Minute": {"unit": "tokens/min", "min": 58411.16872578581, "p50": 58411.16872578581, "p90": 58411.16872578581, "p95": 58411.16872578581, "p99": 58411.16872578581, "max": 58411.16872578581}}
{"actual_qps": 5.444852434266842, "success_rate": 100.0, "input_tokens": 3896, "output_tokens": 178, "model": "meta-llama/Llama-3.1-8B-Instruct", "input_tokens_per_minute": 1246264.7296066876, "output_tokens_per_minute": 57243.76726103119, "slo_seconds": 5.0, "slo_attainment": 99.6923076923077, "ttft_slo_ms": 1000, "ttft_slo_attainment": 96.0, "tpot_slo_ms": 50, "tpot_slo_attainment": 100.0, "Latency": {"unit": "s", "min": 0.45526654995046556, "p50": 3.2361655139829963, "p90": 3.9722020505927502, "p95": 4.231146637815982, "p99": 4.848071149708703, "max": 5.15468716993928}, "Throughput": {"unit": "tokens/s", "min": 20.093747185602304, "p50": 59.14337177551228, "p90": 71.36714993045258, "p95": 76.1941881952688, "p99": 86.22858200601324, "max": 102.68759798287019}, "TTFT": {"unit": "s", "min": 0.13891871692612767, "p50": 0.48734201514162123, "p90": 0.8367643088102341, "p95": 0.9426029068883509, "p99": 1.3462942155916235, "max": 1.5377163821831346}, "TPOT": {"unit": "ms", "min": 7.68329860904633, "p50": 14.361323569028173, "p90": 17.738040463867875, "p95": 18.95768533773837, "p99": 23.177842863829163, "max": 30.810014662953712}, "Input Tokens per Minute": {"unit": "tokens/min", "min": 1246264.7296066876, "p50": 1246264.7296066876, "p90": 1246264.7296066876, "p95": 1246264.7296066876, "p99": 1246264.7296066876, "max": 1246264.7296066876}, "Output Tokens per Minute": {"unit": "tokens/min", "min": 57243.76726103119, "p50": 57243.76726103119, "p90": 57243.76726103119, "p95": 57243.76726103119, "p99": 57243.76726103119, "max": 57243.76726103119}}
{"actual_qps": 5.677119379494408, "success_rate": 100.0, "input_tokens": 4102, "output_tokens": 178, "model": "meta-llama/Llama-3.1-8B-Instruct", "input_tokens_per_minute": 1412967.7429670517, "output_tokens_per_minute": 61452.37579019251, "slo_seconds": 5.0, "slo_attainment": 99.71428571428571, "ttft_slo_ms": 1000, "ttft_slo_attainment": 96.0, "tpot_slo_ms": 50, "tpot_slo_attainment": 100.0, "Latency": {"unit": "s", "min": 0.23552261805161834, "p50": 3.1106731365434825, "p90": 3.947712507261895, "p95": 4.319000497623347, "p99": 4.7449882407300175, "max": 5.019419373013079}, "Throughput": {"unit": "tokens/s", "min": 19.57693208914624, "p50": 59.33214770311912, "p90": 75.13448617515455, "p95": 79.9063520582822, "p99": 86.30687777741736, "max": 97.16665138760462}, "TTFT": {"unit": "s", "min": 0.03983884584158659, "p50": 0.38898820255417377, "p90": 0.7621163345873361, "p95": 0.9208686870522799, "p99": 1.3147190724685778, "max": 1.72780173108913}, "TPOT": {"unit": "ms", "min": 1.8741150270216167, "p50": 14.214718208330023, "p90": 17.422226141908926, "p95": 18.61678766783654, "p99": 20.622054243209135, "max": 22.023266925494752}, "Input Tokens per Minute": {"unit": "tokens/min", "min": 1412967.7429670517, "p50": 1412967.7429670517, "p90": 1412967.7429670517, "p95": 1412967.7429670517, "p99": 1412967.7429670517, "max": 1412967.7429670517}, "Output Tokens per Minute": {"unit": "tokens/min", "min": 61452.37579019251, "p50": 61452.37579019251, "p90": 61452.37579019251, "p95": 61452.37579019251, "p99": 61452.37579019251, "max": 61452.37579019251}}
{"actual_qps": 5.48329828783257, "success_rate": 100.0, "input_tokens": 3945, "output_tokens": 177, "model": "meta-llama/Llama-3.1-8B-Instruct", "input_tokens_per_minute": 1292934.3310378457, "output_tokens_per_minute": 58048.68701245835, "slo_seconds": 5.0, "slo_attainment": 100.0, "ttft_slo_ms": 1000, "ttft_slo_attainment": 99.69969969969969, "tpot_slo_ms": 50, "tpot_slo_attainment": 100.0, "Latency": {"unit": "s", "min": 0.32090077502653, "p50": 2.796583681134507, "p90": 3.6250096794683486, "p95": 3.772932264721021, "p99": 4.422434475943447, "max": 4.65481813903898}, "Throughput": {"unit": "tokens/s", "min": 37.74293792418937, "p50": 63.155254513664445, "p90": 81.13675654319961, "p95": 86.53136427015363, "p99": 100.15391420402666, "max": 108.87028523873671}, "TTFT": {"unit": "s", "min": 0.032766533084213734, "p50": 0.21627418790012598, "p90": 0.4161970742046834, "p95": 0.4726756857708093, "p99": 0.640818792693317, "max": 1.224349700147286}, "TPOT": {"unit": "ms", "min": 6.787830781515526, "p50": 14.199785376903623, "p90": 16.92566701687111, "p95": 17.858103979800138, "p99": 20.016711250762125, "max": 21.50652652849729}, "Input Tokens per Minute": {"unit": "tokens/min", "min": 1292934.3310378457, "p50": 1292934.3310378457, "p90": 1292934.3310378457, "p95": 1292934.3310378457, "p99": 1292934.3310378457, "max": 1292934.3310378457}, "Output Tokens per Minute": {"unit": "tokens/min", "min": 58048.68701245835, "p50": 58048.68701245835, "p90": 58048.68701245835, "p95": 58048.68701245835, "p99": 58048.68701245835, "max": 58048.68701245835}}
{"actual_qps": 5.163919654955418, "success_rate": 100.0, "input_tokens": 4129, "output_tokens": 176, "model": "meta-llama/Llama-3.1-8B-Instruct",