{"actual_qps": 5.293612062150129, "success_rate": 100.0, "input_tokens": 4166, "output_tokens": 181, "model": "meta-llama/Llama-3.1-8B-Instruct", "input_tokens_per_minute": 1274056.3584491052, "output_tokens_per_minute": 55412.281642622576, "slo_seconds": 5.0, "slo_attainment": 79.03225806451613, "ttft_slo_ms": 1000, "ttft_slo_attainment": 64.51612903225806, "tpot_slo_ms": 50, "tpot_slo_attainment": 100.0, "Latency": {"unit": "s", "min": 0.4210070159751922, "p50": 3.2575326529331505, "p90": 5.797697183582931, "p95": 6.126902424939908, "p99": 7.2859318349789834, "max": 13.558825894957408}, "Throughput": {"unit": "tokens/s", "min": 4.28638580855315, "p50": 57.01874031931867, "p90": 75.47427906485883, "p95": 80.05391780099676, "p99": 90.34239651152117, "max": 96.66318347553985}, "TTFT": {"unit": "s", "min": 0.12319223885424435, "p50": 0.6305019649444148, "p90": 3.174129705666565, "p95": 3.538744998001494, "p99": 4.964023981641517, "max": 10.182131277862936}, "TPOT": {"unit": "ms", "min": 8.193015285893974, "p50": 12.851441555174452, "p90": 16.375146625825586, "p95": 17.471932830107725, "p99": 34.182914593127066, "max": 47.63158645558482}, "Input Tokens per Minute": {"unit": "tokens/min", "min": 1274056.3584491052, "p50": 1274056.3584491052, "p90": 1274056.3584491052, "p95": 1274056.3584491052, "p99": 1274056.3584491052, "max": 1274056.3584491052}, "Output Tokens per Minute": {"unit": "tokens/min", "min": 55412.281642622576, "p50": 55412.281642622576, "p90": 55412.281642622576, "p95": 55412.281642622576, "p99": 55412.281642622576, "max": 55412.281642622576}}
{"actual_qps": 5.146564628341379, "success_rate": 100.0, "input_tokens": 4207, "output_tokens": 181, "model": "meta-llama/Llama-3.1-8B-Instruct", "input_tokens_per_minute": 1224295.0898817729, "output_tokens_per_minute": 52730.29446305993, "slo_seconds": 5.0, "slo_attainment": 100.0, "ttft_slo_ms": 1000, "ttft_slo_attainment": 94.23728813559322, "tpot_slo_ms": 50, "tpot_slo_attainment": 100.0, "Latency": {"unit": "s", "min": 0.6056897300295532, "p50": 3.307625752175227, "p90": 4.050959982024506, "p95": 4.268284460273572, "p99": 4.520523383617402, "max": 4.694877109024674}, "Throughput": {"unit": "tokens/s", "min": 13.07491729936877, "p50": 57.217169579625775, "p90": 69.46435689386202, "p95": 75.8576744116071, "p99": 86.07029640335831, "max": 94.95690284199024}, "TTFT": {"unit": "s", "min": 0.11192856216803193, "p50": 0.5165835430379957, "p90": 0.8853643266949802, "p95": 1.0296999592334035, "p99": 1.1862671518092975, "max": 1.4475125479511917}, "TPOT": {"unit": "ms", "min": 2.2571460576727986, "p50": 14.24948016097348, "p90": 17.863069272754558, "p95": 19.250952557955483, "p99": 23.593646999547524, "max": 27.97339331325993}, "Input Tokens per Minute": {"unit": "tokens/min", "min": 1224295.0898817729, "p50": 1224295.0898817729, "p90": 1224295.0898817729, "p95": 1224295.0898817729, "p99": 1224295.0898817729, "max": 1224295.0898817729}, "Output Tokens per Minute": {"unit": "tokens/min", "min": 52730.29446305993, "p50": 52730.29446305993, "p90": 52730.29446305993, "p95": 52730.29446305993, "p99": 52730.29446305993, "max": 52730.29446305993}}
{"actual_qps": 5.150011019411933, "success_rate": 100.0, "input_tokens": 4284, "output_tokens": 176, "model": "meta-llama/Llama-3.1-8B-Instruct", "input_tokens_per_minute": 1335618.7651614493, "output_tokens_per_minute": 54972.35288863767, "slo_seconds": 5.0, "slo_attainment": 99.68354430379746, "ttft_slo_ms": 1000, "ttft_slo_attainment": 93.9873417721519, "tpot_slo_ms": 50, "tpot_slo_attainment": 100.0, "Latency": {"unit": "s", "min": 0.4313473179936409, "p50": 3.1845370120136067, "p90": 4.100420451024547, "p95": 4.327181140484754, "p99": 4.698526413587389, "max": 5.1495884789619595}, "Throughput": {"unit": "tokens/s", "min": 13.907690485545833, "p50": 59.27104793410415, "p90": 72.77244867391462, "p95": 77.93941539731495, "p99": 86.72140775957914, "max": 91.70589929536928}, "TTFT": {"unit": "s", "min": 0.09450044203549623, "p50": 0.5381574030034244, "p90": 0.9429265884682536, "p95": 1.0489044059067965, "p99": 1.4198716277023797, "max": 2.1164415369275957}, "TPOT": {"unit": "ms", "min": 4.140991881928023, "p50": 13.810782266275293, "p90": 17.59866566184997, "p95": 18.986808070585354, "p99": 21.4363065308943, "max": 25.426120080131415}, "Input Tokens per Minute": {"unit": "tokens/min", "min": 1335618.7651614493, "p50": 1335618.7651614493, "p90": 1335618.7651614493, "p95": 1335618.7651614493, "p99": 1335618.7651614493, "max": 1335618.7651614493}, "Output Tokens per Minute": {"unit": "tokens/min", "min": 54972.35288863767, "p50": 54972.35288863767, "p90": 54972.35288863767, "p95": 54972.35288863767, "p99": 54972.35288863767, "max": 54972.35288863767}}
{"actual_qps": 5.084292458189218, "success_rate": 100.0, "input_tokens": 4324, "output_tokens": 172, "model": "meta-llama/Llama-3.1-8B-Instruct", "input_tokens_per_minute": 1344688.7490588604, "output_tokens_per_minute": 53759.99637741971, "slo_seconds": 5.0, "slo_attainment": 99.68354430379746, "ttft_slo_ms": 1000, "ttft_slo_attainment": 94.30379746835443, "tpot_slo_ms": 50, "tpot_slo_attainment": 100.0, "Latency": {"unit": "s", "min": 0.3091488438658416, "p50": 3.179159951512702, "p90": 3.9233565345639363, "p95": 4.18436364835361, "p99": 4.480834701750428, "max": 5.6032854181248695}, "Throughput": {"unit": "tokens/s", "min": 14.306854750402799, "p50": 59.54539962698341, "p90": 75.13401298563204, "p95": 81.04016366103534, "p99": 87.62504395856452, "max": 106.0604844161305}, "TTFT": {"unit": "s", "min": 0.03329055802896619, "p50": 0.29906119604129344, "p90": 0.8254206355195493, "p95": 1.0093378206947818, "p99": 1.2074341970612308, "max": 1.6353393560275435}, "TPOT": {"unit": "ms", "min": 6.3043982701619035, "p50": 14.350959142822173, "p90": 17.963269389066, "p95": 19.29802511410376, "p99": 23.73615400755982, "max": 35.79789395039172}, "Input Tokens per Minute": {"unit": "tokens/min", "min": 1344688.7490588604, "p50": 1344688.7490588604, "p90": 1344688.7490588604, "p95": 1344688.7490588604, "p99": 1344688.7490588604, "max": 1344688.7490588604}, "Output Tokens per Minute": {"unit": "tokens/min", "min": 53759.99637741971, "p50": 53759.99637741971, "p90": 53759.99637741971, "p95": 53759.99637741971, "p99": 53759.99637741971, "max": 53759.99637741971}}
{"actual_qps": 5.033313783848428, "success_rate": 100.0, "input_tokens": 4224, "output_tokens": 172, "model": "meta-llama/Llama-3.1-8B-Instruct", "input_tokens_per_minute": 1268054.3569026133, "output_tokens_per_minute": 51908.00184716575, "slo_seconds": 5.0, "slo_attainment": 100.0, "ttft_slo_ms": 1000, "ttft_slo_attainment": 100.0, "tpot_slo_ms": 50, "tpot_slo_attainment": 100.0, "Latency": {"unit": "s", "min": 0.28382772696204484, "p50": 2.910284407902509, "p90": 3.7302416557911786, "p95": 3.9282681229058656, "p99": 4.510951765663917, "max": 4.849583612056449}, "Throughput": {"unit": "tokens/s", "min": 17.34928558666539, "p50": 64.78248093114719, "p90": 78.85628944425775, "p95": 84.79522121642626, "p99": 98.35946728079011, "max": 102.1518707276739}, "TTFT": {"unit": "s", "min": 0.03561088698916137, "p50": 0.17656880291178823, "p90": 0.24397582216188313, "p95": 0.2685302053112537, "p99": 0.4396355407778173, "max": 0.644686094019562}, "TPOT": {"unit": "ms", "min": 8.65382879030306, "p50": 14.580545703595007, "p90": 19.078766435955718, "p95": 20.999430868500873, "p99": 29.06384848009508, "max": 44.93628807055453}, "Input Tokens per Minute": {"unit": "tokens/min", "min": 1268054.3569026133, "p50": 1268054.3569026133, "p90": 1268054.3569026133, "p95": 1268054.3569026133, "p99": 1268054.3569026133, "max": 1268054.3569026133}, "Output Tokens per Minute": {"unit": "tokens/min", "min": 51908.00184716575, "p50": 51908.00184716575, "p90": 51908.00184716575, "p95": 51908.00184716575, "p99": 51908.00184716575, "max": 51908.00184716575}}
{"actual_qps": 5.327916559755245, "success_rate": 100.0, "input_tokens": 4285, "output_tokens": 170, "model": "meta-llama/Llama-3.1-8B-Instruct",