{"actual_qps": 5.414272362513631, "success_rate": 100.0, "input_tokens": 4118, "output_tokens": 172, "model": "meta-llama/Llama-3.1-8B-Instruct", "input_tokens_per_minute": 1260203.1858758584, "output_tokens_per_minute": 52640.635586215096, "slo_seconds": 5.0, "slo_attainment": 99.35064935064936, "ttft_slo_ms": 1000, "ttft_slo_attainment": 93.83116883116884, "tpot_slo_ms": 50, "tpot_slo_attainment": 100.0, "Latency": {"unit": "s", "min": 0.2929908649530262, "p50": 2.960568835027516, "p90": 3.8073679104214535, "p95": 3.951460309070535, "p99": 4.540451204048004, "max": 5.667886511888355}, "Throughput": {"unit": "tokens/s", "min": 12.879580395070187, "p50": 62.2851025938876, "p90": 75.86673802892294, "p95": 81.11053954196437, "p99": 91.66454157806514, "max": 98.88564676569614}, "TTFT": {"unit": "s", "min": 0.07965599303133786, "p50": 0.45923534594476223, "p90": 0.8527677903650334, "p95": 1.0958265328896228, "p99": 1.4308839580300272, "max": 4.497261396842077}, "TPOT": {"unit": "ms", "min": 5.66512739042873, "p50": 13.17139487156654, "p90": 16.53292043742456, "p95": 18.171122183337364, "p99": 23.160471851006157, "max": 37.30551228046608}, "Input Tokens per Minute": {"unit": "tokens/min", "min": 1260203.1858758584, "p50": 1260203.1858758584, "p90": 1260203.1858758584, "p95": 1260203.1858758584, "p99": 1260203.1858758584, "max": 1260203.1858758584}, "Output Tokens per Minute": {"unit": "tokens/min", "min": 52640.635586215096, "p50": 52640.635586215096, "p90": 52640.635586215096, "p95": 52640.635586215096, "p99": 52640.635586215096, "max": 52640.635586215096}}
{"actual_qps": 5.516197280661581, "success_rate": 100.0, "input_tokens": 3906, "output_tokens": 175, "model": "meta-llama/Llama-3.1-8B-Instruct", "input_tokens_per_minute": 1272877.550426491, "output_tokens_per_minute": 57164.78170344208, "slo_seconds": 5.0, "slo_attainment": 100.0, "ttft_slo_ms": 1000, "ttft_slo_attainment": 97.86585365853658, "tpot_slo_ms": 50, "tpot_slo_attainment": 100.0, "Latency": {"unit": "s", "min": 0.3912253410089761, "p50": 3.015040793456137, "p90": 3.9417350332951178, "p95": 4.106272503489163, "p99": 4.298614229436499, "max": 4.673876134911552}, "Throughput": {"unit": "tokens/s", "min": 15.727176776135309, "p50": 59.67063499928942, "p90": 75.0431966604213, "p95": 80.38227776535452, "p99": 89.79101714614687, "max": 105.00439854611847}, "TTFT": {"unit": "s", "min": 0.06438007415272295, "p50": 0.4315450155409053, "p90": 0.7836822019191458, "p95": 0.8822905826848, "p99": 1.062258572955616, "max": 1.2021101920399815}, "TPOT": {"unit": "ms", "min": 9.167338623173872, "p50": 13.82722993520715, "p90": 17.35759025893581, "p95": 18.378922900409627, "p99": 20.450136302875322, "max": 32.28776088422712}, "Input Tokens per Minute": {"unit": "tokens/min", "min": 1272877.550426491, "p50": 1272877.550426491, "p90": 1272877.550426491, "p95": 1272877.550426491, "p99": 1272877.550426491, "max": 1272877.550426491}, "Output Tokens per Minute": {"unit": "tokens/min", "min": 57164.78170344208, "p50": 57164.78170344208, "p90": 57164.78170344208, "p95": 57164.78170344208, "p99": 57164.78170344208, "max": 57164.78170344208}}
{"actual_qps": 5.509306111600904, "success_rate": 100.0, "input_tokens": 4039, "output_tokens": 175, "model": "meta-llama/Llama-3.1-8B-Instruct", "input_tokens_per_minute": 1327214.469791902, "output_tokens_per_minute": 57731.62522160076, "slo_seconds": 5.0, "slo_attainment": 99.40119760479041, "ttft_slo_ms": 1000, "ttft_slo_attainment": 96.7065868263473, "tpot_slo_ms": 50, "tpot_slo_attainment": 100.0, "Latency": {"unit": "s", "min": 0.38368591386824846, "p50": 3.16982668498531, "p90": 4.096448476123623, "p95": 4.244075593154411, "p99": 4.527162262101194, "max": 5.528876672964543}, "Throughput": {"unit": "tokens/s", "min": 15.294868005611239, "p50": 59.82643094787183, "p90": 73.7897787285251, "p95": 79.1392651881323, "p99": 85.45845804909055, "max": 96.283840401941}, "TTFT": {"unit": "s", "min": 0.08252161415293813, "p50": 0.4353898710105568, "p90": 0.7639618776971474, "p95": 0.8219131207675673, "p99": 1.1554943668399944, "max": 1.4172301799990237}, "TPOT": {"unit": "ms", "min": 7.04837001911882, "p50": 14.38169129625555, "p90": 17.918636948808043, "p95": 18.807584109947772, "p99": 21.428254866700485, "max": 35.10769864763407}, "Input Tokens per Minute": {"unit": "tokens/min", "min": 1327214.469791902, "p50": 1327214.469791902, "p90": 1327214.469791902, "p95": 1327214.469791902, "p99": 1327214.469791902, "max": 1327214.469791902}, "Output Tokens per Minute": {"unit": "tokens/min", "min": 57731.62522160076, "p50": 57731.62522160076, "p90": 57731.62522160076, "p95": 57731.62522160076, "p99": 57731.62522160076, "max": 57731.62522160076}}
{"actual_qps": 5.658233760422652, "success_rate": 100.0, "input_tokens": 4005, "output_tokens": 179, "model": "meta-llama/Llama-3.1-8B-Instruct", "input_tokens_per_minute": 1375166.0928607483, "output_tokens_per_minute": 61492.71044743117, "slo_seconds": 5.0, "slo_attainment": 100.0, "ttft_slo_ms": 1000, "ttft_slo_attainment": 98.8538681948424, "tpot_slo_ms": 50, "tpot_slo_attainment": 100.0, "Latency": {"unit": "s", "min": 0.3534998430404812, "p50": 2.9373228680342436, "p90": 3.7807034580037, "p95": 3.9918595433700825, "p99": 4.4076189491152755, "max": 4.685026060091332}, "Throughput": {"unit": "tokens/s", "min": 18.21878257779703, "p50": 62.55991580848643, "p90": 79.53863878042554, "p95": 83.31657066705534, "p99": 94.90488111223408, "max": 104.11936290822389}, "TTFT": {"unit": "s", "min": 0.039326719008386135, "p50": 0.32900148117914796, "p90": 0.6493768859189002, "p95": 0.7921458181459435, "p99": 1.0300659062154562, "max": 1.462126195197925}, "TPOT": {"unit": "ms", "min": 8.787621613865829, "p50": 13.8907851295217, "p90": 17.304625869705223, "p95": 18.512824868979912, "p99": 21.689965191833437, "max": 27.597666067745667}, "Input Tokens per Minute": {"unit": "tokens/min", "min": 1375166.0928607483, "p50": 1375166.0928607483, "p90": 1375166.0928607483, "p95": 1375166.0928607483, "p99": 1375166.0928607483, "max": 1375166.0928607483}, "Output Tokens per Minute": {"unit": "tokens/min", "min": 61492.71044743117, "p50": 61492.71044743117, "p90": 61492.71044743117, "p95": 61492.71044743117, "p99": 61492.71044743117, "max": 61492.71044743117}}
{"actual_qps": 5.816657141518998, "success_rate": 100.0, "input_tokens": 4123, "output_tokens": 172, "model": "meta-llama/Llama-3.1-8B-Instruct", "input_tokens_per_minute": 1423845.7313800564, "output_tokens_per_minute": 59685.46128189351, "slo_seconds": 5.0, "slo_attainment": 99.71509971509973, "ttft_slo_ms": 1000, "ttft_slo_attainment": 100.0, "tpot_slo_ms": 50, "tpot_slo_attainment": 100.0, "Latency": {"unit": "s", "min": 0.34133808105252683, "p50": 2.955705739092082, "p90": 3.7632453420665115, "p95": 4.009775188867934, "p99": 4.691989578073844, "max": 5.210600123042241}, "Throughput": {"unit": "tokens/s", "min": 20.410387369867205, "p50": 59.44933666888426, "p90": 76.17137203688192, "p95": 79.8614909984594, "p99": 87.08637421980276, "max": 93.4314160613731}, "TTFT": {"unit": "s", "min": 0.031335082137957215, "p50": 0.21142207295633852, "p90": 0.3785892080049962, "p95": 0.42664200346916914, "p99": 0.6261573770316318, "max": 0.7738646250218153}, "TPOT": {"unit": "ms", "min": 5.5636909982079965, "p50": 15.030089466266297, "p90": 18.72181877418978, "p95": 20.002479361706776, "p99": 28.24914847504195, "max": 32.99898622956659}, "Input Tokens per Minute": {"unit": "tokens/min", "min": 1423845.7313800564, "p50": 1423845.7313800564, "p90": 1423845.7313800564, "p95": 1423845.7313800564, "p99": 1423845.7313800564, "max": 1423845.7313800564}, "Output Tokens per Minute": {"unit": "tokens/min", "min": 59685.46128189351, "p50": 59685.46128189351, "p90": 59685.46128189351, "p95": 59685.46128189351, "p99": 59685.46128189351, "max": 59685.46128189351}}
{"actual_qps": 5.783323503897623, "success_rate": 100.0, "input_tokens": 3982, "output_tokens": 176, "model": "meta-llama/Llama-3.1-8B-Instruct",