{"target_qps": 5.0, "actual_qps": 4.997619403241001, "success_rate": 100.0, "input_tokens": 4056, "output_tokens": 181, "model": "meta-llama/Llama-3.1-8B-Instruct", "input_tokens_per_minute": 1217089.4736842106, "output_tokens_per_minute": 54523.15789473685, "slo_seconds": 5.0, "slo_attainment": 100.0, "ttft_slo_ms": 1000, "ttft_slo_attainment": 99.64912280701755, "tpot_slo_ms": 50, "tpot_slo_attainment": 100.0, "Latency": {"unit": "s", "min": 0.23260696092620492, "p50": 2.1007322231307626, "p90": 2.8380409486591813, "p95": 2.9795182211324573, "p99": 3.356177992457525, "max": 3.703269314020872}, "Throughput": {"unit": "tokens/s", "min": 45.14688129189292, "p50": 91.02753448815976, "p90": 109.53770368725469, "p95": 117.97484387889412, "p99": 126.64389466692757, "max": 127.80419667605145}, "TTFT": {"unit": "s", "min": 0.04241212084889412, "p50": 0.2224121429026127, "p90": 0.3123513285536319, "p95": 0.32833313820883636, "p99": 0.4997824620269241, "max": 1.1850475070532411}, "TPOT": {"unit": "ms", "min": 7.38689607130972, "p50": 9.744107724406087, "p90": 13.238249316075569, "p95": 13.858157174220839, "p99": 16.250074463049177, "max": 17.541320191874128}, "Input Tokens per Minute": {"unit": "tokens/min", "min": 1217089.4736842106, "p50": 1217089.4736842106, "p90": 1217089.4736842106, "p95": 1217089.4736842106, "p99": 1217089.4736842106, "max": 1217089.4736842106}, "Output Tokens per Minute": {"unit": "tokens/min", "min": 54523.15789473685, "p50": 54523.15789473685, "p90": 54523.15789473685, "p95": 54523.15789473685, "p99": 54523.15789473685, "max": 54523.15789473685}}
{"target_qps": 5.0, "actual_qps": 4.996061585171425, "success_rate": 100.0, "input_tokens": 4153, "output_tokens": 174, "model": "meta-llama/Llama-3.1-8B-Instruct", "input_tokens_per_minute": 1246030.7432432433, "output_tokens_per_minute": 52286.14864864865, "slo_seconds": 5.0, "slo_attainment": 93.58108108108108, "ttft_slo_ms": 1000, "ttft_slo_attainment": 99.66216216216216, "tpot_slo_ms": 50, "tpot_slo_attainment": 100.0, "Latency": {"unit": "s", "min": 0.37280198582448065, "p50": 3.722711175563745, "p90": 4.840604449505918, "p95": 5.1317999745951965, "p99": 5.79718168937834, "max": 5.969083856092766}, "Throughput": {"unit": "tokens/s", "min": 23.80533373166528, "p50": 50.284812266485346, "p90": 63.05748643062293, "p95": 67.68558201063945, "p99": 72.82916988457512, "max": 87.25308502926912}, "TTFT": {"unit": "s", "min": 0.04775780695490539, "p50": 0.27265896450262517, "p90": 0.44787652941886336, "p95": 0.6000321447500028, "p99": 0.8249507083441142, "max": 1.0820193800609559}, "TPOT": {"unit": "ms", "min": 7.557245765757911, "p50": 18.079724695955566, "p90": 23.358810220929286, "p95": 24.531988028016567, "p99": 28.262200517622034, "max": 35.92246703596579}, "Input Tokens per Minute": {"unit": "tokens/min", "min": 1246030.7432432433, "p50": 1246030.7432432433, "p90": 1246030.7432432433, "p95": 1246030.7432432433, "p99": 1246030.7432432433, "max": 1246030.7432432433}, "Output Tokens per Minute": {"unit": "tokens/min", "min": 52286.14864864865, "p50": 52286.14864864865, "p90": 52286.14864864865, "p95": 52286.14864864865, "p99": 52286.14864864865, "max": 52286.14864864865}}
{"target_qps": 5.0, "actual_qps": 4.998403182365944, "success_rate": 100.0, "input_tokens": 4100, "output_tokens": 179, "model": "meta-llama/Llama-3.1-8B-Instruct", "input_tokens_per_minute": 1233323.7660661498, "output_tokens_per_minute": 54037.40210521413, "slo_seconds": 5.0, "slo_attainment": 88.03986710963456, "ttft_slo_ms": 1000, "ttft_slo_attainment": 99.33554817275747, "tpot_slo_ms": 50, "tpot_slo_attainment": 100.0, "Latency": {"unit": "s", "min": 0.471009616041556, "p50": 3.8195934200193733, "p90": 5.174726081080735, "p95": 5.6999660700093955, "p99": 6.402901008026674, "max": 7.0927919410169125}, "Throughput": {"unit": "tokens/s", "min": 18.611853430451525, "p50": 49.81516927148389, "p90": 60.49488812331059, "p95": 64.27486441794937, "p99": 75.67871486628633, "max": 85.64434158867768}, "TTFT": {"unit": "s", "min": 0.05093399900943041, "p50": 0.2733263559639454, "p90": 0.49131880002096295, "p95": 0.6514756691176444, "p99": 0.889504763064906, "max": 1.1485413769260049}, "TPOT": {"unit": "ms", "min": 10.121450316039237, "p50": 18.450246235805015, "p90": 24.220505160696092, "p95": 27.42028395041599, "p99": 30.64754413646744, "max": 32.804573316304904}, "Input Tokens per Minute": {"unit": "tokens/min", "min": 1233323.7660661498, "p50": 1233323.7660661498, "p90": 1233323.7660661498, "p95": 1233323.7660661498, "p99": 1233323.7660661498, "max": 1233323.7660661498}, "Output Tokens per Minute": {"unit": "tokens/min", "min": 54037.40210521413, "p50": 54037.40210521413, "p90": 54037.40210521413, "p95": 54037.40210521413, "p99": 54037.40210521413, "max": 54037.40210521413}}
{"target_qps": 5.0, "actual_qps": 4.999941956595832, "success_rate": 100.0, "input_tokens": 3966, "output_tokens": 177, "model": "meta-llama/Llama-3.1-8B-Instruct", "input_tokens_per_minute": 1192840.6790415058, "output_tokens_per_minute": 53482.839269260105, "slo_seconds": 5.0, "slo_attainment": 94.6843853820598, "ttft_slo_ms": 1000, "ttft_slo_attainment": 100.0, "tpot_slo_ms": 50, "tpot_slo_attainment": 100.0, "Latency": {"unit": "s", "min": 0.24788542394526303, "p50": 3.711214437149465, "p90": 4.629686665022746, "p95": 5.027663514018059, "p99": 5.4260258208960295, "max": 5.516429436858743}, "Throughput": {"unit": "tokens/s", "min": 30.587521568527347, "p50": 51.08942378480538, "p90": 62.30775040661074, "p95": 67.82561847742201, "p99": 75.39835344016855, "max": 86.00632273437509}, "TTFT": {"unit": "s", "min": 0.06393414502963424, "p50": 0.2540133069269359, "p90": 0.4089140829164535, "p95": 0.505915991961956, "p99": 0.7828180880751461, "max": 0.9357810569927096}, "TPOT": {"unit": "ms", "min": 10.433321353048086, "p50": 18.001111899385577, "p90": 22.45421309595057, "p95": 24.091531778802747, "p99": 25.5423702355755, "max": 25.936971115528713}, "Input Tokens per Minute": {"unit": "tokens/min", "min": 1192840.6790415058, "p50": 1192840.6790415058, "p90": 1192840.6790415058, "p95": 1192840.6790415058, "p99": 1192840.6790415058, "max": 1192840.6790415058}, "Output Tokens per Minute": {"unit": "tokens/min", "min": 53482.839269260105, "p50": 53482.839269260105, "p90": 53482.839269260105, "p95": 53482.839269260105, "p99": 53482.839269260105, "max": 53482.839269260105}}
{"target_qps": 5.0, "actual_qps": 4.999907115065617, "success_rate": 100.0, "input_tokens": 4074, "output_tokens": 172, "model": "meta-llama/Llama-3.1-8B-Instruct", "input_tokens_per_minute": 1225602.852492426, "output_tokens_per_minute": 51746.20826225452, "slo_seconds": 5.0, "slo_attainment": 87.37541528239203, "ttft_slo_ms": 1000, "ttft_slo_attainment": 99.66777408637874, "tpot_slo_ms": 50, "tpot_slo_attainment": 100.0, "Latency": {"unit": "s", "min": 0.23737642099149525, "p50": 3.950965929077938, "p90": 5.125825810013339, "p95": 5.480023592012003, "p99": 6.227671070955694, "max": 6.683545335195959}, "Throughput": {"unit": "tokens/s", "min": 26.2061498417398, "p50": 47.117161515248505, "p90": 63.39415853762305, "p95": 68.49657039637646, "p99": 74.42748354659902, "max": 87.44753788493047}, "TTFT": {"unit": "s", "min": 0.038875445956364274, "p50": 0.19241911498829722, "p90": 0.263815751997754, "p95": 0.5554993459954858, "p99": 0.8238124758936465, "max": 1.3567532480228692}, "TPOT": {"unit": "ms", "min": 9.871004478492098, "p50": 19.879712418399073, "p90": 25.59049508076102, "p95": 27.0192322260396, "p99": 30.87210184612283, "max": 31.385940074892574}, "Input Tokens per Minute": {"unit": "tokens/min", "min": 1225602.852492426, "p50": 1225602.852492426, "p90": 1225602.852492426, "p95": 1225602.852492426, "p99": 1225602.852492426, "max": 1225602.852492426}, "Output Tokens per Minute": {"unit": "tokens/min", "min": 51746.20826225452, "p50": 51746.20826225452, "p90": 51746.20826225452, "p95": 51746.20826225452, "p99": 51746.20826225452, "max": 51746.20826225452}}
{"target_qps": 5.0,