{"target_qps": 5.0, "actual_qps": 4.995607564994043, "success_rate": 100.0, "input_tokens": 4050, "output_tokens": 179, "model": "meta-llama/Llama-3.1-8B-Instruct", "input_tokens_per_minute": 1215053.1914893617, "output_tokens_per_minute": 53864.89361702128, "slo_seconds": 5.0, "slo_attainment": 97.16312056737588, "ttft_slo_ms": 1000, "ttft_slo_attainment": 98.93617021276596, "tpot_slo_ms": 50, "tpot_slo_attainment": 100.0, "Latency": {"unit": "s", "min": 0.35506440699100494, "p50": 3.284418130060658, "p90": 4.651898307027295, "p95": 4.831417235429399, "p99": 5.598910775876138, "max": 6.301850470947102}, "Throughput": {"unit": "tokens/s", "min": 18.70182387497088, "p50": 56.17160470154248, "p90": 77.44963046594056, "p95": 82.71732649456933, "p99": 90.99817217993014, "max": 102.82300497650735}, "TTFT": {"unit": "s", "min": 0.04142005695030093, "p50": 0.2341310870833695, "p90": 0.5076849445002154, "p95": 0.6753134717000648, "p99": 0.9759135349187998, "max": 2.725864212960005}, "TPOT": {"unit": "ms", "min": 6.780104622954414, "p50": 15.915936096009784, "p90": 21.96678476859745, "p95": 22.97464269039081, "p99": 27.993241698083114, "max": 36.77990181313362}, "Input Tokens per Minute": {"unit": "tokens/min", "min": 1215053.1914893617, "p50": 1215053.1914893617, "p90": 1215053.1914893617, "p95": 1215053.1914893617, "p99": 1215053.1914893617, "max": 1215053.1914893617}, "Output Tokens per Minute": {"unit": "tokens/min", "min": 53864.89361702128, "p50": 53864.89361702128, "p90": 53864.89361702128, "p95": 53864.89361702128, "p99": 53864.89361702128, "max": 53864.89361702128}}
{"target_qps": 5.0, "actual_qps": 4.997158867911867, "success_rate": 100.0, "input_tokens": 4149, "output_tokens": 179, "model": "meta-llama/Llama-3.1-8B-Instruct", "input_tokens_per_minute": 1244959.8662207357, "output_tokens_per_minute": 53763.21070234114, "slo_seconds": 5.0, "slo_attainment": 88.96321070234113, "ttft_slo_ms": 1000, "ttft_slo_attainment": 98.99665551839465, "tpot_slo_ms": 50, "tpot_slo_attainment": 99.66555183946488, "Latency": {"unit": "s", "min": 0.36751284589990973, "p50": 3.851288961013779, "p90": 5.082917447667569, "p95": 5.618613158562217, "p99": 6.4820783810690035, "max": 6.763301905011758}, "Throughput": {"unit": "tokens/s", "min": 10.751786545253333, "p50": 49.491791313222265, "p90": 61.004153077289736, "p95": 64.39685629302487, "p99": 69.7353121555158, "max": 77.53395929219785}, "TTFT": {"unit": "s", "min": 0.06159896799363196, "p50": 0.25434876210056245, "p90": 0.4227623528335243, "p95": 0.5247991735115645, "p99": 0.8191658839303966, "max": 1.2045184101443738}, "TPOT": {"unit": "ms", "min": 11.818239441269943, "p50": 18.69334806056328, "p90": 24.951341074127487, "p95": 28.35391166423395, "p99": 32.90601678141231, "max": 53.38861782322912}, "Input Tokens per Minute": {"unit": "tokens/min", "min": 1244959.8662207357, "p50": 1244959.8662207357, "p90": 1244959.8662207357, "p95": 1244959.8662207357, "p99": 1244959.8662207357, "max": 1244959.8662207357}, "Output Tokens per Minute": {"unit": "tokens/min", "min": 53763.21070234114, "p50": 53763.21070234114, "p90": 53763.21070234114, "p95": 53763.21070234114, "p99": 53763.21070234114, "max": 53763.21070234114}}
{"target_qps": 5.0, "actual_qps": 4.996817259584965, "success_rate": 100.0, "input_tokens": 4108, "output_tokens": 182, "model": "meta-llama/Llama-3.1-8B-Instruct", "input_tokens_per_minute": 1232491.0, "output_tokens_per_minute": 54695.0, "slo_seconds": 5.0, "slo_attainment": 90.66666666666666, "ttft_slo_ms": 1000, "ttft_slo_attainment": 100.0, "tpot_slo_ms": 50, "tpot_slo_attainment": 100.0, "Latency": {"unit": "s", "min": 0.34250424383208156, "p50": 3.8426719094859436, "p90": 4.948755224025809, "p95": 5.311869103915525, "p99": 5.707817668840288, "max": 5.918567831860855}, "Throughput": {"unit": "tokens/s", "min": 20.820200599104744, "p50": 49.49281755547484, "p90": 60.40934842915223, "p95": 63.64925239319639, "p99": 73.58552269810362, "max": 82.62555613482593}, "TTFT": {"unit": "s", "min": 0.049518213141709566, "p50": 0.25957734195981175, "p90": 0.41427803705446425, "p95": 0.5460876727942384, "p99": 0.7878526880033306, "max": 0.9441669888328761}, "TPOT": {"unit": "ms", "min": 9.410231451814374, "p50": 18.67208518373591, "p90": 23.86060447626114, "p95": 25.46018528548448, "p99": 27.6893654346569, "max": 28.068235160399173}, "Input Tokens per Minute": {"unit": "tokens/min", "min": 1232491.0, "p50": 1232491.0, "p90": 1232491.0, "p95": 1232491.0, "p99": 1232491.0, "max": 1232491.0}, "Output Tokens per Minute": {"unit": "tokens/min", "min": 54695.0, "p50": 54695.0, "p90": 54695.0, "p95": 54695.0, "p99": 54695.0, "max": 54695.0}}
{"target_qps": 5.0, "actual_qps": 4.999938295441047, "success_rate": 100.0, "input_tokens": 3966, "output_tokens": 177, "model": "meta-llama/Llama-3.1-8B-Instruct", "input_tokens_per_minute": 1189880.0, "output_tokens_per_minute": 53257.0, "slo_seconds": 5.0, "slo_attainment": 93.33333333333333, "ttft_slo_ms": 1000, "ttft_slo_attainment": 100.0, "tpot_slo_ms": 50, "tpot_slo_attainment": 100.0, "Latency": {"unit": "s", "min": 0.32955562812276185, "p50": 3.5522557710064575, "p90": 4.7858809263678275, "p95": 5.317092379298993, "p99": 5.675366747758813, "max": 6.711861141957343}, "Throughput": {"unit": "tokens/s", "min": 13.149356776652045, "p50": 53.058114850832936, "p90": 66.16546747923009, "p95": 71.37611468662278, "p99": 79.1035322654094, "max": 84.26119368581978}, "TTFT": {"unit": "s", "min": 0.05458350689150393, "p50": 0.25161437841597944, "p90": 0.4161373725859449, "p95": 0.5324304361594843, "p99": 0.903710770450998, "max": 0.9668635169509798}, "TPOT": {"unit": "ms", "min": 9.637783657616147, "p50": 17.20333126158308, "p90": 23.731848221165762, "p95": 26.19228370829331, "p99": 32.00092538573139, "max": 40.37570923238116}, "Input Tokens per Minute": {"unit": "tokens/min", "min": 1189880.0, "p50": 1189880.0, "p90": 1189880.0, "p95": 1189880.0, "p99": 1189880.0, "max": 1189880.0}, "Output Tokens per Minute": {"unit": "tokens/min", "min": 53257.0, "p50": 53257.0, "p90": 53257.0, "p95": 53257.0, "p99": 53257.0, "max": 53257.0}}
{"target_qps": 5.0, "actual_qps": 4.999891138444658, "success_rate": 100.0, "input_tokens": 4093, "output_tokens": 172, "model": "meta-llama/Llama-3.1-8B-Instruct", "input_tokens_per_minute": 1228183.8383838383, "output_tokens_per_minute": 51611.11111111111, "slo_seconds": 5.0, "slo_attainment": 86.19528619528619, "ttft_slo_ms": 1000, "ttft_slo_attainment": 99.66329966329967, "tpot_slo_ms": 50, "tpot_slo_attainment": 99.66329966329967, "Latency": {"unit": "s", "min": 0.3656525011174381, "p50": 3.529977620113641, "p90": 5.123124502738939, "p95": 5.985571496700867, "p99": 7.204210356976841, "max": 7.780410688137636}, "Throughput": {"unit": "tokens/s", "min": 12.027248773306514, "p50": 49.22706653172562, "p90": 71.21880979689305, "p95": 76.99979327062803, "p99": 84.39972601354258, "max": 85.87012956157511}, "TTFT": {"unit": "s", "min": 0.02843498601578176, "p50": 0.15995130105875432, "p90": 0.29910858399234713, "p95": 0.36409298307262344, "p99": 0.725580147793517, "max": 1.1148382949177176}, "TPOT": {"unit": "ms", "min": 10.693869575893936, "p50": 19.334764804822115, "p90": 26.681732267342383, "p95": 30.45230149951653, "p99": 33.823412849319816, "max": 64.27587199654869}, "Input Tokens per Minute": {"unit": "tokens/min", "min": 1228183.8383838383, "p50": 1228183.8383838383, "p90": 1228183.8383838383, "p95": 1228183.8383838383, "p99": 1228183.8383838383, "max": 1228183.8383838383}, "Output Tokens per Minute": {"unit": "tokens/min", "min": 51611.11111111111, "p50": 51611.11111111111, "p90": 51611.11111111111, "p95": 51611.11111111111, "p99": 51611.11111111111, "max": 51611.11111111111}}
{"target_qps": 5.0, "actual_qps": 4.999939856648882, "success_rate": 100.0, "input_tokens": 4223, "output_tokens": 177, "model": "meta-llama/Llama-3.1-8B-Instruct", "input_tokens_per_minute": 1266922.0, "output_tokens_per_minute": 53302.0, "slo_seconds": 5.0,