{"target_qps": 5.0, "actual_qps": 4.996782152574774, "success_rate": 100.0, "input_tokens": 4054, "output_tokens": 182, "model": "meta-llama/Llama-3.1-8B-Instruct", "input_tokens_per_minute": 1216398.936170213, "output_tokens_per_minute": 54725.53191489362, "slo_seconds": 5.0, "slo_attainment": 99.64539007092199, "ttft_slo_ms": 1000, "ttft_slo_attainment": 99.64539007092199, "tpot_slo_ms": 50, "tpot_slo_attainment": 100.0, "Latency": {"unit": "s", "min": 0.29563917499035597, "p50": 2.4732083650305867, "p90": 3.7931008801562713, "p95": 4.077534709626343, "p99": 4.7993904194352215, "max": 5.361487766029313}, "Throughput": {"unit": "tokens/s", "min": 29.33579802358955, "p50": 75.21379567501833, "p90": 94.9388493751996, "p95": 100.41499968092108, "p99": 110.25033433804995, "max": 117.46141948112383}, "TTFT": {"unit": "s", "min": 0.03849562304094434, "p50": 0.19653110054787248, "p90": 0.35919963286723944, "p95": 0.4297895183321088, "p99": 0.7268908817949702, "max": 2.2500921699684113}, "TPOT": {"unit": "ms", "min": 3.5974284195724655, "p50": 11.855187280396887, "p90": 18.262200124313743, "p95": 19.50918948944733, "p99": 22.7614891924527, "max": 25.01097504966822}, "Input Tokens per Minute": {"unit": "tokens/min", "min": 1216398.936170213, "p50": 1216398.936170213, "p90": 1216398.936170213, "p95": 1216398.936170213, "p99": 1216398.936170213, "max": 1216398.936170213}, "Output Tokens per Minute": {"unit": "tokens/min", "min": 54725.53191489362, "p50": 54725.53191489362, "p90": 54725.53191489362, "p95": 54725.53191489362, "p99": 54725.53191489362, "max": 54725.53191489362}}
{"target_qps": 5.0, "actual_qps": 4.999298762694311, "success_rate": 100.0, "input_tokens": 4146, "output_tokens": 176, "model": "meta-llama/Llama-3.1-8B-Instruct", "input_tokens_per_minute": 1251456.0823895182, "output_tokens_per_minute": 53286.684231487896, "slo_seconds": 5.0, "slo_attainment": 91.3907284768212, "ttft_slo_ms": 1000, "ttft_slo_attainment": 99.66887417218543, "tpot_slo_ms": 50, "tpot_slo_attainment": 100.0, "Latency": {"unit": "s", "min": 0.408924964023754, "p50": 3.9361040885560215, "p90": 4.938959540543147, "p95": 5.27441422418924, "p99": 6.10516914953245, "max": 6.320177946006879}, "Throughput": {"unit": "tokens/s", "min": 17.368716810257578, "p50": 48.48714096555399, "p90": 59.87229855524776, "p95": 63.88533032309092, "p99": 71.18736530491664, "max": 74.99491075771353}, "TTFT": {"unit": "s", "min": 0.04256205796264112, "p50": 0.2464608009904623, "p90": 0.39876587095204774, "p95": 0.5443599011283367, "p99": 0.7928699379763573, "max": 1.1525672178249806}, "TPOT": {"unit": "ms", "min": 9.28199806195848, "p50": 18.966540060095003, "p90": 24.178583275915205, "p95": 27.574361782420382, "p99": 31.724990231869022, "max": 43.17544287952938}, "Input Tokens per Minute": {"unit": "tokens/min", "min": 1251456.0823895182, "p50": 1251456.0823895182, "p90": 1251456.0823895182, "p95": 1251456.0823895182, "p99": 1251456.0823895182, "max": 1251456.0823895182}, "Output Tokens per Minute": {"unit": "tokens/min", "min": 53286.684231487896, "p50": 53286.684231487896, "p90": 53286.684231487896, "p95": 53286.684231487896, "p99": 53286.684231487896, "max": 53286.684231487896}}
{"target_qps": 5.0, "actual_qps": 4.9964710475454455, "success_rate": 100.0, "input_tokens": 4075, "output_tokens": 176, "model": "meta-llama/Llama-3.1-8B-Instruct", "input_tokens_per_minute": 1222715.8783783785, "output_tokens_per_minute": 52970.270270270266, "slo_seconds": 5.0, "slo_attainment": 95.94594594594594, "ttft_slo_ms": 1000, "ttft_slo_attainment": 98.98648648648648, "tpot_slo_ms": 50, "tpot_slo_attainment": 100.0, "Latency": {"unit": "s", "min": 0.3852702940348536, "p50": 3.629899849067442, "p90": 4.603366428986192, "p95": 4.904407906753477, "p99": 5.580479362420737, "max": 5.812480944907293}, "Throughput": {"unit": "tokens/s", "min": 22.704442055226448, "p50": 52.276004214822386, "p90": 63.7670572850223, "p95": 67.05067398558651, "p99": 72.92684591121872, "max": 77.28394302902905}, "TTFT": {"unit": "s", "min": 0.04903284413740039, "p50": 0.24094765144400299, "p90": 0.4319492500508204, "p95": 0.5773355832207017, "p99": 0.9904286611592399, "max": 1.4019045361783355}, "TPOT": {"unit": "ms", "min": 7.379801053663387, "p50": 17.79673944739859, "p90": 22.776533484496362, "p95": 24.8100735915792, "p99": 30.054435768603323, "max": 31.763330911812577}, "Input Tokens per Minute": {"unit": "tokens/min", "min": 1222715.8783783785, "p50": 1222715.8783783785, "p90": 1222715.8783783785, "p95": 1222715.8783783785, "p99": 1222715.8783783785, "max": 1222715.8783783785}, "Output Tokens per Minute": {"unit": "tokens/min", "min": 52970.270270270266, "p50": 52970.270270270266, "p90": 52970.270270270266, "p95": 52970.270270270266, "p99": 52970.270270270266, "max": 52970.270270270266}}
{"target_qps": 5.0, "actual_qps": 4.999909434730416, "success_rate": 100.0, "input_tokens": 3984, "output_tokens": 181, "model": "meta-llama/Llama-3.1-8B-Instruct", "input_tokens_per_minute": 1198480.5264079075, "output_tokens_per_minute": 54699.366440108526, "slo_seconds": 5.0, "slo_attainment": 96.01328903654485, "ttft_slo_ms": 1000, "ttft_slo_attainment": 98.67109634551495, "tpot_slo_ms": 50, "tpot_slo_attainment": 100.0, "Latency": {"unit": "s", "min": 0.27715758001431823, "p50": 3.621287312824279, "p90": 4.516807303996757, "p95": 4.83307139785029, "p99": 5.381872861878946, "max": 7.104320830898359}, "Throughput": {"unit": "tokens/s", "min": 22.78684081278201, "p50": 52.90214772061369, "p90": 65.71695683897008, "p95": 70.06275991061808, "p99": 78.83004663657319, "max": 83.77450492561482}, "TTFT": {"unit": "s", "min": 0.04248539498075843, "p50": 0.20779003202915192, "p90": 0.38879702193662524, "p95": 0.48397682700306177, "p99": 1.061274706851691, "max": 1.2055296970065683}, "TPOT": {"unit": "ms", "min": 7.9947590608807175, "p50": 17.643394482195674, "p90": 22.3386354625094, "p95": 23.320157718844712, "p99": 27.05745053632806, "max": 32.1713590528816}, "Input Tokens per Minute": {"unit": "tokens/min", "min": 1198480.5264079075, "p50": 1198480.5264079075, "p90": 1198480.5264079075, "p95": 1198480.5264079075, "p99": 1198480.5264079075, "max": 1198480.5264079075}, "Output Tokens per Minute": {"unit": "tokens/min", "min": 54699.366440108526, "p50": 54699.366440108526, "p90": 54699.366440108526, "p95": 54699.366440108526, "p99": 54699.366440108526, "max": 54699.366440108526}}
{"target_qps": 5.0, "actual_qps": 4.999911536805419, "success_rate": 100.0, "input_tokens": 4090, "output_tokens": 174, "model": "meta-llama/Llama-3.1-8B-Instruct", "input_tokens_per_minute": 1227046.3087248323, "output_tokens_per_minute": 52382.214765100674, "slo_seconds": 5.0, "slo_attainment": 91.61073825503355, "ttft_slo_ms": 1000, "ttft_slo_attainment": 99.66442953020133, "tpot_slo_ms": 50, "tpot_slo_attainment": 99.66442953020133, "Latency": {"unit": "s", "min": 0.18580358615145087, "p50": 3.6600813920376822, "p90": 4.704739941563458, "p95": 5.195902497600764, "p99": 5.674096971491816, "max": 6.4284849220421165}, "Throughput": {"unit": "tokens/s", "min": 17.43094666938954, "p50": 51.41619245928714, "p90": 67.8658379772487, "p95": 72.23116970961902, "p99": 79.04317857105033, "max": 83.41837565968156}, "TTFT": {"unit": "s", "min": 0.03121634805575013, "p50": 0.11717015306930989, "p90": 0.25561074214056134, "p95": 0.3773174483329045, "p99": 0.6537712328508491, "max": 1.4257876242045313}, "TPOT": {"unit": "ms", "min": 10.962895999130394, "p50": 18.584713241525332, "p90": 24.31348327970853, "p95": 26.579801583353735, "p99": 36.54305895984477, "max": 50.32235265389318}, "Input Tokens per Minute": {"unit": "tokens/min", "min": 1227046.3087248323, "p50": 1227046.3087248323, "p90": 1227046.3087248323, "p95": 1227046.3087248323, "p99": 1227046.3087248323, "max": 1227046.3087248323}, "Output Tokens per Minute": {"unit": "tokens/min", "min": 52382.214765100674, "p50": 52382.214765100674, "p90": 52382.214765100674, "p95": 52382.214765100674, "p99": 52382.214765100674,