{"target_qps": 5.0, "actual_qps": 4.998306325649034, "success_rate": 100.0, "input_tokens": 4050, "output_tokens": 176, "model": "meta-llama/Llama-3.1-8B-Instruct", "input_tokens_per_minute": 1215256.5371024734, "output_tokens_per_minute": 52880.565371024735, "slo_seconds": 5.0, "slo_attainment": 100.0, "ttft_slo_ms": 1000, "ttft_slo_attainment": 99.64664310954063, "tpot_slo_ms": 50, "tpot_slo_attainment": 100.0, "Latency": {"unit": "s", "min": 0.2935315251816064, "p50": 2.1919036358594894, "p90": 3.0264634447172285, "p95": 3.2860788256395606, "p99": 3.930976934046485, "max": 4.119895349955186}, "Throughput": {"unit": "tokens/s", "min": 13.526554687179631, "p50": 81.14671572278108, "p90": 104.86253727358333, "p95": 111.65643997445837, "p99": 119.51275244408201, "max": 122.84399144170199}, "TTFT": {"unit": "s", "min": 0.04574394295923412, "p50": 0.17118011182174087, "p90": 0.28246559835970403, "p95": 0.31936461769510055, "p99": 0.5265309113543487, "max": 1.1004494060762227}, "TPOT": {"unit": "ms", "min": 7.505259100491037, "p50": 10.838041855022311, "p90": 14.644229440158934, "p95": 16.32676128114043, "p99": 19.411521983712014, "max": 21.227498826406457}, "Input Tokens per Minute": {"unit": "tokens/min", "min": 1215256.5371024734, "p50": 1215256.5371024734, "p90": 1215256.5371024734, "p95": 1215256.5371024734, "p99": 1215256.5371024734, "max": 1215256.5371024734}, "Output Tokens per Minute": {"unit": "tokens/min", "min": 52880.565371024735, "p50": 52880.565371024735, "p90": 52880.565371024735, "p95": 52880.565371024735, "p99": 52880.565371024735, "max": 52880.565371024735}}
{"target_qps": 5.0, "actual_qps": 4.99975193779543, "success_rate": 100.0, "input_tokens": 4149, "output_tokens": 177, "model": "meta-llama/Llama-3.1-8B-Instruct", "input_tokens_per_minute": 1244743.288590604, "output_tokens_per_minute": 53347.651006711414, "slo_seconds": 5.0, "slo_attainment": 90.60402684563759, "ttft_slo_ms": 1000, "ttft_slo_attainment": 99.32885906040269, "tpot_slo_ms": 50, "tpot_slo_attainment": 100.0, "Latency": {"unit": "s", "min": 0.39961829618550837, "p50": 3.8590203538769856, "p90": 4.990619706385769, "p95": 5.366910903353706, "p99": 5.819723102459673, "max": 7.250149268191308}, "Throughput": {"unit": "tokens/s", "min": 17.12242935999807, "p50": 49.19924537091694, "p90": 61.18367927933734, "p95": 63.944810054480165, "p99": 73.46370387986481, "max": 77.2588397110712}, "TTFT": {"unit": "s", "min": 0.04222624795511365, "p50": 0.25859491247683764, "p90": 0.41609766928013414, "p95": 0.5874506717198528, "p99": 0.9558819848392158, "max": 1.1763162650167942}, "TPOT": {"unit": "ms", "min": 10.363367793615907, "p50": 18.639691387555892, "p90": 24.82234286266845, "p95": 26.74946960537979, "p99": 32.68155388447093, "max": 39.66814274780261}, "Input Tokens per Minute": {"unit": "tokens/min", "min": 1244743.288590604, "p50": 1244743.288590604, "p90": 1244743.288590604, "p95": 1244743.288590604, "p99": 1244743.288590604, "max": 1244743.288590604}, "Output Tokens per Minute": {"unit": "tokens/min", "min": 53347.651006711414, "p50": 53347.651006711414, "p90": 53347.651006711414, "p95": 53347.651006711414, "p99": 53347.651006711414, "max": 53347.651006711414}}
{"target_qps": 5.0, "actual_qps": 4.999936606064165, "success_rate": 100.0, "input_tokens": 4094, "output_tokens": 177, "model": "meta-llama/Llama-3.1-8B-Instruct", "input_tokens_per_minute": 1240297.7255493237, "output_tokens_per_minute": 53758.783854885616, "slo_seconds": 5.0, "slo_attainment": 92.73927392739274, "ttft_slo_ms": 1000, "ttft_slo_attainment": 99.66996699669967, "tpot_slo_ms": 50, "tpot_slo_attainment": 100.0, "Latency": {"unit": "s", "min": 0.39068393409252167, "p50": 3.7720915409736335, "p90": 4.8547856992576275, "p95": 5.167401562747545, "p99": 5.953167903809809, "max": 6.102814630139619}, "Throughput": {"unit": "tokens/s", "min": 18.5847891869696, "p50": 50.24452154629295, "p90": 62.59689662317062, "p95": 65.92682024471104, "p99": 71.58083241069403, "max": 75.15514015531015}, "TTFT": {"unit": "s", "min": 0.05251655192114413, "p50": 0.24483923916704953, "p90": 0.44756328589282934, "p95": 0.5706912074936547, "p99": 0.8920921317860488, "max": 1.047717765904963}, "TPOT": {"unit": "ms", "min": 11.491400671306334, "p50": 18.426798628034753, "p90": 23.149968230694384, "p95": 24.898156124382428, "p99": 28.803101446381284, "max": 44.24646803959002}, "Input Tokens per Minute": {"unit": "tokens/min", "min": 1240297.7255493237, "p50": 1240297.7255493237, "p90": 1240297.7255493237, "p95": 1240297.7255493237, "p99": 1240297.7255493237, "max": 1240297.7255493237}, "Output Tokens per Minute": {"unit": "tokens/min", "min": 53758.783854885616, "p50": 53758.783854885616, "p90": 53758.783854885616, "p95": 53758.783854885616, "p99": 53758.783854885616, "max": 53758.783854885616}}
{"target_qps": 5.0, "actual_qps": 4.996784012513862, "success_rate": 100.0, "input_tokens": 3957, "output_tokens": 180, "model": "meta-llama/Llama-3.1-8B-Instruct", "input_tokens_per_minute": 1187160.0, "output_tokens_per_minute": 54040.6779661017, "slo_seconds": 5.0, "slo_attainment": 97.96610169491525, "ttft_slo_ms": 1000, "ttft_slo_attainment": 100.0, "tpot_slo_ms": 50, "tpot_slo_attainment": 100.0, "Latency": {"unit": "s", "min": 0.3539784080348909, "p50": 3.6393984828609973, "p90": 4.415218713507056, "p95": 4.6325778747908775, "p99": 5.123528266707435, "max": 5.896367045119405}, "Throughput": {"unit": "tokens/s", "min": 26.560969629028268, "p50": 52.575725209854255, "p90": 67.72845129161004, "p95": 71.824505038801, "p99": 77.0654741274727, "max": 79.87862749062673}, "TTFT": {"unit": "s", "min": 0.061277235159650445, "p50": 0.22649827785789967, "p90": 0.41331580919213595, "p95": 0.47778065172024076, "p99": 0.6782056397758425, "max": 0.8419581609778106}, "TPOT": {"unit": "ms", "min": 8.520270587484303, "p50": 17.537388924846248, "p90": 21.02251384739563, "p95": 22.34078760752595, "p99": 26.9505484860587, "max": 30.13677941635251}, "Input Tokens per Minute": {"unit": "tokens/min", "min": 1187160.0, "p50": 1187160.0, "p90": 1187160.0, "p95": 1187160.0, "p99": 1187160.0, "max": 1187160.0}, "Output Tokens per Minute": {"unit": "tokens/min", "min": 54040.6779661017, "p50": 54040.6779661017, "p90": 54040.6779661017, "p95": 54040.6779661017, "p99": 54040.6779661017, "max": 54040.6779661017}}
{"target_qps": 5.0, "actual_qps": 4.9999721009909655, "success_rate": 100.0, "input_tokens": 4114, "output_tokens": 173, "model": "meta-llama/Llama-3.1-8B-Instruct", "input_tokens_per_minute": 1258169.2278581378, "output_tokens_per_minute": 53132.8031186649, "slo_seconds": 5.0, "slo_attainment": 96.40522875816994, "ttft_slo_ms": 1000, "ttft_slo_attainment": 99.34640522875817, "tpot_slo_ms": 50, "tpot_slo_attainment": 100.0, "Latency": {"unit": "s", "min": 0.3498941380530596, "p50": 3.5570230605080724, "p90": 4.573998507577926, "p95": 4.759124752075877, "p99": 5.503171736758667, "max": 6.801645904779434}, "Throughput": {"unit": "tokens/s", "min": 24.58679447629095, "p50": 52.25291539756401, "p90": 65.99939733737293, "p95": 71.0544546598889, "p99": 77.38264472379286, "max": 98.13772942290234}, "TTFT": {"unit": "s", "min": 0.03130138083361089, "p50": 0.19454006012529135, "p90": 0.29525208356790245, "p95": 0.42921324691269547, "p99": 0.8173053115257062, "max": 1.0639303578063846}, "TPOT": {"unit": "ms", "min": 1.8163697750424035, "p50": 17.970285871552875, "p90": 22.649170404379653, "p95": 24.57141917902068, "p99": 28.814537806878675, "max": 32.086285651894286}, "Input Tokens per Minute": {"unit": "tokens/min", "min": 1258169.2278581378, "p50": 1258169.2278581378, "p90": 1258169.2278581378, "p95": 1258169.2278581378, "p99": 1258169.2278581378, "max": 1258169.2278581378}, "Output Tokens per Minute": {"unit": "tokens/min", "min": 53132.8031186649, "p50": 53132.8031186649, "p90": 53132.8031186649, "p95": 53132.8031186649, "p99": 53132.8031186649, "max": 53132.8031186649}}
{"target_qps": 5.0, "actual_qps": 4.999960958874465, "success_rate": 100.0,