{"target_qps": 5.0, "actual_qps": 4.994662831163549, "success_rate": 100.0, "input_tokens": 4072, "output_tokens": 179, "model": "meta-llama/Llama-3.1-8B-Instruct", "input_tokens_per_minute": 1221604.2704626336, "output_tokens_per_minute": 53917.79359430605, "slo_seconds": 5.0, "slo_attainment": 96.79715302491103, "ttft_slo_ms": 1000, "ttft_slo_attainment": 99.644128113879, "tpot_slo_ms": 50, "tpot_slo_attainment": 100.0, "Latency": {"unit": "s", "min": 0.40393358701840043, "p50": 3.540748191997409, "p90": 4.572452433872968, "p95": 4.887947778915986, "p99": 5.300546899903564, "max": 5.8149261069484055}, "Throughput": {"unit": "tokens/s", "min": 19.268582677391308, "p50": 53.691573607465386, "p90": 70.23369221589762, "p95": 75.14908500316848, "p99": 83.76802243719384, "max": 96.46541352740398}, "TTFT": {"unit": "s", "min": 0.03903883881866932, "p50": 0.22135407384485006, "p90": 0.40112322894856334, "p95": 0.5207512739580125, "p99": 0.8754011610057202, "max": 2.397964908974245}, "TPOT": {"unit": "ms", "min": 8.44958747494156, "p50": 17.293290989754265, "p90": 22.585161527543885, "p95": 24.23563927070392, "p99": 29.372349776193975, "max": 37.66282087996264}, "Input Tokens per Minute": {"unit": "tokens/min", "min": 1221604.2704626336, "p50": 1221604.2704626336, "p90": 1221604.2704626336, "p95": 1221604.2704626336, "p99": 1221604.2704626336, "max": 1221604.2704626336}, "Output Tokens per Minute": {"unit": "tokens/min", "min": 53917.79359430605, "p50": 53917.79359430605, "p90": 53917.79359430605, "p95": 53917.79359430605, "p99": 53917.79359430605, "max": 53917.79359430605}}
{"target_qps": 5.0, "actual_qps": 4.999693185991181, "success_rate": 100.0, "input_tokens": 4106, "output_tokens": 175, "model": "meta-llama/Llama-3.1-8B-Instruct", "input_tokens_per_minute": 1246945.5459118343, "output_tokens_per_minute": 53252.09617329952, "slo_seconds": 5.0, "slo_attainment": 89.80263157894737, "ttft_slo_ms": 1000, "ttft_slo_attainment": 98.68421052631578, "tpot_slo_ms": 50, "tpot_slo_attainment": 100.0, "Latency": {"unit": "s", "min": 0.3618316678330302, "p50": 3.7192453944589943, "p90": 5.024719801032915, "p95": 5.711772231082428, "p99": 6.284759719432331, "max": 6.921798371942714}, "Throughput": {"unit": "tokens/s", "min": 18.371659237862193, "p50": 49.64950609608224, "p90": 61.01072572299029, "p95": 63.62801621738958, "p99": 70.58803034095071, "max": 73.65363493446169}, "TTFT": {"unit": "s", "min": 0.05364442989230156, "p50": 0.24088690395001322, "p90": 0.38439254024997344, "p95": 0.5148618588806118, "p99": 1.0046933055785428, "max": 1.0495999690610915}, "TPOT": {"unit": "ms", "min": 12.059206416939988, "p50": 18.623575905361072, "p90": 25.919721183839755, "p95": 28.438581866394333, "p99": 31.234974044285277, "max": 35.182424225947926}, "Input Tokens per Minute": {"unit": "tokens/min", "min": 1246945.5459118343, "p50": 1246945.5459118343, "p90": 1246945.5459118343, "p95": 1246945.5459118343, "p99": 1246945.5459118343, "max": 1246945.5459118343}, "Output Tokens per Minute": {"unit": "tokens/min", "min": 53252.09617329952, "p50": 53252.09617329952, "p90": 53252.09617329952, "p95": 53252.09617329952, "p99": 53252.09617329952, "max": 53252.09617329952}}
{"target_qps": 5.0, "actual_qps": 4.996950767442943, "success_rate": 100.0, "input_tokens": 4121, "output_tokens": 174, "model": "meta-llama/Llama-3.1-8B-Instruct", "input_tokens_per_minute": 1236391.304347826, "output_tokens_per_minute": 52294.3143812709, "slo_seconds": 5.0, "slo_attainment": 94.64882943143813, "ttft_slo_ms": 1000, "ttft_slo_attainment": 100.0, "tpot_slo_ms": 50, "tpot_slo_attainment": 100.0, "Latency": {"unit": "s", "min": 0.4977975129149854, "p50": 3.6539171300828457, "p90": 4.5789163471665235, "p95": 5.020269011519846, "p99": 5.441951341629022, "max": 5.9243273821193725}, "Throughput": {"unit": "tokens/s", "min": 17.157950310110138, "p50": 51.2435823885792, "p90": 61.62268212469429, "p95": 66.04489609821607, "p99": 72.29685356939375, "max": 80.22239521483856}, "TTFT": {"unit": "s", "min": 0.03753986791707575, "p50": 0.23660218412987888, "p90": 0.4135140588507055, "p95": 0.5459571092156681, "p99": 0.7845770233683274, "max": 0.9753414250444621}, "TPOT": {"unit": "ms", "min": 10.751841569562322, "p50": 17.925374322201137, "p90": 23.15494477856647, "p95": 25.0330745041455, "p99": 31.99023688256008, "max": 35.8020894559501}, "Input Tokens per Minute": {"unit": "tokens/min", "min": 1236391.304347826, "p50": 1236391.304347826, "p90": 1236391.304347826, "p95": 1236391.304347826, "p99": 1236391.304347826, "max": 1236391.304347826}, "Output Tokens per Minute": {"unit": "tokens/min", "min": 52294.3143812709, "p50": 52294.3143812709, "p90": 52294.3143812709, "p95": 52294.3143812709, "p99": 52294.3143812709, "max": 52294.3143812709}}
{"target_qps": 5.0, "actual_qps": 4.997225947179327, "success_rate": 100.0, "input_tokens": 3985, "output_tokens": 174, "model": "meta-llama/Llama-3.1-8B-Instruct", "input_tokens_per_minute": 1195545.4545454546, "output_tokens_per_minute": 52488.88888888889, "slo_seconds": 5.0, "slo_attainment": 94.61279461279462, "ttft_slo_ms": 1000, "ttft_slo_attainment": 98.98989898989899, "tpot_slo_ms": 50, "tpot_slo_attainment": 100.0, "Latency": {"unit": "s", "min": 0.3028712240047753, "p50": 3.5784432471264154, "p90": 4.750201624864713, "p95": 5.115376670798287, "p99": 5.574055694546551, "max": 6.006631453055888}, "Throughput": {"unit": "tokens/s", "min": 18.816660207747592, "p50": 51.6952502114292, "p90": 65.93814186659576, "p95": 70.69701123660012, "p99": 79.44146719285123, "max": 83.2055588016589}, "TTFT": {"unit": "s", "min": 0.05112408986315131, "p50": 0.2211407341528684, "p90": 0.3962174233980478, "p95": 0.6166100081987675, "p99": 0.9749885883834224, "max": 1.5392142878845334}, "TPOT": {"unit": "ms", "min": 4.932666868110424, "p50": 17.86976465346975, "p90": 23.425273250018677, "p95": 25.379735304743196, "p99": 31.766735616037398, "max": 47.65608564347905}, "Input Tokens per Minute": {"unit": "tokens/min", "min": 1195545.4545454546, "p50": 1195545.4545454546, "p90": 1195545.4545454546, "p95": 1195545.4545454546, "p99": 1195545.4545454546, "max": 1195545.4545454546}, "Output Tokens per Minute": {"unit": "tokens/min", "min": 52488.88888888889, "p50": 52488.88888888889, "p90": 52488.88888888889, "p95": 52488.88888888889, "p99": 52488.88888888889, "max": 52488.88888888889}}
{"target_qps": 5.0, "actual_qps": 4.999942130846126, "success_rate": 100.0, "input_tokens": 4069, "output_tokens": 173, "model": "meta-llama/Llama-3.1-8B-Instruct", "input_tokens_per_minute": 1220892.2033898307, "output_tokens_per_minute": 52092.20338983051, "slo_seconds": 5.0, "slo_attainment": 84.7457627118644, "ttft_slo_ms": 1000, "ttft_slo_attainment": 99.66101694915255, "tpot_slo_ms": 50, "tpot_slo_attainment": 99.32203389830508, "Latency": {"unit": "s", "min": 0.3089903600048274, "p50": 4.041199795203283, "p90": 5.346164530375972, "p95": 5.540515687176958, "p99": 6.183567832028493, "max": 6.775905644055456}, "Throughput": {"unit": "tokens/s", "min": 14.381757949449916, "p50": 46.53611536231393, "p90": 59.64652956318768, "p95": 62.83285153713168, "p99": 70.7022828765444, "max": 81.05505256188408}, "TTFT": {"unit": "s", "min": 0.031522169010713696, "p50": 0.1897841920144856, "p90": 0.2926702196244151, "p95": 0.39189157576765865, "p99": 0.7852655084850267, "max": 1.2101318209897727}, "TPOT": {"unit": "ms", "min": 10.496152126613785, "p50": 20.5203180702113, "p90": 26.444735088334163, "p95": 27.52275116744367, "p99": 32.10593439501239, "max": 55.96871188442622}, "Input Tokens per Minute": {"unit": "tokens/min", "min": 1220892.2033898307, "p50": 1220892.2033898307, "p90": 1220892.2033898307, "p95": 1220892.2033898307, "p99": 1220892.2033898307, "max": 1220892.2033898307}, "Output Tokens per Minute": {"unit": "tokens/min", "min": 52092.20338983051, "p50": 52092.20338983051, "p90": 52092.20338983051, "p95": 52092.20338983051, "p99": 52092.20338983051, "max": 52092.20338983051}}
{"target_qps": 5.0,