{"target_qps": 5.0, "actual_qps": 4.996977139468603, "success_rate": 100.0, "input_tokens": 4063, "output_tokens": 178, "model": "meta-llama/Llama-3.1-8B-Instruct", "input_tokens_per_minute": 1218907.5539568346, "output_tokens_per_minute": 53517.625899280574, "slo_seconds": 5.0, "slo_attainment": 92.08633093525181, "ttft_slo_ms": 1000, "ttft_slo_attainment": 98.92086330935251, "tpot_slo_ms": 50, "tpot_slo_attainment": 100.0, "Latency": {"unit": "s", "min": 0.3421667388174683, "p50": 3.7913023999426514, "p90": 4.880178583809175, "p95": 5.23173263304634, "p99": 5.815802818888333, "max": 5.938942305976525}, "Throughput": {"unit": "tokens/s", "min": 15.018845505264187, "p50": 50.55877204657746, "p90": 64.52565694846942, "p95": 68.16930085339371, "p99": 73.71743387213971, "max": 78.14827138578475}, "TTFT": {"unit": "s", "min": 0.03797427611425519, "p50": 0.2536952435038984, "p90": 0.4283028980018571, "p95": 0.6253487111767749, "p99": 0.9068576929322489, "max": 2.1762023160699755}, "TPOT": {"unit": "ms", "min": 11.145809472983947, "p50": 18.200757373919963, "p90": 23.50714390807266, "p95": 25.834600216809697, "p99": 32.84515440714664, "max": 42.60893776797904}, "Input Tokens per Minute": {"unit": "tokens/min", "min": 1218907.5539568346, "p50": 1218907.5539568346, "p90": 1218907.5539568346, "p95": 1218907.5539568346, "p99": 1218907.5539568346, "max": 1218907.5539568346}, "Output Tokens per Minute": {"unit": "tokens/min", "min": 53517.625899280574, "p50": 53517.625899280574, "p90": 53517.625899280574, "p95": 53517.625899280574, "p99": 53517.625899280574, "max": 53517.625899280574}}
{"target_qps": 5.0, "actual_qps": 4.99630185328154, "success_rate": 100.0, "input_tokens": 4142, "output_tokens": 179, "model": "meta-llama/Llama-3.1-8B-Instruct", "input_tokens_per_minute": 1254356.554379304, "output_tokens_per_minute": 54286.818156645255, "slo_seconds": 5.0, "slo_attainment": 91.41914191419141, "ttft_slo_ms": 1000, "ttft_slo_attainment": 99.66996699669967, "tpot_slo_ms": 50, "tpot_slo_attainment": 100.0, "Latency": {"unit": "s", "min": 0.33208826603367925, "p50": 3.7462499120738357, "p90": 4.794448605086655, "p95": 5.385413806815631, "p99": 6.263631252227352, "max": 6.720355520024896}, "Throughput": {"unit": "tokens/s", "min": 14.448669548678783, "p50": 49.94491337035385, "p90": 61.98489940450128, "p95": 65.4757937640086, "p99": 69.2220703486519, "max": 91.49556873552832}, "TTFT": {"unit": "s", "min": 0.04693693807348609, "p50": 0.2403790659736842, "p90": 0.4057073125615718, "p95": 0.5530687459744512, "p99": 0.8469481007149459, "max": 1.0580647601746023}, "TPOT": {"unit": "ms", "min": 9.463164174710126, "p50": 18.50404732117497, "p90": 23.496363237353794, "p95": 27.810366771942252, "p99": 30.491434950241125, "max": 31.307002813812698}, "Input Tokens per Minute": {"unit": "tokens/min", "min": 1254356.554379304, "p50": 1254356.554379304, "p90": 1254356.554379304, "p95": 1254356.554379304, "p99": 1254356.554379304, "max": 1254356.554379304}, "Output Tokens per Minute": {"unit": "tokens/min", "min": 54286.818156645255, "p50": 54286.818156645255, "p90": 54286.818156645255, "p95": 54286.818156645255, "p99": 54286.818156645255, "max": 54286.818156645255}}
{"target_qps": 5.0, "actual_qps": 4.997617860636834, "success_rate": 100.0, "input_tokens": 4078, "output_tokens": 175, "model": "meta-llama/Llama-3.1-8B-Instruct", "input_tokens_per_minute": 1223623.0, "output_tokens_per_minute": 52588.0, "slo_seconds": 5.0, "slo_attainment": 95.0, "ttft_slo_ms": 1000, "ttft_slo_attainment": 99.66666666666667, "tpot_slo_ms": 50, "tpot_slo_attainment": 100.0, "Latency": {"unit": "s", "min": 0.40273244702257216, "p50": 3.5982097560772672, "p90": 4.541124799707904, "p95": 4.999877386877779, "p99": 5.48857523220824, "max": 5.944955121958628}, "Throughput": {"unit": "tokens/s", "min": 21.286967348670014, "p50": 51.139922138733425, "p90": 62.9840644881768, "p95": 66.46709592949057, "p99": 74.0340144161015, "max": 84.51217859725908}, "TTFT": {"unit": "s", "min": 0.04119564197026193, "p50": 0.24233263800852, "p90": 0.37925523796584465, "p95": 0.4598523168708202, "p99": 0.8000067020510317, "max": 1.1404621889814734}, "TPOT": {"unit": "ms", "min": 9.684555800631642, "p50": 17.73117618616577, "p90": 22.543490502034665, "p95": 24.14037567527085, "p99": 28.636991332350824, "max": 35.25885562412441}, "Input Tokens per Minute": {"unit": "tokens/min", "min": 1223623.0, "p50": 1223623.0, "p90": 1223623.0, "p95": 1223623.0, "p99": 1223623.0, "max": 1223623.0}, "Output Tokens per Minute": {"unit": "tokens/min", "min": 52588.0, "p50": 52588.0, "p90": 52588.0, "p95": 52588.0, "p99": 52588.0, "max": 52588.0}}
{"target_qps": 5.0, "actual_qps": 4.996777359843047, "success_rate": 100.0, "input_tokens": 3989, "output_tokens": 180, "model": "meta-llama/Llama-3.1-8B-Instruct", "input_tokens_per_minute": 1216046.9102890824, "output_tokens_per_minute": 54895.36772237495, "slo_seconds": 5.0, "slo_attainment": 92.45901639344262, "ttft_slo_ms": 1000, "ttft_slo_attainment": 99.672131147541, "tpot_slo_ms": 50, "tpot_slo_attainment": 100.0, "Latency": {"unit": "s", "min": 0.3294957438483834, "p50": 3.7156445051077753, "p90": 4.8628416102379575, "p95": 5.267411446338521, "p99": 6.1087285584770115, "max": 6.447512469952926}, "Throughput": {"unit": "tokens/s", "min": 11.94027149010051, "p50": 51.3080129127894, "p90": 65.5864670575045, "p95": 68.57475071321834, "p99": 79.68162146051284, "max": 80.69309836086201}, "TTFT": {"unit": "s", "min": 0.038078040117397904, "p50": 0.24673931882716715, "p90": 0.4305293122306466, "p95": 0.62148483437486, "p99": 0.9234435544908033, "max": 1.216907290974632}, "TPOT": {"unit": "ms", "min": 2.6872053782901038, "p50": 17.979662351768894, "p90": 23.329814935299623, "p95": 25.083565850317893, "p99": 28.827814386839304, "max": 32.474664409699685}, "Input Tokens per Minute": {"unit": "tokens/min", "min": 1216046.9102890824, "p50": 1216046.9102890824, "p90": 1216046.9102890824, "p95": 1216046.9102890824, "p99": 1216046.9102890824, "max": 1216046.9102890824}, "Output Tokens per Minute": {"unit": "tokens/min", "min": 54895.36772237495, "p50": 54895.36772237495, "p90": 54895.36772237495, "p95": 54895.36772237495, "p99": 54895.36772237495, "max": 54895.36772237495}}
{"target_qps": 5.0, "actual_qps": 4.999964866316177, "success_rate": 100.0, "input_tokens": 4086, "output_tokens": 177, "model": "meta-llama/Llama-3.1-8B-Instruct", "input_tokens_per_minute": 1225993.8144329898, "output_tokens_per_minute": 53182.47422680412, "slo_seconds": 5.0, "slo_attainment": 83.50515463917526, "ttft_slo_ms": 1000, "ttft_slo_attainment": 99.65635738831615, "tpot_slo_ms": 50, "tpot_slo_attainment": 100.0, "Latency": {"unit": "s", "min": 0.19659699592739344, "p50": 3.8054824580904096, "p90": 5.232866966165602, "p95": 5.687196018407121, "p99": 6.226934869447724, "max": 6.4558744539972395}, "Throughput": {"unit": "tokens/s", "min": 14.063148997478761, "p50": 47.40351119920157, "p90": 73.66637266579383, "p95": 81.32033854795948, "p99": 96.16286373423804, "max": 98.18884185763008}, "TTFT": {"unit": "s", "min": 0.027110886992886662, "p50": 0.15031201299279928, "p90": 0.3077313860412687, "p95": 0.48375723347999156, "p99": 0.7337431117659449, "max": 1.0449476949870586}, "TPOT": {"unit": "ms", "min": 5.5759002808743805, "p50": 19.703525663751304, "p90": 27.413785399403423, "p95": 28.943544705913183, "p99": 36.45649454782396, "max": 46.55945389014152}, "Input Tokens per Minute": {"unit": "tokens/min", "min": 1225993.8144329898, "p50": 1225993.8144329898, "p90": 1225993.8144329898, "p95": 1225993.8144329898, "p99": 1225993.8144329898, "max": 1225993.8144329898}, "Output Tokens per Minute": {"unit": "tokens/min", "min": 53182.47422680412, "p50": 53182.47422680412, "p90": 53182.47422680412, "p95": 53182.47422680412, "p99": 53182.47422680412, "max": 53182.47422680412}}
{"target_qps": 5.0, "actual_qps": 4.999950624248219, "success_rate": 100.0, "input_tokens": 4241, "output_tokens": 177, "model": "meta-llama/Llama-3.1-8B-Instruct",