{"target_qps": 5.0, "actual_qps": 4.99742099627329, "success_rate": 100.0, "input_tokens": 4049, "output_tokens": 178, "model": "meta-llama/Llama-3.1-8B-Instruct", "input_tokens_per_minute": 1214880.633802817, "output_tokens_per_minute": 53616.54929577465, "slo_seconds": 5.0, "slo_attainment": 98.23943661971832, "ttft_slo_ms": 1000, "ttft_slo_attainment": 99.29577464788733, "tpot_slo_ms": 50, "tpot_slo_attainment": 100.0, "Latency": {"unit": "s", "min": 0.18582009710371494, "p50": 2.82442646054551, "p90": 4.200374271604233, "p95": 4.49494491002988, "p99": 5.161727250828409, "max": 6.34844404598698}, "Throughput": {"unit": "tokens/s", "min": 19.15366290608005, "p50": 65.32580175221875, "p90": 85.95564765543432, "p95": 90.39903436905284, "p99": 100.20764623418856, "max": 108.10865028614856}, "TTFT": {"unit": "s", "min": 0.032010798109695315, "p50": 0.20912755699828267, "p90": 0.3698263735044748, "p95": 0.5749885730678206, "p99": 0.8052504285378386, "max": 1.8116492189001292}, "TPOT": {"unit": "ms", "min": 8.502706798026338, "p50": 14.041960478871061, "p90": 20.64267387064094, "p95": 21.668337925895326, "p99": 27.71248843908932, "max": 40.44231715046668}, "Input Tokens per Minute": {"unit": "tokens/min", "min": 1214880.633802817, "p50": 1214880.633802817, "p90": 1214880.633802817, "p95": 1214880.633802817, "p99": 1214880.633802817, "max": 1214880.633802817}, "Output Tokens per Minute": {"unit": "tokens/min", "min": 53616.54929577465, "p50": 53616.54929577465, "p90": 53616.54929577465, "p95": 53616.54929577465, "p99": 53616.54929577465, "max": 53616.54929577465}}
{"target_qps": 5.0, "actual_qps": 4.997939179236425, "success_rate": 100.0, "input_tokens": 4141, "output_tokens": 175, "model": "meta-llama/Llama-3.1-8B-Instruct", "input_tokens_per_minute": 1242484.8484848484, "output_tokens_per_minute": 52596.969696969696, "slo_seconds": 5.0, "slo_attainment": 84.17508417508418, "ttft_slo_ms": 1000, "ttft_slo_attainment": 99.32659932659934, "tpot_slo_ms": 50, "tpot_slo_attainment": 99.66329966329967, "Latency": {"unit": "s", "min": 0.39943804405629635, "p50": 3.7705701540689915, "p90": 5.252092057559639, "p95": 5.657012855168432, "p99": 6.206040565911682, "max": 6.506524591008201}, "Throughput": {"unit": "tokens/s", "min": 6.4265418233560405, "p50": 48.66850247938197, "p90": 61.517859801258986, "p95": 66.58630351732343, "p99": 74.72716119815807, "max": 85.82331317590923}, "TTFT": {"unit": "s", "min": 0.04339242004789412, "p50": 0.2400650349445641, "p90": 0.4089105079881848, "p95": 0.6351848393678665, "p99": 0.8166913940943787, "max": 1.3816070898901671}, "TPOT": {"unit": "ms", "min": 10.97746448820672, "p50": 18.740764120593667, "p90": 26.180047784515438, "p95": 27.887231151306594, "p99": 36.67175173146893, "max": 100.98971223787349}, "Input Tokens per Minute": {"unit": "tokens/min", "min": 1242484.8484848484, "p50": 1242484.8484848484, "p90": 1242484.8484848484, "p95": 1242484.8484848484, "p99": 1242484.8484848484, "max": 1242484.8484848484}, "Output Tokens per Minute": {"unit": "tokens/min", "min": 52596.969696969696, "p50": 52596.969696969696, "p90": 52596.969696969696, "p95": 52596.969696969696, "p99": 52596.969696969696, "max": 52596.969696969696}}
{"target_qps": 5.0, "actual_qps": 4.998049950017098, "success_rate": 100.0, "input_tokens": 4118, "output_tokens": 177, "model": "meta-llama/Llama-3.1-8B-Instruct", "input_tokens_per_minute": 1239161.509720124, "output_tokens_per_minute": 53395.44437678159, "slo_seconds": 5.0, "slo_attainment": 95.68106312292359, "ttft_slo_ms": 1000, "ttft_slo_attainment": 100.0, "tpot_slo_ms": 50, "tpot_slo_attainment": 100.0, "Latency": {"unit": "s", "min": 0.43111923011019826, "p50": 3.729457134148106, "p90": 4.701292925979942, "p95": 4.934506998164579, "p99": 5.257307082880288, "max": 5.644792141858488}, "Throughput": {"unit": "tokens/s", "min": 17.76567563844254, "p50": 50.40998109686105, "p90": 61.30457735456776, "p95": 66.11187978767292, "p99": 75.29451454926203, "max": 92.63717694126575}, "TTFT": {"unit": "s", "min": 0.056966806994751096, "p50": 0.24684930103830993, "p90": 0.4210061780177057, "p95": 0.5442152419127524, "p99": 0.76567473099567, "max": 0.9858237800654024}, "TPOT": {"unit": "ms", "min": 9.706024814471109, "p50": 18.242711197764514, "p90": 23.033849567399553, "p95": 24.151947401960065, "p99": 26.174160523162264, "max": 33.38536220690003}, "Input Tokens per Minute": {"unit": "tokens/min", "min": 1239161.509720124, "p50": 1239161.509720124, "p90": 1239161.509720124, "p95": 1239161.509720124, "p99": 1239161.509720124, "max": 1239161.509720124}, "Output Tokens per Minute": {"unit": "tokens/min", "min": 53395.44437678159, "p50": 53395.44437678159, "p90": 53395.44437678159, "p95": 53395.44437678159, "p99": 53395.44437678159, "max": 53395.44437678159}}
{"target_qps": 5.0, "actual_qps": 4.9999372095265615, "success_rate": 100.0, "input_tokens": 3951, "output_tokens": 177, "model": "meta-llama/Llama-3.1-8B-Instruct", "input_tokens_per_minute": 1185495.0, "output_tokens_per_minute": 53242.0, "slo_seconds": 5.0, "slo_attainment": 98.33333333333333, "ttft_slo_ms": 1000, "ttft_slo_attainment": 100.0, "tpot_slo_ms": 50, "tpot_slo_attainment": 100.0, "Latency": {"unit": "s", "min": 0.4735206819605082, "p50": 3.5965665504336357, "p90": 4.405933513399214, "p95": 4.593372268730309, "p99": 5.056271406759041, "max": 6.009816948091611}, "Throughput": {"unit": "tokens/s", "min": 20.108270632609855, "p50": 53.06989825959989, "p90": 66.81143369177646, "p95": 68.98611200855086, "p99": 74.44866469715025, "max": 77.07060259888837}, "TTFT": {"unit": "s", "min": 0.048304953845217824, "p50": 0.23504742188379169, "p90": 0.4241688298527152, "p95": 0.5285037391353403, "p99": 0.8376682966551737, "max": 0.9929140531457961}, "TPOT": {"unit": "ms", "min": 3.3628836337646297, "p50": 17.457428509977895, "p90": 21.26135437280104, "p95": 22.834235216084494, "p99": 27.091855676306505, "max": 31.679719346217237}, "Input Tokens per Minute": {"unit": "tokens/min", "min": 1185495.0, "p50": 1185495.0, "p90": 1185495.0, "p95": 1185495.0, "p99": 1185495.0, "max": 1185495.0}, "Output Tokens per Minute": {"unit": "tokens/min", "min": 53242.0, "p50": 53242.0, "p90": 53242.0, "p95": 53242.0, "p99": 53242.0, "max": 53242.0}}
{"target_qps": 5.0, "actual_qps": 4.999985467296734, "success_rate": 100.0, "input_tokens": 4087, "output_tokens": 170, "model": "meta-llama/Llama-3.1-8B-Instruct", "input_tokens_per_minute": 1226361.0921501706, "output_tokens_per_minute": 51126.96245733788, "slo_seconds": 5.0, "slo_attainment": 89.419795221843, "ttft_slo_ms": 1000, "ttft_slo_attainment": 100.0, "tpot_slo_ms": 50, "tpot_slo_attainment": 100.0, "Latency": {"unit": "s", "min": 0.2745272610336542, "p50": 4.056427554227412, "p90": 5.044766854960472, "p95": 5.2625731942243865, "p99": 6.037849514102563, "max": 6.42586262896657}, "Throughput": {"unit": "tokens/s", "min": 18.982779194210845, "p50": 45.09318438565122, "p90": 62.23402138596387, "p95": 68.72368219997526, "p99": 75.5782546682536, "max": 77.70516919945364}, "TTFT": {"unit": "s", "min": 0.032769185956567526, "p50": 0.15190199413336813, "p90": 0.3003794527612627, "p95": 0.488429331546649, "p99": 0.6952323004510254, "max": 0.8965047469828278}, "TPOT": {"unit": "ms", "min": 3.597924256499744, "p50": 21.23768644257631, "p90": 25.277562483901804, "p95": 26.641714689438817, "p99": 31.650724702212862, "max": 46.426660764743296}, "Input Tokens per Minute": {"unit": "tokens/min", "min": 1226361.0921501706, "p50": 1226361.0921501706, "p90": 1226361.0921501706, "p95": 1226361.0921501706, "p99": 1226361.0921501706, "max": 1226361.0921501706}, "Output Tokens per Minute": {"unit": "tokens/min", "min": 51126.96245733788, "p50": 51126.96245733788, "p90": 51126.96245733788, "p95": 51126.96245733788, "p99": 51126.96245733788, "max": 51126.96245733788}}
{"target_qps": 5.0, "actual_qps": 4.999872019433688, "success_rate": 100.0, "input_tokens": 4246, "output_tokens": 177, "model": "meta-llama/Llama-3.1-8B-Instruct",