{"target_qps": 5.0, "actual_qps": 4.999064642936265, "success_rate": 100.0, "input_tokens": 4048, "output_tokens": 176, "model": "meta-llama/Llama-3.1-8B-Instruct", "input_tokens_per_minute": 1214472.5978647687, "output_tokens_per_minute": 53045.55160142349, "slo_seconds": 5.0, "slo_attainment": 89.6797153024911, "ttft_slo_ms": 1000, "ttft_slo_attainment": 99.28825622775801, "tpot_slo_ms": 50, "tpot_slo_attainment": 100.0, "Latency": {"unit": "s", "min": 0.4289217940531671, "p50": 3.877591446042061, "p90": 5.005140231922269, "p95": 5.414360938826576, "p99": 5.961015472281724, "max": 6.31589422095567}, "Throughput": {"unit": "tokens/s", "min": 18.204068957076288, "p50": 48.90957760571773, "p90": 60.69905401991003, "p95": 65.17187559904976, "p99": 71.60603488799286, "max": 79.64032793012319}, "TTFT": {"unit": "s", "min": 0.06615991005674005, "p50": 0.2495168261229992, "p90": 0.4864508199971169, "p95": 0.6448346069082618, "p99": 0.9756425545085221, "max": 2.3209036828484386}, "TPOT": {"unit": "ms", "min": 10.603943855726513, "p50": 18.81988827097019, "p90": 24.2551722863324, "p95": 26.136113693422857, "p99": 31.994953401591754, "max": 37.32408271096046}, "Input Tokens per Minute": {"unit": "tokens/min", "min": 1214472.5978647687, "p50": 1214472.5978647687, "p90": 1214472.5978647687, "p95": 1214472.5978647687, "p99": 1214472.5978647687, "max": 1214472.5978647687}, "Output Tokens per Minute": {"unit": "tokens/min", "min": 53045.55160142349, "p50": 53045.55160142349, "p90": 53045.55160142349, "p95": 53045.55160142349, "p99": 53045.55160142349, "max": 53045.55160142349}}
{"target_qps": 5.0, "actual_qps": 4.997914102125888, "success_rate": 100.0, "input_tokens": 4158, "output_tokens": 174, "model": "meta-llama/Llama-3.1-8B-Instruct", "input_tokens_per_minute": 1267901.8364947285, "output_tokens_per_minute": 53155.8152245701, "slo_seconds": 5.0, "slo_attainment": 90.1639344262295, "ttft_slo_ms": 1000, "ttft_slo_attainment": 99.01639344262296, "tpot_slo_ms": 50, "tpot_slo_attainment": 100.0, "Latency": {"unit": "s", "min": 0.2823036259505898, "p50": 3.752108426997438, "p90": 4.963136753858999, "p95": 5.357937033148483, "p99": 6.2104855107981685, "max": 7.560156797990203}, "Throughput": {"unit": "tokens/s", "min": 21.262218096116616, "p50": 49.267555255641504, "p90": 61.285125774922314, "p95": 64.65451569872879, "p99": 69.88490478241417, "max": 74.69153932113453}, "TTFT": {"unit": "s", "min": 0.04510196205228567, "p50": 0.24602622096426785, "p90": 0.4569622122682631, "p95": 0.6183501978404822, "p99": 0.9278679263312366, "max": 1.2468351910356432}, "TPOT": {"unit": "ms", "min": 12.009964877506718, "p50": 18.78688577796571, "p90": 24.147093713040178, "p95": 26.99907659902121, "p99": 29.07368522900245, "max": 32.0893303585886}, "Input Tokens per Minute": {"unit": "tokens/min", "min": 1267901.8364947285, "p50": 1267901.8364947285, "p90": 1267901.8364947285, "p95": 1267901.8364947285, "p99": 1267901.8364947285, "max": 1267901.8364947285}, "Output Tokens per Minute": {"unit": "tokens/min", "min": 53155.8152245701, "p50": 53155.8152245701, "p90": 53155.8152245701, "p95": 53155.8152245701, "p99": 53155.8152245701, "max": 53155.8152245701}}
{"target_qps": 5.0, "actual_qps": 4.997604132003743, "success_rate": 100.0, "input_tokens": 4092, "output_tokens": 177, "model": "meta-llama/Llama-3.1-8B-Instruct", "input_tokens_per_minute": 1227866.3265306123, "output_tokens_per_minute": 53323.4693877551, "slo_seconds": 5.0, "slo_attainment": 94.5578231292517, "ttft_slo_ms": 1000, "ttft_slo_attainment": 99.65986394557824, "tpot_slo_ms": 50, "tpot_slo_attainment": 100.0, "Latency": {"unit": "s", "min": 0.257085908902809, "p50": 3.6561706414213404, "p90": 4.647480732714757, "p95": 5.085746594669763, "p99": 5.512214329817797, "max": 5.802315177861601}, "Throughput": {"unit": "tokens/s", "min": 20.80750977619844, "p50": 51.46552836051572, "p90": 66.11268548529436, "p95": 69.8580584069338, "p99": 79.35447314346506, "max": 81.9554183847637}, "TTFT": {"unit": "s", "min": 0.03276627487502992, "p50": 0.2190760385710746, "p90": 0.38515929610002786, "p95": 0.4503541519516142, "p99": 0.7833889901940706, "max": 1.088973675854504}, "TPOT": {"unit": "ms", "min": 9.61632092292301, "p50": 17.981060362308654, "p90": 22.484614829171953, "p95": 25.254482566086505, "p99": 27.958829160076647, "max": 31.763081989166412}, "Input Tokens per Minute": {"unit": "tokens/min", "min": 1227866.3265306123, "p50": 1227866.3265306123, "p90": 1227866.3265306123, "p95": 1227866.3265306123, "p99": 1227866.3265306123, "max": 1227866.3265306123}, "Output Tokens per Minute": {"unit": "tokens/min", "min": 53323.4693877551, "p50": 53323.4693877551, "p90": 53323.4693877551, "p95": 53323.4693877551, "p99": 53323.4693877551, "max": 53323.4693877551}}
{"target_qps": 5.0, "actual_qps": 4.9999417904362256, "success_rate": 100.0, "input_tokens": 3974, "output_tokens": 176, "model": "meta-llama/Llama-3.1-8B-Instruct", "input_tokens_per_minute": 1192302.3411371238, "output_tokens_per_minute": 52803.010033444814, "slo_seconds": 5.0, "slo_attainment": 94.64882943143813, "ttft_slo_ms": 1000, "ttft_slo_attainment": 99.66555183946488, "tpot_slo_ms": 50, "tpot_slo_attainment": 100.0, "Latency": {"unit": "s", "min": 0.36636855104006827, "p50": 3.729935986921191, "p90": 4.733437412604689, "p95": 5.028805843135341, "p99": 5.8851057369587885, "max": 6.43879026803188}, "Throughput": {"unit": "tokens/s", "min": 22.604651672499273, "p50": 49.3572329124148, "p90": 64.84820830953167, "p95": 67.79123604838497, "p99": 73.85505715255474, "max": 85.56574702850654}, "TTFT": {"unit": "s", "min": 0.031436008866876364, "p50": 0.22147799120284617, "p90": 0.3701769547536969, "p95": 0.4759091402171163, "p99": 0.8799643676308915, "max": 1.084419104969129}, "TPOT": {"unit": "ms", "min": 8.915084701798419, "p50": 18.972532812767895, "p90": 23.450259496130272, "p95": 25.015133753170566, "p99": 30.889208719168103, "max": 34.69704482543828}, "Input Tokens per Minute": {"unit": "tokens/min", "min": 1192302.3411371238, "p50": 1192302.3411371238, "p90": 1192302.3411371238, "p95": 1192302.3411371238, "p99": 1192302.3411371238, "max": 1192302.3411371238}, "Output Tokens per Minute": {"unit": "tokens/min", "min": 52803.010033444814, "p50": 52803.010033444814, "p90": 52803.010033444814, "p95": 52803.010033444814, "p99": 52803.010033444814, "max": 52803.010033444814}}
{"target_qps": 5.0, "actual_qps": 4.999951518882457, "success_rate": 100.0, "input_tokens": 4086, "output_tokens": 173, "model": "meta-llama/Llama-3.1-8B-Instruct", "input_tokens_per_minute": 1270326.0015016354, "output_tokens_per_minute": 53999.11264630044, "slo_seconds": 5.0, "slo_attainment": 79.7427652733119, "ttft_slo_ms": 1000, "ttft_slo_attainment": 99.67845659163987, "tpot_slo_ms": 50, "tpot_slo_attainment": 100.0, "Latency": {"unit": "s", "min": 0.29897577688097954, "p50": 3.7225124079268426, "p90": 5.432046302128583, "p95": 5.602102217497304, "p99": 5.954380989214402, "max": 6.904553432948887}, "Throughput": {"unit": "tokens/s", "min": 19.258163623129747, "p50": 45.77956880145325, "p90": 73.54267759365663, "p95": 92.45177939534364, "p99": 102.96327165134986, "max": 104.35215256637812}, "TTFT": {"unit": "s", "min": 0.02531122090294957, "p50": 0.1474059079773724, "p90": 0.2500053800176829, "p95": 0.39593920891638845, "p99": 0.7141204673331197, "max": 1.106397182913497}, "TPOT": {"unit": "ms", "min": 9.487036160478866, "p50": 20.5857824971759, "p90": 26.79361508990727, "p95": 27.815457841793272, "p99": 36.684642901502045, "max": 37.52034428693792}, "Input Tokens per Minute": {"unit": "tokens/min", "min": 1270326.0015016354, "p50": 1270326.0015016354, "p90": 1270326.0015016354, "p95": 1270326.0015016354, "p99": 1270326.0015016354, "max": 1270326.0015016354}, "Output Tokens per Minute": {"unit": "tokens/min", "min": 53999.11264630044, "p50": 53999.11264630044, "p90": 53999.11264630044, "p95": 53999.11264630044, "p99": 53999.11264630044, "max": 53999.11264630044}}
{"target_qps": 5.0,