{"actual_qps": 5.789358457900424, "success_rate": 100.0, "input_tokens": 3869, "output_tokens": 174, "model": "meta-llama/Llama-3.1-8B-Instruct", "input_tokens_per_minute": 1229600.5271101852, "output_tokens_per_minute": 55520.60549290801, "slo_seconds": 5.0, "slo_attainment": 92.85714285714286, "ttft_slo_ms": 1000, "ttft_slo_attainment": 60.86956521739131, "tpot_slo_ms": 50, "tpot_slo_attainment": 100.0, "Latency": {"unit": "s", "min": 0.5505220529157668, "p50": 3.27918629150372, "p90": 4.726389225921594, "p95": 5.138145981635898, "p99": 5.883591336039829, "max": 7.159537175903097}, "Throughput": {"unit": "tokens/s", "min": 10.076602492434754, "p50": 55.46778035806027, "p90": 72.62736098927826, "p95": 78.87161693179907, "p99": 88.30405202674318, "max": 90.7816574348171}, "TTFT": {"unit": "s", "min": 0.1362998760305345, "p50": 0.8926099915988743, "p90": 1.7701243001967673, "p95": 2.355664415913633, "p99": 3.47501989096171, "max": 4.345715448027477}, "TPOT": {"unit": "ms", "min": 5.548679684402376, "p50": 12.96475670240104, "p90": 16.85526140020159, "p95": 18.280069942006214, "p99": 21.900150692573966, "max": 26.586985681205988}, "Input Tokens per Minute": {"unit": "tokens/min", "min": 1229600.5271101852, "p50": 1229600.5271101852, "p90": 1229600.5271101852, "p95": 1229600.5271101852, "p99": 1229600.5271101852, "max": 1229600.5271101852}, "Output Tokens per Minute": {"unit": "tokens/min", "min": 55520.60549290801, "p50": 55520.60549290801, "p90": 55520.60549290801, "p95": 55520.60549290801, "p99": 55520.60549290801, "max": 55520.60549290801}}
{"actual_qps": 5.458981036351053, "success_rate": 100.0, "input_tokens": 4120, "output_tokens": 174, "model": "meta-llama/Llama-3.1-8B-Instruct", "input_tokens_per_minute": 1390250.5392815776, "output_tokens_per_minute": 58985.605514890325, "slo_seconds": 5.0, "slo_attainment": 99.41520467836257, "ttft_slo_ms": 1000, "ttft_slo_attainment": 72.22222222222221, "tpot_slo_ms": 50, "tpot_slo_attainment": 100.0, "Latency": {"unit": "s", "min": 0.716788682853803, "p50": 3.1858498019864783, "p90": 3.976091986265965, "p95": 4.246181863290258, "p99": 4.792697427382225, "max": 5.156207344960421}, "Throughput": {"unit": "tokens/s", "min": 10.384059151700463, "p50": 58.25735662882357, "p90": 71.24774378757036, "p95": 74.96301115959966, "p99": 83.26864401188828, "max": 91.10783145522097}, "TTFT": {"unit": "s", "min": 0.12578932917676866, "p50": 0.7503562866477296, "p90": 1.435258137434721, "p95": 1.6375905741704624, "p99": 1.9591042460338197, "max": 2.0681956640910357}, "TPOT": {"unit": "ms", "min": 8.640054860152304, "p50": 12.6549285180146, "p90": 15.07566693420227, "p95": 16.107830730028187, "p99": 23.710636095047, "max": 28.600161739935476}, "Input Tokens per Minute": {"unit": "tokens/min", "min": 1390250.5392815776, "p50": 1390250.5392815776, "p90": 1390250.5392815776, "p95": 1390250.5392815776, "p99": 1390250.5392815776, "max": 1390250.5392815776}, "Output Tokens per Minute": {"unit": "tokens/min", "min": 58985.605514890325, "p50": 58985.605514890325, "p90": 58985.605514890325, "p95": 58985.605514890325, "p99": 58985.605514890325, "max": 58985.605514890325}}
{"actual_qps": 5.632412329091178, "success_rate": 100.0, "input_tokens": 4069, "output_tokens": 173, "model": "meta-llama/Llama-3.1-8B-Instruct", "input_tokens_per_minute": 1359116.4859038563, "output_tokens_per_minute": 57954.57567385044, "slo_seconds": 5.0, "slo_attainment": 97.94117647058823, "ttft_slo_ms": 1000, "ttft_slo_attainment": 71.17647058823529, "tpot_slo_ms": 50, "tpot_slo_attainment": 100.0, "Latency": {"unit": "s", "min": 0.7032474209554493, "p50": 3.1531650768592954, "p90": 4.092389894835652, "p95": 4.3111648050486115, "p99": 5.678943414760288, "max": 6.076812408864498}, "Throughput": {"unit": "tokens/s", "min": 8.575157278572764, "p50": 58.13190957245618, "p90": 72.35231057557229, "p95": 77.59853141856075, "p99": 84.76833352360293, "max": 88.14807840531962}, "TTFT": {"unit": "s", "min": 0.11235522106289864, "p50": 0.7046957494458184, "p90": 1.4226188132073745, "p95": 1.6968284606700768, "p99": 2.8317612662864864, "max": 3.3279845039360225}, "TPOT": {"unit": "ms", "min": 6.02594042235675, "p50": 12.761079734108842, "p90": 15.297900642338732, "p95": 16.72421710486126, "p99": 20.217564797642343, "max": 35.16378716620452}, "Input Tokens per Minute": {"unit": "tokens/min", "min": 1359116.4859038563, "p50": 1359116.4859038563, "p90": 1359116.4859038563, "p95": 1359116.4859038563, "p99": 1359116.4859038563, "max": 1359116.4859038563}, "Output Tokens per Minute": {"unit": "tokens/min", "min": 57954.57567385044, "p50": 57954.57567385044, "p90": 57954.57567385044, "p95": 57954.57567385044, "p99": 57954.57567385044, "max": 57954.57567385044}}
{"actual_qps": 5.684549868286004, "success_rate": 100.0, "input_tokens": 4135, "output_tokens": 172, "model": "meta-llama/Llama-3.1-8B-Instruct", "input_tokens_per_minute": 1417972.9024820277, "output_tokens_per_minute": 59059.772860518045, "slo_seconds": 5.0, "slo_attainment": 98.28080229226362, "ttft_slo_ms": 1000, "ttft_slo_attainment": 78.51002865329512, "tpot_slo_ms": 50, "tpot_slo_attainment": 100.0, "Latency": {"unit": "s", "min": 0.4978644400835037, "p50": 3.1605866940226406, "p90": 3.975918072229251, "p95": 4.483662047190591, "p99": 5.308400330645963, "max": 7.416806728811935}, "Throughput": {"unit": "tokens/s", "min": 14.091355211333209, "p50": 58.85938850110878, "p90": 72.80147636431964, "p95": 79.77164599338397, "p99": 89.08533495457415, "max": 113.96710749399007}, "TTFT": {"unit": "s", "min": 0.049866783898323774, "p50": 0.6251657879911363, "p90": 1.2282579443883144, "p95": 1.5039252521935844, "p99": 2.189182231277227, "max": 3.399431566009298}, "TPOT": {"unit": "ms", "min": 7.916260413670292, "p50": 13.468288869161777, "p90": 17.041425285252494, "p95": 18.265945331694265, "p99": 23.55392644231867, "max": 26.555196074436285}, "Input Tokens per Minute": {"unit": "tokens/min", "min": 1417972.9024820277, "p50": 1417972.9024820277, "p90": 1417972.9024820277, "p95": 1417972.9024820277, "p99": 1417972.9024820277, "max": 1417972.9024820277}, "Output Tokens per Minute": {"unit": "tokens/min", "min": 59059.772860518045, "p50": 59059.772860518045, "p90": 59059.772860518045, "p95": 59059.772860518045, "p99": 59059.772860518045, "max": 59059.772860518045}}
{"actual_qps": 6.183330524875377, "success_rate": 100.0, "input_tokens": 3968, "output_tokens": 177, "model": "meta-llama/Llama-3.1-8B-Instruct", "input_tokens_per_minute": 1462078.6206088085, "output_tokens_per_minute": 65319.60972580333, "slo_seconds": 5.0, "slo_attainment": 94.93333333333334, "ttft_slo_ms": 1000, "ttft_slo_attainment": 89.06666666666668, "tpot_slo_ms": 50, "tpot_slo_attainment": 100.0, "Latency": {"unit": "s", "min": 0.3245630038436502, "p50": 3.1219647380057722, "p90": 4.510848874831573, "p95": 4.993069128948264, "p99": 5.876980373607949, "max": 6.334520497126505}, "Throughput": {"unit": "tokens/s", "min": 13.859853560909414, "p50": 57.8611136717807, "p90": 75.2952846711405, "p95": 79.84028236106121, "p99": 96.25829920786279, "max": 103.67308595328547}, "TTFT": {"unit": "s", "min": 0.05503534711897373, "p50": 0.4732730179093778, "p90": 1.0186553910840304, "p95": 1.2860143057070677, "p99": 1.9478867742931467, "max": 2.235124111874029}, "TPOT": {"unit": "ms", "min": 8.789632749046438, "p50": 14.348857301338834, "p90": 19.56111765981432, "p95": 21.635300283268766, "p99": 26.05986634665168, "max": 49.858118475907865}, "Input Tokens per Minute": {"unit": "tokens/min", "min": 1462078.6206088085, "p50": 1462078.6206088085, "p90": 1462078.6206088085, "p95": 1462078.6206088085, "p99": 1462078.6206088085, "max": 1462078.6206088085}, "Output Tokens per Minute": {"unit": "tokens/min", "min": 65319.60972580333, "p50": 65319.60972580333, "p90": 65319.60972580333, "p95": 65319.60972580333, "p99": 65319.60972580333, "max": 65319.60972580333}}
{"actual_qps": 5.672061016587638, "success_rate": 100.0, "input_tokens": 3909, "output_tokens": 178,