{"actual_qps": 5.068592239823689, "success_rate": 100.0, "input_tokens": 4168, "output_tokens": 179, "model": "meta-llama/Llama-3.1-8B-Instruct", "input_tokens_per_minute": 1184647.6642601008, "output_tokens_per_minute": 51005.65916772609, "slo_seconds": 5.0, "slo_attainment": 73.33333333333333, "ttft_slo_ms": 1000, "ttft_slo_attainment": 46.666666666666664, "tpot_slo_ms": 50, "tpot_slo_attainment": 99.64912280701755, "Latency": {"unit": "s", "min": 0.6342148010153323, "p50": 3.694637234089896, "p90": 7.7029134899377825, "p95": 8.39021653640084, "p99": 9.158145763697107, "max": 12.383143550949171}, "Throughput": {"unit": "tokens/s", "min": 6.413680206612588, "p50": 50.138236080128294, "p90": 66.2043235040976, "p95": 71.02435182391582, "p99": 81.10004302808152, "max": 87.65863117265373}, "TTFT": {"unit": "s", "min": 0.14546706504188478, "p50": 1.0944516130257398, "p90": 3.7718084880616516, "p95": 5.129008517181503, "p99": 6.1061124173179335, "max": 9.594551108079031}, "TPOT": {"unit": "ms", "min": 8.409733014724138, "p50": 13.564897302173115, "p90": 20.523945499377103, "p95": 26.471903094385368, "p99": 32.15900519958901, "max": 78.72143534041243}, "Input Tokens per Minute": {"unit": "tokens/min", "min": 1184647.6642601008, "p50": 1184647.6642601008, "p90": 1184647.6642601008, "p95": 1184647.6642601008, "p99": 1184647.6642601008, "max": 1184647.6642601008}, "Output Tokens per Minute": {"unit": "tokens/min", "min": 51005.65916772609, "p50": 51005.65916772609, "p90": 51005.65916772609, "p95": 51005.65916772609, "p99": 51005.65916772609, "max": 51005.65916772609}}
{"actual_qps": 4.92438260638651, "success_rate": 100.0, "input_tokens": 3985, "output_tokens": 181, "model": "meta-llama/Llama-3.1-8B-Instruct", "input_tokens_per_minute": 1208987.1434469947, "output_tokens_per_minute": 55103.84136546505, "slo_seconds": 5.0, "slo_attainment": 99.02597402597402, "ttft_slo_ms": 1000, "ttft_slo_attainment": 82.79220779220779, "tpot_slo_ms": 50, "tpot_slo_attainment": 100.0, "Latency": {"unit": "s", "min": 0.6205981860402972, "p50": 3.040756544447504, "p90": 3.712941714306362, "p95": 3.958077823021448, "p99": 4.9288917773263545, "max": 5.233652237104252}, "Throughput": {"unit": "tokens/s", "min": 10.583101550336753, "p50": 62.95523008178854, "p90": 76.04658149778233, "p95": 81.19268659919274, "p99": 92.65212202745717, "max": 103.75270289112157}, "TTFT": {"unit": "s", "min": 0.10531062888912857, "p50": 0.6554812360554934, "p90": 1.2102506953757257, "p95": 1.4019466271973215, "p99": 1.9839119674544783, "max": 2.401293240953237}, "TPOT": {"unit": "ms", "min": 7.478464175673092, "p50": 12.182214330586088, "p90": 14.33193826294462, "p95": 15.028450258353386, "p99": 18.982018466899177, "max": 27.268910506141506}, "Input Tokens per Minute": {"unit": "tokens/min", "min": 1208987.1434469947, "p50": 1208987.1434469947, "p90": 1208987.1434469947, "p95": 1208987.1434469947, "p99": 1208987.1434469947, "max": 1208987.1434469947}, "Output Tokens per Minute": {"unit": "tokens/min", "min": 55103.84136546505, "p50": 55103.84136546505, "p90": 55103.84136546505, "p95": 55103.84136546505, "p99": 55103.84136546505, "max": 55103.84136546505}}
{"actual_qps": 5.296183769740176, "success_rate": 100.0, "input_tokens": 4185, "output_tokens": 178, "model": "meta-llama/Llama-3.1-8B-Instruct", "input_tokens_per_minute": 1286056.6858665075, "output_tokens_per_minute": 54763.07408910311, "slo_seconds": 5.0, "slo_attainment": 99.67948717948718, "ttft_slo_ms": 1000, "ttft_slo_attainment": 79.48717948717949, "tpot_slo_ms": 50, "tpot_slo_attainment": 100.0, "Latency": {"unit": "s", "min": 0.4471735539846122, "p50": 3.154675886966288, "p90": 3.9403179764980454, "p95": 4.173169195477385, "p99": 4.695481271606401, "max": 5.327718060929328}, "Throughput": {"unit": "tokens/s", "min": 9.793291845494991, "p50": 58.92781861751091, "p90": 73.27599798910344, "p95": 76.67806621235746, "p99": 86.47795370214428, "max": 92.9872974114018}, "TTFT": {"unit": "s", "min": 0.13019642513245344, "p50": 0.6247922038892284, "p90": 1.1729409780120483, "p95": 1.2722075002267954, "p99": 1.6533222226612267, "max": 2.1522174361161888}, "TPOT": {"unit": "ms", "min": 7.916615039557796, "p50": 12.8862001411336, "p90": 16.132012315804193, "p95": 16.931210635467576, "p99": 20.11066127694841, "max": 23.967366995445143}, "Input Tokens per Minute": {"unit": "tokens/min", "min": 1286056.6858665075, "p50": 1286056.6858665075, "p90": 1286056.6858665075, "p95": 1286056.6858665075, "p99": 1286056.6858665075, "max": 1286056.6858665075}, "Output Tokens per Minute": {"unit": "tokens/min", "min": 54763.07408910311, "p50": 54763.07408910311, "p90": 54763.07408910311, "p95": 54763.07408910311, "p99": 54763.07408910311, "max": 54763.07408910311}}
{"actual_qps": 4.88929682216064, "success_rate": 100.0, "input_tokens": 4146, "output_tokens": 178, "model": "meta-llama/Llama-3.1-8B-Instruct", "input_tokens_per_minute": 1175723.956573348, "output_tokens_per_minute": 50577.642710530745, "slo_seconds": 5.0, "slo_attainment": 100.0, "ttft_slo_ms": 1000, "ttft_slo_attainment": 87.15277777777779, "tpot_slo_ms": 50, "tpot_slo_attainment": 100.0, "Latency": {"unit": "s", "min": 0.5250697520095855, "p50": 3.0834177094511688, "p90": 3.9571829680353403, "p95": 4.285330487531607, "p99": 4.681116413974668, "max": 4.86891216901131}, "Throughput": {"unit": "tokens/s", "min": 14.985827791836286, "p50": 61.21556858600529, "p90": 78.17215736019337, "p95": 85.88995397510772, "p99": 94.94078753580779, "max": 100.11832979927644}, "TTFT": {"unit": "s", "min": 0.04341192590072751, "p50": 0.5425585955381393, "p90": 1.055989949940704, "p95": 1.209541099297348, "p99": 1.6456075962958856, "max": 2.0186781007796526}, "TPOT": {"unit": "ms", "min": 8.38841271853477, "p50": 12.767799550213443, "p90": 16.839495016993954, "p95": 17.91335925131438, "p99": 21.122794176368405, "max": 43.61701792535874}, "Input Tokens per Minute": {"unit": "tokens/min", "min": 1175723.956573348, "p50": 1175723.956573348, "p90": 1175723.956573348, "p95": 1175723.956573348, "p99": 1175723.956573348, "max": 1175723.956573348}, "Output Tokens per Minute": {"unit": "tokens/min", "min": 50577.642710530745, "p50": 50577.642710530745, "p90": 50577.642710530745, "p95": 50577.642710530745, "p99": 50577.642710530745, "max": 50577.642710530745}}
{"actual_qps": 5.016374733343267, "success_rate": 100.0, "input_tokens": 3937, "output_tokens": 177, "model": "meta-llama/Llama-3.1-8B-Instruct", "input_tokens_per_minute": 1243078.314583128, "output_tokens_per_minute": 55972.90599522195, "slo_seconds": 5.0, "slo_attainment": 98.13084112149532, "ttft_slo_ms": 1000, "ttft_slo_attainment": 80.06230529595015, "tpot_slo_ms": 50, "tpot_slo_attainment": 100.0, "Latency": {"unit": "s", "min": 0.38330690818838775, "p50": 3.252867717994377, "p90": 4.210697776870802, "p95": 4.4443844619672745, "p99": 5.225886545889081, "max": 5.448122093919665}, "Throughput": {"unit": "tokens/s", "min": 15.820424361965669, "p50": 57.01391860290962, "p90": 74.23063244331865, "p95": 80.87919191536695, "p99": 88.57327021201468, "max": 111.56415151494755}, "TTFT": {"unit": "s", "min": 0.06345705385319889, "p50": 0.5834812021348625, "p90": 1.2439955270383507, "p95": 1.384245001943782, "p99": 1.8720840188208974, "max": 2.3528417320922017}, "TPOT": {"unit": "ms", "min": 8.377500043641176, "p50": 13.692758316361349, "p90": 17.75099340727993, "p95": 18.79140686482018, "p99": 22.464639256870427, "max": 24.853652430055533}, "Input Tokens per Minute": {"unit": "tokens/min", "min": 1243078.314583128, "p50": 1243078.314583128, "p90": 1243078.314583128, "p95": 1243078.314583128, "p99": 1243078.314583128, "max": 1243078.314583128}, "Output Tokens per Minute": {"unit": "tokens/min", "min": 55972.90599522195, "p50": 55972.90599522195, "p90": 55972.90599522195, "p95": 55972.90599522195, "p99": 55972.90599522195, "max": 55972.90599522195}}
{"actual_qps": 4.9999728794904605, "success_rate": 100.0, "input_tokens": 4075, "output_tokens": 173,