{"actual_qps": 5.444586892435092, "success_rate": 100.0, "input_tokens": 4108, "output_tokens": 173, "model": "meta-llama/Llama-3.1-8B-Instruct", "input_tokens_per_minute": 1268195.1372702902, "output_tokens_per_minute": 53423.88499940393, "slo_seconds": 5.0, "slo_attainment": 94.8220064724919, "ttft_slo_ms": 1000, "ttft_slo_attainment": 61.48867313915858, "tpot_slo_ms": 50, "tpot_slo_attainment": 100.0, "Latency": {"unit": "s", "min": 0.45313728996552527, "p50": 3.2709704770240933, "p90": 4.638326259702444, "p95": 5.000021177856249, "p99": 6.727732969224453, "max": 7.651627260958776}, "Throughput": {"unit": "tokens/s", "min": 11.490015349545383, "p50": 54.730494863155684, "p90": 72.67604575773284, "p95": 80.04096434416287, "p99": 87.99073393235172, "max": 95.6061472215657}, "TTFT": {"unit": "s", "min": 0.16174472915008664, "p50": 0.8410375989042222, "p90": 1.6802143306005746, "p95": 2.1089174101594814, "p99": 2.7841099352482734, "max": 4.488728543044999}, "TPOT": {"unit": "ms", "min": 1.1181567053965948, "p50": 13.055215396651596, "p90": 17.370138981938172, "p95": 20.697461675393892, "p99": 25.608660282155302, "max": 44.00698646136066}, "Input Tokens per Minute": {"unit": "tokens/min", "min": 1268195.1372702902, "p50": 1268195.1372702902, "p90": 1268195.1372702902, "p95": 1268195.1372702902, "p99": 1268195.1372702902, "max": 1268195.1372702902}, "Output Tokens per Minute": {"unit": "tokens/min", "min": 53423.88499940393, "p50": 53423.88499940393, "p90": 53423.88499940393, "p95": 53423.88499940393, "p99": 53423.88499940393, "max": 53423.88499940393}}
{"actual_qps": 5.539838532381425, "success_rate": 100.0, "input_tokens": 3917, "output_tokens": 176, "model": "meta-llama/Llama-3.1-8B-Instruct", "input_tokens_per_minute": 1282833.8570547428, "output_tokens_per_minute": 57799.52835634052, "slo_seconds": 5.0, "slo_attainment": 100.0, "ttft_slo_ms": 1000, "ttft_slo_attainment": 75.37537537537537, "tpot_slo_ms": 50, "tpot_slo_attainment": 100.0, "Latency": {"unit": "s", "min": 0.33172788191586733, "p50": 3.1527734550181776, "p90": 3.897242876980454, "p95": 4.081394599378109, "p99": 4.632587332446128, "max": 4.682028288021684}, "Throughput": {"unit": "tokens/s", "min": 12.499114516520262, "p50": 58.82221112593238, "p90": 74.80135452315999, "p95": 79.24593869266616, "p99": 90.78930802047842, "max": 97.61249925775158}, "TTFT": {"unit": "s", "min": 0.11579622910358012, "p50": 0.6787921020295471, "p90": 1.2502914027310907, "p95": 1.454156384663656, "p99": 1.9451471229176969, "max": 2.070580031024292}, "TPOT": {"unit": "ms", "min": 7.990888357462903, "p50": 12.883382100593204, "p90": 15.149509422621461, "p95": 16.001655425188968, "p99": 17.476421139965005, "max": 26.851879626822967}, "Input Tokens per Minute": {"unit": "tokens/min", "min": 1282833.8570547428, "p50": 1282833.8570547428, "p90": 1282833.8570547428, "p95": 1282833.8570547428, "p99": 1282833.8570547428, "max": 1282833.8570547428}, "Output Tokens per Minute": {"unit": "tokens/min", "min": 57799.52835634052, "p50": 57799.52835634052, "p90": 57799.52835634052, "p95": 57799.52835634052, "p99": 57799.52835634052, "max": 57799.52835634052}}
{"actual_qps": 5.477293117974162, "success_rate": 100.0, "input_tokens": 4045, "output_tokens": 178, "model": "meta-llama/Llama-3.1-8B-Instruct", "input_tokens_per_minute": 1320769.6223609815, "output_tokens_per_minute": 58232.22580384013, "slo_seconds": 5.0, "slo_attainment": 97.28915662650603, "ttft_slo_ms": 1000, "ttft_slo_attainment": 83.43373493975903, "tpot_slo_ms": 50, "tpot_slo_attainment": 100.0, "Latency": {"unit": "s", "min": 0.43993816804140806, "p50": 3.048324517090805, "p90": 3.9632216608850293, "p95": 4.362813754798845, "p99": 5.2019909640494735, "max": 5.37683566310443}, "Throughput": {"unit": "tokens/s", "min": 12.538840361600496, "p50": 61.441520679381156, "p90": 75.94834114739051, "p95": 79.68551506438814, "p99": 86.86157407489797, "max": 92.60807262276597}, "TTFT": {"unit": "s", "min": 0.07222223817370832, "p50": 0.6066942928591743, "p90": 1.2013481119414797, "p95": 1.5262891955208029, "p99": 2.391107009584084, "max": 2.5451048670802265}, "TPOT": {"unit": "ms", "min": 7.838360499590635, "p50": 12.682109591575607, "p90": 15.062411700836797, "p95": 16.539947778478055, "p99": 23.172939802512957, "max": 30.25670979043533}, "Input Tokens per Minute": {"unit": "tokens/min", "min": 1320769.6223609815, "p50": 1320769.6223609815, "p90": 1320769.6223609815, "p95": 1320769.6223609815, "p99": 1320769.6223609815, "max": 1320769.6223609815}, "Output Tokens per Minute": {"unit": "tokens/min", "min": 58232.22580384013, "p50": 58232.22580384013, "p90": 58232.22580384013, "p95": 58232.22580384013, "p99": 58232.22580384013, "max": 58232.22580384013}}
{"actual_qps": 5.663605228774349, "success_rate": 100.0, "input_tokens": 4002, "output_tokens": 176, "model": "meta-llama/Llama-3.1-8B-Instruct", "input_tokens_per_minute": 1358065.192125579, "output_tokens_per_minute": 59979.73344976471, "slo_seconds": 5.0, "slo_attainment": 99.1304347826087, "ttft_slo_ms": 1000, "ttft_slo_attainment": 90.14492753623189, "tpot_slo_ms": 50, "tpot_slo_attainment": 100.0, "Latency": {"unit": "s", "min": 0.26046959799714386, "p50": 2.853407618124038, "p90": 3.7999005514662714, "p95": 4.095035844994709, "p99": 4.836411682032049, "max": 5.6253582099452615}, "Throughput": {"unit": "tokens/s", "min": 16.43373678598268, "p50": 63.816403413684846, "p90": 81.25664231346971, "p95": 86.47295639285069, "p99": 93.55957304097784, "max": 104.76727531306719}, "TTFT": {"unit": "s", "min": 0.0543690649792552, "p50": 0.45318053709343076, "p90": 0.9919655193574727, "p95": 1.1679641535971315, "p99": 1.6255324061959984, "max": 2.0950209009461105}, "TPOT": {"unit": "ms", "min": 3.88266237375016, "p50": 12.628670802763748, "p90": 16.119352825224784, "p95": 17.58627371316026, "p99": 19.84652561402351, "max": 24.09116233078142}, "Input Tokens per Minute": {"unit": "tokens/min", "min": 1358065.192125579, "p50": 1358065.192125579, "p90": 1358065.192125579, "p95": 1358065.192125579, "p99": 1358065.192125579, "max": 1358065.192125579}, "Output Tokens per Minute": {"unit": "tokens/min", "min": 59979.73344976471, "p50": 59979.73344976471, "p90": 59979.73344976471, "p95": 59979.73344976471, "p99": 59979.73344976471, "max": 59979.73344976471}}
{"actual_qps": 5.81665883580876, "success_rate": 100.0, "input_tokens": 4106, "output_tokens": 174, "model": "meta-llama/Llama-3.1-8B-Instruct", "input_tokens_per_minute": 1409505.051406965, "output_tokens_per_minute": 59991.53428924197, "slo_seconds": 5.0, "slo_attainment": 98.8538681948424, "ttft_slo_ms": 1000, "ttft_slo_attainment": 92.55014326647564, "tpot_slo_ms": 50, "tpot_slo_attainment": 100.0, "Latency": {"unit": "s", "min": 0.2512334929779172, "p50": 2.919152538990602, "p90": 3.8840320135466753, "p95": 4.190256894472986, "p99": 5.027049595797428, "max": 6.663618179038167}, "Throughput": {"unit": "tokens/s", "min": 15.19949952493623, "p50": 61.27002171925826, "p90": 80.01841948131646, "p95": 86.0427371863317, "p99": 100.64966848070564, "max": 103.57273168840109}, "TTFT": {"unit": "s", "min": 0.04818799486383796, "p50": 0.4238039650954306, "p90": 0.8688408826943487, "p95": 1.1145060618408014, "p99": 1.6240426352061308, "max": 2.6377687761560082}, "TPOT": {"unit": "ms", "min": 7.460229922659122, "p50": 13.162824306543449, "p90": 17.388222996267167, "p95": 19.299687793122676, "p99": 30.45997627844496, "max": 38.91559099942884}, "Input Tokens per Minute": {"unit": "tokens/min", "min": 1409505.051406965, "p50": 1409505.051406965, "p90": 1409505.051406965, "p95": 1409505.051406965, "p99": 1409505.051406965, "max": 1409505.051406965}, "Output Tokens per Minute": {"unit": "tokens/min", "min": 59991.53428924197, "p50": 59991.53428924197, "p90": 59991.53428924197, "p95": 59991.53428924197, "p99": 59991.53428924197, "max": 59991.53428924197}}
{"actual_qps": 5.737736316902995, "success_rate": 100.0, "input_tokens": 3988, "output_tokens": 178,