{"actual_qps": 6.399375470807355, "success_rate": 100.0, "input_tokens": 3976, "output_tokens": 171, "model": "meta-llama/Llama-3.1-8B-Instruct", "input_tokens_per_minute": 1416190.7210507898, "output_tokens_per_minute": 61179.0216521541, "slo_seconds": 5.0, "slo_attainment": 64.9025069637883, "ttft_slo_ms": 1000, "ttft_slo_attainment": 31.197771587743734, "tpot_slo_ms": 50, "tpot_slo_attainment": 99.44289693593315, "Latency": {"unit": "s", "min": 0.695585795911029, "p50": 3.9957253879401833, "p90": 7.53035632725805, "p95": 8.92240029545501, "p99": 11.32496899076272, "max": 13.550544142024592}, "Throughput": {"unit": "tokens/s", "min": 4.228108962749906, "p50": 42.56006646923444, "p90": 62.39644536404234, "p95": 67.47055262775564, "p99": 75.75713182336403, "max": 84.13105732325589}, "TTFT": {"unit": "s", "min": 0.18422413314692676, "p50": 1.5029541060794145, "p90": 4.875185514846816, "p95": 5.711135369632392, "p99": 7.502670744955541, "max": 9.101708111120388}, "TPOT": {"unit": "ms", "min": 4.307835998658378, "p50": 13.877626036463138, "p90": 18.393119768094476, "p95": 21.991132681688576, "p99": 39.46980552845886, "max": 57.46708679944277}, "Input Tokens per Minute": {"unit": "tokens/min", "min": 1416190.7210507898, "p50": 1416190.7210507898, "p90": 1416190.7210507898, "p95": 1416190.7210507898, "p99": 1416190.7210507898, "max": 1416190.7210507898}, "Output Tokens per Minute": {"unit": "tokens/min", "min": 61179.0216521541, "p50": 61179.0216521541, "p90": 61179.0216521541, "p95": 61179.0216521541, "p99": 61179.0216521541, "max": 61179.0216521541}}
{"actual_qps": 5.349150946198699, "success_rate": 100.0, "input_tokens": 3948, "output_tokens": 175, "model": "meta-llama/Llama-3.1-8B-Instruct", "input_tokens_per_minute": 1285068.0137295648, "output_tokens_per_minute": 57056.633267471225, "slo_seconds": 5.0, "slo_attainment": 99.39024390243902, "ttft_slo_ms": 1000, "ttft_slo_attainment": 69.51219512195121, "tpot_slo_ms": 50, "tpot_slo_attainment": 100.0, "Latency": {"unit": "s", "min": 0.5914843350183219, "p50": 3.2042644260218367, "p90": 4.031644703377969, "p95": 4.203872890188359, "p99": 4.791578925340437, "max": 5.576727356063202}, "Throughput": {"unit": "tokens/s", "min": 10.9375840893592, "p50": 57.917907594492235, "p90": 70.08733413561485, "p95": 74.21577114270798, "p99": 80.91801287371972, "max": 94.78287701071572}, "TTFT": {"unit": "s", "min": 0.19336430984549224, "p50": 0.8118722359649837, "p90": 1.4147407106123866, "p95": 1.6091095890151337, "p99": 2.0732073738100008, "max": 2.8527264851145446}, "TPOT": {"unit": "ms", "min": 6.825226824730635, "p50": 12.705459949167341, "p90": 14.97074053917623, "p95": 15.48112186985839, "p99": 19.523974378336685, "max": 25.5016414554451}, "Input Tokens per Minute": {"unit": "tokens/min", "min": 1285068.0137295648, "p50": 1285068.0137295648, "p90": 1285068.0137295648, "p95": 1285068.0137295648, "p99": 1285068.0137295648, "max": 1285068.0137295648}, "Output Tokens per Minute": {"unit": "tokens/min", "min": 57056.633267471225, "p50": 57056.633267471225, "p90": 57056.633267471225, "p95": 57056.633267471225, "p99": 57056.633267471225, "max": 57056.633267471225}}
{"actual_qps": 5.325362003529256, "success_rate": 100.0, "input_tokens": 3909, "output_tokens": 175, "model": "meta-llama/Llama-3.1-8B-Instruct", "input_tokens_per_minute": 1249061.8532317246, "output_tokens_per_minute": 56046.62330944302, "slo_seconds": 5.0, "slo_attainment": 99.68944099378882, "ttft_slo_ms": 1000, "ttft_slo_attainment": 72.36024844720497, "tpot_slo_ms": 50, "tpot_slo_attainment": 100.0, "Latency": {"unit": "s", "min": 0.5533122150227427, "p50": 3.123652105103247, "p90": 4.110322617948987, "p95": 4.378749658190645, "p99": 4.907001147435513, "max": 5.041124860057607}, "Throughput": {"unit": "tokens/s", "min": 7.874069798756255, "p50": 58.56539603809843, "p90": 72.25866840955844, "p95": 74.49800898463126, "p99": 80.56933411775753, "max": 96.90172655174045}, "TTFT": {"unit": "s", "min": 0.1250033739488572, "p50": 0.7042841815855354, "p90": 1.5165810068370789, "p95": 1.8669927020906465, "p99": 2.1123391371080658, "max": 2.293749462114647}, "TPOT": {"unit": "ms", "min": 3.3455334321063543, "p50": 12.821073567812991, "p90": 15.728811435342251, "p95": 16.621327318413968, "p99": 20.669221082620975, "max": 30.499071742479618}, "Input Tokens per Minute": {"unit": "tokens/min", "min": 1249061.8532317246, "p50": 1249061.8532317246, "p90": 1249061.8532317246, "p95": 1249061.8532317246, "p99": 1249061.8532317246, "max": 1249061.8532317246}, "Output Tokens per Minute": {"unit": "tokens/min", "min": 56046.62330944302, "p50": 56046.62330944302, "p90": 56046.62330944302, "p95": 56046.62330944302, "p99": 56046.62330944302, "max": 56046.62330944302}}
{"actual_qps": 5.751253973882449, "success_rate": 100.0, "input_tokens": 4130, "output_tokens": 177, "model": "meta-llama/Llama-3.1-8B-Instruct", "input_tokens_per_minute": 1425346.089427572, "output_tokens_per_minute": 61270.57340690139, "slo_seconds": 5.0, "slo_attainment": 99.42857142857143, "ttft_slo_ms": 1000, "ttft_slo_attainment": 76.85714285714286, "tpot_slo_ms": 50, "tpot_slo_attainment": 100.0, "Latency": {"unit": "s", "min": 0.6233280170708895, "p50": 3.27191681007389, "p90": 4.165712497965433, "p95": 4.457311169407331, "p99": 4.952527884906158, "max": 5.10545165813528}, "Throughput": {"unit": "tokens/s", "min": 7.438267626182351, "p50": 56.85018995889956, "p90": 76.47301225274838, "p95": 83.1840013661319, "p99": 98.99276616962172, "max": 105.18155045735779}, "TTFT": {"unit": "s", "min": 0.06469653313979506, "p50": 0.6398665749002248, "p90": 1.3174785871058703, "p95": 1.4987392381648534, "p99": 1.9700258296099489, "max": 2.3194763818755746}, "TPOT": {"unit": "ms", "min": 6.5809438854236815, "p50": 13.608514708607228, "p90": 17.081348481588066, "p95": 18.144951577663388, "p99": 22.321096131066362, "max": 31.957314116880298}, "Input Tokens per Minute": {"unit": "tokens/min", "min": 1425346.089427572, "p50": 1425346.089427572, "p90": 1425346.089427572, "p95": 1425346.089427572, "p99": 1425346.089427572, "max": 1425346.089427572}, "Output Tokens per Minute": {"unit": "tokens/min", "min": 61270.57340690139, "p50": 61270.57340690139, "p90": 61270.57340690139, "p95": 61270.57340690139, "p99": 61270.57340690139, "max": 61270.57340690139}}
{"actual_qps": 5.499991455035522, "success_rate": 100.0, "input_tokens": 3920, "output_tokens": 174, "model": "meta-llama/Llama-3.1-8B-Instruct", "input_tokens_per_minute": 1314263.4123882484, "output_tokens_per_minute": 58515.88707495381, "slo_seconds": 5.0, "slo_attainment": 96.47058823529412, "ttft_slo_ms": 1000, "ttft_slo_attainment": 85.58823529411764, "tpot_slo_ms": 50, "tpot_slo_attainment": 100.0, "Latency": {"unit": "s", "min": 0.4987880322150886, "p50": 3.2199799756053835, "p90": 4.2566671313485145, "p95": 4.686517289374024, "p99": 5.725959216400516, "max": 6.473291470902041}, "Throughput": {"unit": "tokens/s", "min": 11.030030778159352, "p50": 57.043109360707305, "p90": 77.76949970872575, "p95": 86.63262284893416, "p99": 98.25674705457004, "max": 111.5834373494821}, "TTFT": {"unit": "s", "min": 0.05606059287674725, "p50": 0.5156650069402531, "p90": 1.1746400527190421, "p95": 1.4033719132537956, "p99": 1.7819869718956778, "max": 2.0777388580609113}, "TPOT": {"unit": "ms", "min": 7.686789895436077, "p50": 13.94191626709215, "p90": 18.402525798411546, "p95": 20.65922650485009, "p99": 24.597078391108617, "max": 29.309018769047476}, "Input Tokens per Minute": {"unit": "tokens/min", "min": 1314263.4123882484, "p50": 1314263.4123882484, "p90": 1314263.4123882484, "p95": 1314263.4123882484, "p99": 1314263.4123882484, "max": 1314263.4123882484}, "Output Tokens per Minute": {"unit": "tokens/min", "min": 58515.88707495381, "p50": 58515.88707495381, "p90": 58515.88707495381, "p95": 58515.88707495381, "p99": 58515.88707495381, "max": 58515.88707495381}}
{"actual_qps": 5.163960500925103, "success_rate": 100.0, "input_tokens": 4139, "output_tokens": 172,