{"actual_qps": 5.654977717862061, "success_rate": 100.0, "input_tokens": 4281, "output_tokens": 179, "model": "meta-llama/Llama-3.1-8B-Instruct", "input_tokens_per_minute": 1313340.3000848745, "output_tokens_per_minute": 55134.060082509335, "slo_seconds": 5.0, "slo_attainment": 60.45016077170418, "ttft_slo_ms": 1000, "ttft_slo_attainment": 38.58520900321543, "tpot_slo_ms": 50, "tpot_slo_attainment": 99.35691318327974, "Latency": {"unit": "s", "min": 0.5541829380672425, "p50": 4.236066499026492, "p90": 7.6230828270781785, "p95": 8.740296167437918, "p99": 12.023094470333293, "max": 14.848243896150962}, "Throughput": {"unit": "tokens/s", "min": 3.0307317100641633, "p50": 41.05903562494348, "p90": 70.3738735371674, "p95": 80.37705426664812, "p99": 90.49982332520119, "max": 96.75855801522125}, "TTFT": {"unit": "s", "min": 0.14446953497827053, "p50": 1.5117776589468122, "p90": 4.991614921949804, "p95": 6.314418753958307, "p99": 9.377936935308375, "max": 11.374671390047297}, "TPOT": {"unit": "ms", "min": 6.341142577573133, "p50": 13.574430070836192, "p90": 20.764350819743083, "p95": 25.47481393092209, "p99": 47.25695209176965, "max": 76.61553657649515}, "Input Tokens per Minute": {"unit": "tokens/min", "min": 1313340.3000848745, "p50": 1313340.3000848745, "p90": 1313340.3000848745, "p95": 1313340.3000848745, "p99": 1313340.3000848745, "max": 1313340.3000848745}, "Output Tokens per Minute": {"unit": "tokens/min", "min": 55134.060082509335, "p50": 55134.060082509335, "p90": 55134.060082509335, "p95": 55134.060082509335, "p99": 55134.060082509335, "max": 55134.060082509335}}
{"actual_qps": 4.598868743309938, "success_rate": 100.0, "input_tokens": 4268, "output_tokens": 181, "model": "meta-llama/Llama-3.1-8B-Instruct", "input_tokens_per_minute": 1262018.9326141167, "output_tokens_per_minute": 53613.611809507245, "slo_seconds": 5.0, "slo_attainment": 97.66666666666667, "ttft_slo_ms": 1000, "ttft_slo_attainment": 78.0, "tpot_slo_ms": 50, "tpot_slo_attainment": 100.0, "Latency": {"unit": "s", "min": 0.5750723630189896, "p50": 3.1955632275203243, "p90": 4.047811090596952, "p95": 4.282569834822789, "p99": 6.14721661100164, "max": 6.957516577094793}, "Throughput": {"unit": "tokens/s", "min": 8.974834568671351, "p50": 60.1923073882016, "p90": 71.38025286257547, "p95": 74.71161767745186, "p99": 80.64959261396068, "max": 95.18045934660611}, "TTFT": {"unit": "s", "min": 0.10575162898749113, "p50": 0.6498576159356162, "p90": 1.3491068766452374, "p95": 1.6274206368252637, "p99": 2.6159093371033624, "max": 4.132574347080663}, "TPOT": {"unit": "ms", "min": 4.644080243237755, "p50": 13.039903738652942, "p90": 15.216790078600974, "p95": 16.42683402239696, "p99": 17.764585608113617, "max": 19.622092896294017}, "Input Tokens per Minute": {"unit": "tokens/min", "min": 1262018.9326141167, "p50": 1262018.9326141167, "p90": 1262018.9326141167, "p95": 1262018.9326141167, "p99": 1262018.9326141167, "max": 1262018.9326141167}, "Output Tokens per Minute": {"unit": "tokens/min", "min": 53613.611809507245, "p50": 53613.611809507245, "p90": 53613.611809507245, "p95": 53613.611809507245, "p99": 53613.611809507245, "max": 53613.611809507245}}
{"actual_qps": 4.753902157212241, "success_rate": 100.0, "input_tokens": 4244, "output_tokens": 181, "model": "meta-llama/Llama-3.1-8B-Instruct", "input_tokens_per_minute": 1193990.0658054263, "output_tokens_per_minute": 50989.04311697374, "slo_seconds": 5.0, "slo_attainment": 98.6013986013986, "ttft_slo_ms": 1000, "ttft_slo_attainment": 79.72027972027972, "tpot_slo_ms": 50, "tpot_slo_attainment": 99.65034965034964, "Latency": {"unit": "s", "min": 0.5559384720399976, "p50": 3.051631792448461, "p90": 3.9507162774680182, "p95": 4.399237038800493, "p99": 5.113127131864893, "max": 5.370921308873221}, "Throughput": {"unit": "tokens/s", "min": 10.355823193746348, "p50": 62.3787377410854, "p90": 77.7622140184034, "p95": 81.228791123868, "p99": 86.94535303882684, "max": 93.8909749306357}, "TTFT": {"unit": "s", "min": 0.15486917016096413, "p50": 0.5670404989505187, "p90": 1.321601187926717, "p95": 1.668159820663277, "p99": 2.0713680621003725, "max": 3.1485170538071543}, "TPOT": {"unit": "ms", "min": 7.726908702512874, "p50": 12.66565077456098, "p90": 14.796157867118866, "p95": 15.955221264015684, "p99": 20.871685803073678, "max": 50.00240337297631}, "Input Tokens per Minute": {"unit": "tokens/min", "min": 1193990.0658054263, "p50": 1193990.0658054263, "p90": 1193990.0658054263, "p95": 1193990.0658054263, "p99": 1193990.0658054263, "max": 1193990.0658054263}, "Output Tokens per Minute": {"unit": "tokens/min", "min": 50989.04311697374, "p50": 50989.04311697374, "p90": 50989.04311697374, "p95": 50989.04311697374, "p99": 50989.04311697374, "max": 50989.04311697374}}
{"actual_qps": 4.755270735712421, "success_rate": 100.0, "input_tokens": 4311, "output_tokens": 185, "model": "meta-llama/Llama-3.1-8B-Instruct", "input_tokens_per_minute": 1242580.1915372743, "output_tokens_per_minute": 53395.82902980789, "slo_seconds": 5.0, "slo_attainment": 100.0, "ttft_slo_ms": 1000, "ttft_slo_attainment": 97.26962457337885, "tpot_slo_ms": 50, "tpot_slo_attainment": 100.0, "Latency": {"unit": "s", "min": 0.3182650550734252, "p50": 2.888878951780498, "p90": 3.5690260449890046, "p95": 3.8083219294901935, "p99": 4.457904317779464, "max": 4.90969964209944}, "Throughput": {"unit": "tokens/s", "min": 17.926208393003396, "p50": 66.75962022104578, "p90": 82.18790270062064, "p95": 89.08459064006435, "p99": 98.78159150795469, "max": 103.8193014552566}, "TTFT": {"unit": "s", "min": 0.05117178079672158, "p50": 0.35604372690431774, "p90": 0.7084163839928806, "p95": 0.8205098876729602, "p99": 1.2300250191800293, "max": 1.646941636921838}, "TPOT": {"unit": "ms", "min": 8.517266515441039, "p50": 13.015547678361287, "p90": 15.446814628383471, "p95": 16.64402299705686, "p99": 19.095402194056, "max": 22.880660532973707}, "Input Tokens per Minute": {"unit": "tokens/min", "min": 1242580.1915372743, "p50": 1242580.1915372743, "p90": 1242580.1915372743, "p95": 1242580.1915372743, "p99": 1242580.1915372743, "max": 1242580.1915372743}, "Output Tokens per Minute": {"unit": "tokens/min", "min": 53395.82902980789, "p50": 53395.82902980789, "p90": 53395.82902980789, "p95": 53395.82902980789, "p99": 53395.82902980789, "max": 53395.82902980789}}
{"actual_qps": 5.5246235215107795, "success_rate": 100.0, "input_tokens": 4158, "output_tokens": 183, "model": "meta-llama/Llama-3.1-8B-Instruct", "input_tokens_per_minute": 1333510.864868503, "output_tokens_per_minute": 58889.04493629692, "slo_seconds": 5.0, "slo_attainment": 99.38650306748467, "ttft_slo_ms": 1000, "ttft_slo_attainment": 94.47852760736197, "tpot_slo_ms": 50, "tpot_slo_attainment": 100.0, "Latency": {"unit": "s", "min": 0.6073352401144803, "p50": 2.888175860978663, "p90": 3.857548377593048, "p95": 4.071768088382669, "p99": 4.689508270996157, "max": 5.5002695601433516}, "Throughput": {"unit": "tokens/s", "min": 14.374616993306764, "p50": 64.87216290259153, "p90": 81.78840126578487, "p95": 87.31373958965882, "p99": 100.11932340663654, "max": 103.46914997729594}, "TTFT": {"unit": "s", "min": 0.04085899097844958, "p50": 0.3600926235085353, "p90": 0.6883791310247034, "p95": 1.0421603076974861, "p99": 1.5836777088698, "max": 1.960554838180542}, "TPOT": {"unit": "ms", "min": 8.772337496814192, "p50": 13.203991271073383, "p90": 17.694066743712742, "p95": 18.751378263868673, "p99": 22.90461771470843, "max": 37.26535350350397}, "Input Tokens per Minute": {"unit": "tokens/min", "min": 1333510.864868503, "p50": 1333510.864868503, "p90": 1333510.864868503, "p95": 1333510.864868503, "p99": 1333510.864868503, "max": 1333510.864868503}, "Output Tokens per Minute": {"unit": "tokens/min", "min": 58889.04493629692, "p50": 58889.04493629692, "p90": 58889.04493629692, "p95": 58889.04493629692, "p99": 58889.04493629692, "max": 58889.04493629692}}
{"actual_qps": 4.6499451690061075, "success_rate": 100.0, "input_tokens": 4118, "output_tokens": 181,