{"actual_qps": 5.286237884337232, "success_rate": 100.0, "input_tokens": 4143, "output_tokens": 176, "model": "meta-llama/Llama-3.1-8B-Instruct", "input_tokens_per_minute": 1260511.2120211709, "output_tokens_per_minute": 53674.04007087964, "slo_seconds": 5.0, "slo_attainment": 50.65359477124183, "ttft_slo_ms": 1000, "ttft_slo_attainment": 27.450980392156865, "tpot_slo_ms": 50, "tpot_slo_attainment": 99.34640522875817, "Latency": {"unit": "s", "min": 0.737505153985694, "p50": 4.912621857482009, "p90": 9.666756506427191, "p95": 10.241725731466431, "p99": 12.112295443715988, "max": 19.42384851910174}, "Throughput": {"unit": "tokens/s", "min": 1.9526325078385107, "p50": 30.93628401531674, "p90": 66.2273164730704, "p95": 77.1156285325395, "p99": 92.73262347682737, "max": 102.55387499499622}, "TTFT": {"unit": "s", "min": 0.2044236280489713, "p50": 2.4191497749416158, "p90": 7.384718514396809, "p95": 7.906172052084003, "p99": 8.158823213144204, "max": 16.752984726103023}, "TPOT": {"unit": "ms", "min": 6.480994907653202, "p50": 13.423739562756452, "p90": 19.693348972108122, "p95": 22.769984232357167, "p99": 42.538082338750144, "max": 114.06369459194441}, "Input Tokens per Minute": {"unit": "tokens/min", "min": 1260511.2120211709, "p50": 1260511.2120211709, "p90": 1260511.2120211709, "p95": 1260511.2120211709, "p99": 1260511.2120211709, "max": 1260511.2120211709}, "Output Tokens per Minute": {"unit": "tokens/min", "min": 53674.04007087964, "p50": 53674.04007087964, "p90": 53674.04007087964, "p95": 53674.04007087964, "p99": 53674.04007087964, "max": 53674.04007087964}}
{"actual_qps": 5.092277392096985, "success_rate": 100.0, "input_tokens": 4231, "output_tokens": 175, "model": "meta-llama/Llama-3.1-8B-Instruct", "input_tokens_per_minute": 1237061.1956257927, "output_tokens_per_minute": 51316.60997236611, "slo_seconds": 5.0, "slo_attainment": 95.23809523809523, "ttft_slo_ms": 1000, "ttft_slo_attainment": 58.843537414965986, "tpot_slo_ms": 50, "tpot_slo_attainment": 100.0, "Latency": {"unit": "s", "min": 0.4880049889907241, "p50": 3.4200075294356793, "p90": 4.377382835373282, "p95": 4.694616719335317, "p99": 6.05212920081103, "max": 7.416028744075447}, "Throughput": {"unit": "tokens/s", "min": 3.9411793079008897, "p50": 54.156865039969134, "p90": 71.09224346632139, "p95": 76.21030203171897, "p99": 84.657745304737, "max": 104.37621714136876}, "TTFT": {"unit": "s", "min": 0.09773003705777228, "p50": 0.8990535089978948, "p90": 1.6970233941450714, "p95": 2.1730516745476005, "p99": 3.2682048798771506, "max": 4.948017904069275}, "TPOT": {"unit": "ms", "min": 5.676941376115228, "p50": 13.050176901742816, "p90": 16.100216781528637, "p95": 17.98430591782581, "p99": 22.926558257546272, "max": 27.059164764031994}, "Input Tokens per Minute": {"unit": "tokens/min", "min": 1237061.1956257927, "p50": 1237061.1956257927, "p90": 1237061.1956257927, "p95": 1237061.1956257927, "p99": 1237061.1956257927, "max": 1237061.1956257927}, "Output Tokens per Minute": {"unit": "tokens/min", "min": 51316.60997236611, "p50": 51316.60997236611, "p90": 51316.60997236611, "p95": 51316.60997236611, "p99": 51316.60997236611, "max": 51316.60997236611}}
{"actual_qps": 5.0801970154890395, "success_rate": 100.0, "input_tokens": 4263, "output_tokens": 181, "model": "meta-llama/Llama-3.1-8B-Instruct", "input_tokens_per_minute": 1287039.8001625089, "output_tokens_per_minute": 54734.93044629909, "slo_seconds": 5.0, "slo_attainment": 95.42483660130719, "ttft_slo_ms": 1000, "ttft_slo_attainment": 55.55555555555556, "tpot_slo_ms": 50, "tpot_slo_attainment": 100.0, "Latency": {"unit": "s", "min": 0.5003978139720857, "p50": 3.3831159379333258, "p90": 4.55726585292723, "p95": 4.958517871447839, "p99": 5.9057897924911185, "max": 6.197989241918549}, "Throughput": {"unit": "tokens/s", "min": 6.763644106303361, "p50": 55.513184910128864, "p90": 71.39341829007515, "p95": 75.00475813833701, "p99": 88.57123985067818, "max": 98.2712778207677}, "TTFT": {"unit": "s", "min": 0.15505419694818556, "p50": 0.9154590760590509, "p90": 1.989590223878622, "p95": 2.326699879777152, "p99": 2.96121957526775, "max": 3.6897130340803415}, "TPOT": {"unit": "ms", "min": 4.904886474832892, "p50": 12.770143802512635, "p90": 15.408817796860284, "p95": 16.488142654383974, "p99": 23.19065862131151, "max": 25.96777774423601}, "Input Tokens per Minute": {"unit": "tokens/min", "min": 1287039.8001625089, "p50": 1287039.8001625089, "p90": 1287039.8001625089, "p95": 1287039.8001625089, "p99": 1287039.8001625089, "max": 1287039.8001625089}, "Output Tokens per Minute": {"unit": "tokens/min", "min": 54734.93044629909, "p50": 54734.93044629909, "p90": 54734.93044629909, "p95": 54734.93044629909, "p99": 54734.93044629909, "max": 54734.93044629909}}
{"actual_qps": 5.141754673294673, "success_rate": 100.0, "input_tokens": 4350, "output_tokens": 170, "model": "meta-llama/Llama-3.1-8B-Instruct", "input_tokens_per_minute": 1406534.7117254334, "output_tokens_per_minute": 55263.84206587074, "slo_seconds": 5.0, "slo_attainment": 92.3780487804878, "ttft_slo_ms": 1000, "ttft_slo_attainment": 73.47560975609755, "tpot_slo_ms": 50, "tpot_slo_attainment": 100.0, "Latency": {"unit": "s", "min": 0.2700940810609609, "p50": 2.9859733660705388, "p90": 4.773919407697395, "p95": 5.42183452658355, "p99": 6.7405030250875315, "max": 9.778354275040329}, "Throughput": {"unit": "tokens/s", "min": 8.076565261437342, "p50": 58.79471757441989, "p90": 76.45945898340649, "p95": 80.95589010230758, "p99": 94.85352859184982, "max": 115.2788329392254}, "TTFT": {"unit": "s", "min": 0.04382613697089255, "p50": 0.5245373221114278, "p90": 1.9400402023457002, "p95": 2.9676728375023225, "p99": 4.041696228396616, "max": 7.359007372986525}, "TPOT": {"unit": "ms", "min": 8.497978602746624, "p50": 13.017955285862051, "p90": 16.17888454008548, "p95": 17.49087623112803, "p99": 20.64030892457924, "max": 36.53028123902485}, "Input Tokens per Minute": {"unit": "tokens/min", "min": 1406534.7117254334, "p50": 1406534.7117254334, "p90": 1406534.7117254334, "p95": 1406534.7117254334, "p99": 1406534.7117254334, "max": 1406534.7117254334}, "Output Tokens per Minute": {"unit": "tokens/min", "min": 55263.84206587074, "p50": 55263.84206587074, "p90": 55263.84206587074, "p95": 55263.84206587074, "p99": 55263.84206587074, "max": 55263.84206587074}}
{"actual_qps": 5.065609965860063, "success_rate": 100.0, "input_tokens": 4219, "output_tokens": 177, "model": "meta-llama/Llama-3.1-8B-Instruct", "input_tokens_per_minute": 1282530.803428163, "output_tokens_per_minute": 53899.07365033668, "slo_seconds": 5.0, "slo_attainment": 97.73462783171522, "ttft_slo_ms": 1000, "ttft_slo_attainment": 96.44012944983818, "tpot_slo_ms": 50, "tpot_slo_attainment": 100.0, "Latency": {"unit": "s", "min": 0.3912189989350736, "p50": 2.770568100968376, "p90": 3.947421790799126, "p95": 4.286702795047312, "p99": 5.6740114344656485, "max": 5.915376267861575}, "Throughput": {"unit": "tokens/s", "min": 12.279244350590785, "p50": 63.8871849596127, "p90": 84.86591901043437, "p95": 92.31758436105437, "p99": 100.91326916237755, "max": 103.18789380311556}, "TTFT": {"unit": "s", "min": 0.04223111714236438, "p50": 0.3761002430692315, "p90": 0.7247167163528501, "p95": 0.8567643144633619, "p99": 1.4871943525783762, "max": 2.171533667948097}, "TPOT": {"unit": "ms", "min": 7.751445510777934, "p50": 13.181530799127028, "p90": 17.407829792284783, "p95": 19.216865704315317, "p99": 25.993181098100603, "max": 45.5814081189387}, "Input Tokens per Minute": {"unit": "tokens/min", "min": 1282530.803428163, "p50": 1282530.803428163, "p90": 1282530.803428163, "p95": 1282530.803428163, "p99": 1282530.803428163, "max": 1282530.803428163}, "Output Tokens per Minute": {"unit": "tokens/min", "min": 53899.07365033668, "p50": 53899.07365033668, "p90": 53899.07365033668, "p95": 53899.07365033668, "p99": 53899.07365033668, "max": 53899.07365033668}}
{"actual_qps": 5.316641078821403, "success_rate": 100.0, "input_tokens": 4279, "output_tokens": 174,