{"target_qps": 5.0, "actual_qps": 4.999153319817341, "success_rate": 100.0, "input_tokens": 4074, "output_tokens": 180, "model": "meta-llama/Llama-3.1-8B-Instruct", "input_tokens_per_minute": 1222496.8641114982, "output_tokens_per_minute": 54236.23693379791, "slo_seconds": 5.0, "slo_attainment": 100.0, "ttft_slo_ms": 1000, "ttft_slo_attainment": 99.65156794425087, "tpot_slo_ms": 50, "tpot_slo_attainment": 100.0, "Latency": {"unit": "s", "min": 0.29242274491116405, "p50": 2.1287306430749595, "p90": 2.7843146379571415, "p95": 2.9964525650255376, "p99": 3.2478541151713562, "max": 3.500499226851389}, "Throughput": {"unit": "tokens/s", "min": 40.95755269678318, "p50": 88.7197681193784, "p90": 110.3600526742163, "p95": 116.93416521356141, "p99": 124.4459780574628, "max": 128.9314847082548}, "TTFT": {"unit": "s", "min": 0.06266561197116971, "p50": 0.22337545012123883, "p90": 0.3218680553603918, "p95": 0.36366169680841265, "p99": 0.5205329554388298, "max": 1.518626602133736}, "TPOT": {"unit": "ms", "min": 7.220033055461531, "p50": 9.93909238692579, "p90": 12.778155595393104, "p95": 13.896264460747453, "p99": 15.34410549981033, "max": 16.002206703947493}, "Input Tokens per Minute": {"unit": "tokens/min", "min": 1222496.8641114982, "p50": 1222496.8641114982, "p90": 1222496.8641114982, "p95": 1222496.8641114982, "p99": 1222496.8641114982, "max": 1222496.8641114982}, "Output Tokens per Minute": {"unit": "tokens/min", "min": 54236.23693379791, "p50": 54236.23693379791, "p90": 54236.23693379791, "p95": 54236.23693379791, "p99": 54236.23693379791, "max": 54236.23693379791}}
{"target_qps": 5.0, "actual_qps": 4.999370714619516, "success_rate": 100.0, "input_tokens": 4123, "output_tokens": 177, "model": "meta-llama/Llama-3.1-8B-Instruct", "input_tokens_per_minute": 1240915.8326423233, "output_tokens_per_minute": 53525.93459528426, "slo_seconds": 5.0, "slo_attainment": 100.0, "ttft_slo_ms": 1000, "ttft_slo_attainment": 100.0, "tpot_slo_ms": 50, "tpot_slo_attainment": 100.0, "Latency": {"unit": "s", "min": 0.288540962850675, "p50": 2.492686042096466, "p90": 2.9626548741944134, "p95": 3.067678688792512, "p99": 3.3000689381733537, "max": 3.678676168899983}, "Throughput": {"unit": "tokens/s", "min": 33.93873060292069, "p50": 76.10705349630156, "p90": 88.59799587544391, "p95": 91.84400245016516, "p99": 101.05525274814552, "max": 104.66502098647493}, "TTFT": {"unit": "s", "min": 0.04349469882436097, "p50": 0.21933687897399068, "p90": 0.3196560360956937, "p95": 0.34302904503419995, "p99": 0.48813922493718565, "max": 0.6346213021315634}, "TPOT": {"unit": "ms", "min": 7.175753669192393, "p50": 11.650407000037667, "p90": 13.895878478201414, "p95": 14.897503668966529, "p99": 17.427319643232767, "max": 20.276193933871884}, "Input Tokens per Minute": {"unit": "tokens/min", "min": 1240915.8326423233, "p50": 1240915.8326423233, "p90": 1240915.8326423233, "p95": 1240915.8326423233, "p99": 1240915.8326423233, "max": 1240915.8326423233}, "Output Tokens per Minute": {"unit": "tokens/min", "min": 53525.93459528426, "p50": 53525.93459528426, "p90": 53525.93459528426, "p95": 53525.93459528426, "p99": 53525.93459528426, "max": 53525.93459528426}}
{"target_qps": 5.0, "actual_qps": 4.999539970335672, "success_rate": 100.0, "input_tokens": 4106, "output_tokens": 173, "model": "meta-llama/Llama-3.1-8B-Instruct", "input_tokens_per_minute": 1231839.1304347825, "output_tokens_per_minute": 52147.82608695652, "slo_seconds": 5.0, "slo_attainment": 100.0, "ttft_slo_ms": 1000, "ttft_slo_attainment": 100.0, "tpot_slo_ms": 50, "tpot_slo_attainment": 100.0, "Latency": {"unit": "s", "min": 0.3551904729101807, "p50": 2.4867369381245226, "p90": 2.9533116228412837, "p95": 3.1261503805872044, "p99": 3.6117847325047467, "max": 4.545769882155582}, "Throughput": {"unit": "tokens/s", "min": 23.284379560331924, "p50": 77.61348833750203, "p90": 88.84951701893132, "p95": 92.10263405070764, "p99": 99.89127567908247, "max": 109.9293389650002}, "TTFT": {"unit": "s", "min": 0.048064932925626636, "p50": 0.21395132294856012, "p90": 0.3200169880874455, "p95": 0.3531357013154771, "p99": 0.5205172524927183, "max": 0.5627633279655129}, "TPOT": {"unit": "ms", "min": 2.0952192409073604, "p50": 11.627349527505922, "p90": 13.877632683265531, "p95": 14.919109431788058, "p99": 20.016501423040896, "max": 26.600086404120223}, "Input Tokens per Minute": {"unit": "tokens/min", "min": 1231839.1304347825, "p50": 1231839.1304347825, "p90": 1231839.1304347825, "p95": 1231839.1304347825, "p99": 1231839.1304347825, "max": 1231839.1304347825}, "Output Tokens per Minute": {"unit": "tokens/min", "min": 52147.82608695652, "p50": 52147.82608695652, "p90": 52147.82608695652, "p95": 52147.82608695652, "p99": 52147.82608695652, "max": 52147.82608695652}}
{"target_qps": 5.0, "actual_qps": 4.999970116772944, "success_rate": 100.0, "input_tokens": 3967, "output_tokens": 180, "model": "meta-llama/Llama-3.1-8B-Instruct", "input_tokens_per_minute": 1190109.0, "output_tokens_per_minute": 54132.0, "slo_seconds": 5.0, "slo_attainment": 100.0, "ttft_slo_ms": 1000, "ttft_slo_attainment": 100.0, "tpot_slo_ms": 50, "tpot_slo_attainment": 100.0, "Latency": {"unit": "s", "min": 0.24791674898006022, "p50": 2.3890632019611076, "p90": 2.836659132037312, "p95": 3.0027548949117775, "p99": 3.373264363952912, "max": 3.4922183169983327}, "Throughput": {"unit": "tokens/s", "min": 39.2546217365557, "p50": 80.13275359368153, "p90": 94.39260318492227, "p95": 97.86089330395976, "p99": 104.34250753163879, "max": 111.92682529840842}, "TTFT": {"unit": "s", "min": 0.024530918803066015, "p50": 0.19080918515101075, "p90": 0.31081322804093364, "p95": 0.37417424788000064, "p99": 0.6090778793790377, "max": 0.7006729219574481}, "TPOT": {"unit": "ms", "min": 8.347315403322378, "p50": 11.373189739513226, "p90": 13.246634451771907, "p95": 13.77127875607757, "p99": 15.86312294263675, "max": 16.22406739727524}, "Input Tokens per Minute": {"unit": "tokens/min", "min": 1190109.0, "p50": 1190109.0, "p90": 1190109.0, "p95": 1190109.0, "p99": 1190109.0, "max": 1190109.0}, "Output Tokens per Minute": {"unit": "tokens/min", "min": 54132.0, "p50": 54132.0, "p90": 54132.0, "p95": 54132.0, "p99": 54132.0, "max": 54132.0}}
{"target_qps": 5.0, "actual_qps": 4.999927679036327, "success_rate": 100.0, "input_tokens": 4080, "output_tokens": 170, "model": "meta-llama/Llama-3.1-8B-Instruct", "input_tokens_per_minute": 1228048.0119971135, "output_tokens_per_minute": 51335.30561054031, "slo_seconds": 5.0, "slo_attainment": 100.0, "ttft_slo_ms": 1000, "ttft_slo_attainment": 100.0, "tpot_slo_ms": 50, "tpot_slo_attainment": 100.0, "Latency": {"unit": "s", "min": 0.1933887880295515, "p50": 2.3450629140716046, "p90": 2.7474273040425032, "p95": 2.856917107012123, "p99": 3.094060146017, "max": 3.2925656749866903}, "Throughput": {"unit": "tokens/s", "min": 33.93068018188514, "p50": 81.50684694979606, "p90": 92.38797614922112, "p95": 95.61128593300378, "p99": 103.56884297640242, "max": 107.29251265370128}, "TTFT": {"unit": "s", "min": 0.022871001856401563, "p50": 0.1452953740954399, "p90": 0.20022978400811553, "p95": 0.2109593788627535, "p99": 0.36057548807002604, "max": 0.5769604258239269}, "TPOT": {"unit": "ms", "min": 8.546898106225964, "p50": 11.487448211272607, "p90": 13.544386166180647, "p95": 14.472821329329763, "p99": 16.394272006841167, "max": 20.122939591399497}, "Input Tokens per Minute": {"unit": "tokens/min", "min": 1228048.0119971135, "p50": 1228048.0119971135, "p90": 1228048.0119971135, "p95": 1228048.0119971135, "p99": 1228048.0119971135, "max": 1228048.0119971135}, "Output Tokens per Minute": {"unit": "tokens/min", "min": 51335.30561054031, "p50": 51335.30561054031, "p90": 51335.30561054031, "p95": 51335.30561054031, "p99": 51335.30561054031, "max": 51335.30561054031}}
{"target_qps": 5.0, "actual_qps": 4.999976430199389, "success_rate": 100.0, "input_tokens": 4238, "output_tokens": 175, "model": "meta-llama/Llama-3.1-8B-Instruct", "input_tokens_per_minute": 1271687.0,