{"target_qps": 5.0, "actual_qps": 4.996078271744529, "success_rate": 100.0, "input_tokens": 4074, "output_tokens": 182, "model": "meta-llama/Llama-3.1-8B-Instruct", "input_tokens_per_minute": 1222496.8641114982, "output_tokens_per_minute": 54653.31010452961, "slo_seconds": 5.0, "slo_attainment": 100.0, "ttft_slo_ms": 1000, "ttft_slo_attainment": 99.65156794425087, "tpot_slo_ms": 50, "tpot_slo_attainment": 100.0, "Latency": {"unit": "s", "min": 0.2865377969574183, "p50": 2.279957477003336, "p90": 2.7613038812763993, "p95": 3.01726073147729, "p99": 3.4637228554254396, "max": 4.425383850000799}, "Throughput": {"unit": "tokens/s", "min": 40.40011644315554, "p50": 84.18015865735627, "p90": 103.25576806309809, "p95": 106.67045875687923, "p99": 113.30514748858934, "max": 121.16052460791454}, "TTFT": {"unit": "s", "min": 0.041843365179374814, "p50": 0.1928225129377097, "p90": 0.3372521296143532, "p95": 0.3856469317106529, "p99": 0.5688080197758971, "max": 2.3847923481371254}, "TPOT": {"unit": "ms", "min": 7.585268002003431, "p50": 10.70513806057785, "p90": 12.969438698910293, "p95": 13.95915122059216, "p99": 15.537365429396317, "max": 16.393801577660682}, "Input Tokens per Minute": {"unit": "tokens/min", "min": 1222496.8641114982, "p50": 1222496.8641114982, "p90": 1222496.8641114982, "p95": 1222496.8641114982, "p99": 1222496.8641114982, "max": 1222496.8641114982}, "Output Tokens per Minute": {"unit": "tokens/min", "min": 54653.31010452961, "p50": 54653.31010452961, "p90": 54653.31010452961, "p95": 54653.31010452961, "p99": 54653.31010452961, "max": 54653.31010452961}}
{"target_qps": 5.0, "actual_qps": 4.999249592062286, "success_rate": 100.0, "input_tokens": 4116, "output_tokens": 179, "model": "meta-llama/Llama-3.1-8B-Instruct", "input_tokens_per_minute": 1238121.1227941487, "output_tokens_per_minute": 53916.677493012605, "slo_seconds": 5.0, "slo_attainment": 100.0, "ttft_slo_ms": 1000, "ttft_slo_attainment": 100.0, "tpot_slo_ms": 50, "tpot_slo_attainment": 100.0, "Latency": {"unit": "s", "min": 0.22998680407181382, "p50": 2.439205503091216, "p90": 2.9275429660920054, "p95": 3.222650459036231, "p99": 3.5561010579112917, "max": 3.6647946177981794}, "Throughput": {"unit": "tokens/s", "min": 37.52626347096631, "p50": 78.87768302078244, "p90": 92.703417601855, "p95": 96.2159211965748, "p99": 100.73487501979335, "max": 104.75846419572717}, "TTFT": {"unit": "s", "min": 0.03484343900345266, "p50": 0.1708184638991952, "p90": 0.29517563013359904, "p95": 0.3203427828848362, "p99": 0.38134802295826375, "max": 0.5420452149119228}, "TPOT": {"unit": "ms", "min": 8.210342493839562, "p50": 11.582146105052313, "p90": 13.891222974491404, "p95": 15.03200669355609, "p99": 17.012642316248773, "max": 17.565974712970867}, "Input Tokens per Minute": {"unit": "tokens/min", "min": 1238121.1227941487, "p50": 1238121.1227941487, "p90": 1238121.1227941487, "p95": 1238121.1227941487, "p99": 1238121.1227941487, "max": 1238121.1227941487}, "Output Tokens per Minute": {"unit": "tokens/min", "min": 53916.677493012605, "p50": 53916.677493012605, "p90": 53916.677493012605, "p95": 53916.677493012605, "p99": 53916.677493012605, "max": 53916.677493012605}}
{"target_qps": 5.0, "actual_qps": 4.998462855954978, "success_rate": 100.0, "input_tokens": 4116, "output_tokens": 178, "model": "meta-llama/Llama-3.1-8B-Instruct", "input_tokens_per_minute": 1234976.0, "output_tokens_per_minute": 53454.0, "slo_seconds": 5.0, "slo_attainment": 100.0, "ttft_slo_ms": 1000, "ttft_slo_attainment": 100.0, "tpot_slo_ms": 50, "tpot_slo_attainment": 100.0, "Latency": {"unit": "s", "min": 0.27926802914589643, "p50": 2.4638488504569978, "p90": 2.9704072566935795, "p95": 3.0857841150485914, "p99": 3.2853329887730065, "max": 3.9938630040269345}, "Throughput": {"unit": "tokens/s", "min": 41.42302423496341, "p50": 78.2555344906624, "p90": 91.59625795828556, "p95": 94.52336797017571, "p99": 102.18784722164489, "max": 108.19005997900071}, "TTFT": {"unit": "s", "min": 0.03738115099258721, "p50": 0.18208559998311102, "p90": 0.30380035564303404, "p95": 0.3379017288796604, "p99": 0.47420170569792375, "max": 0.6461950791999698}, "TPOT": {"unit": "ms", "min": 6.37729862998975, "p50": 11.664795688114797, "p90": 13.80596261103589, "p95": 14.576555811933018, "p99": 16.179262176424366, "max": 16.82245188355259}, "Input Tokens per Minute": {"unit": "tokens/min", "min": 1234976.0, "p50": 1234976.0, "p90": 1234976.0, "p95": 1234976.0, "p99": 1234976.0, "max": 1234976.0}, "Output Tokens per Minute": {"unit": "tokens/min", "min": 53454.0, "p50": 53454.0, "p90": 53454.0, "p95": 53454.0, "p99": 53454.0, "max": 53454.0}}
{"target_qps": 5.0, "actual_qps": 4.999962543359766, "success_rate": 100.0, "input_tokens": 3976, "output_tokens": 179, "model": "meta-llama/Llama-3.1-8B-Instruct", "input_tokens_per_minute": 1192839.0, "output_tokens_per_minute": 53739.0, "slo_seconds": 5.0, "slo_attainment": 100.0, "ttft_slo_ms": 1000, "ttft_slo_attainment": 100.0, "tpot_slo_ms": 50, "tpot_slo_attainment": 100.0, "Latency": {"unit": "s", "min": 0.3367638341151178, "p50": 2.3870064568473026, "p90": 2.760336199169979, "p95": 2.888675394514576, "p99": 3.1916389939701184, "max": 3.7553021740168333}, "Throughput": {"unit": "tokens/s", "min": 27.512034328396354, "p50": 80.65724922895467, "p90": 94.22192481773756, "p95": 100.18672889907342, "p99": 104.08956898064937, "max": 106.68818661526404}, "TTFT": {"unit": "s", "min": 0.02979824715293944, "p50": 0.176722337375395, "p90": 0.3011658791685477, "p95": 0.32734449380077424, "p99": 0.4566564450669101, "max": 0.6730668609961867}, "TPOT": {"unit": "ms", "min": 7.114937572623603, "p50": 11.220491164899546, "p90": 13.256224360663316, "p95": 13.822612908779185, "p99": 17.570830166308614, "max": 31.88091317903908}, "Input Tokens per Minute": {"unit": "tokens/min", "min": 1192839.0, "p50": 1192839.0, "p90": 1192839.0, "p95": 1192839.0, "p99": 1192839.0, "max": 1192839.0}, "Output Tokens per Minute": {"unit": "tokens/min", "min": 53739.0, "p50": 53739.0, "p90": 53739.0, "p95": 53739.0, "p99": 53739.0, "max": 53739.0}}
{"target_qps": 5.0, "actual_qps": 4.999964579589286, "success_rate": 100.0, "input_tokens": 4089, "output_tokens": 175, "model": "meta-llama/Llama-3.1-8B-Instruct", "input_tokens_per_minute": 1238164.0890672856, "output_tokens_per_minute": 53249.20143590753, "slo_seconds": 5.0, "slo_attainment": 100.0, "ttft_slo_ms": 1000, "ttft_slo_attainment": 100.0, "tpot_slo_ms": 50, "tpot_slo_attainment": 100.0, "Latency": {"unit": "s", "min": 0.2322020730935037, "p50": 2.275394859025255, "p90": 2.722325780801475, "p95": 2.836887596710585, "p99": 2.9762179148104044, "max": 3.563499523093924}, "Throughput": {"unit": "tokens/s", "min": 39.1977565218864, "p50": 85.06913431589527, "p90": 96.3537084910778, "p95": 99.36427289871044, "p99": 110.51431551267373, "max": 115.91579350597374}, "TTFT": {"unit": "s", "min": 0.02149368915706873, "p50": 0.1378397298976779, "p90": 0.20462529924698175, "p95": 0.22468693337868886, "p99": 0.34728267351165465, "max": 0.6910057610366493}, "TPOT": {"unit": "ms", "min": 7.654283822418374, "p50": 10.914737336459247, "p90": 13.067587971425237, "p95": 13.549023849688394, "p99": 14.470250445623288, "max": 17.040386714097394}, "Input Tokens per Minute": {"unit": "tokens/min", "min": 1238164.0890672856, "p50": 1238164.0890672856, "p90": 1238164.0890672856, "p95": 1238164.0890672856, "p99": 1238164.0890672856, "max": 1238164.0890672856}, "Output Tokens per Minute": {"unit": "tokens/min", "min": 53249.20143590753, "p50": 53249.20143590753, "p90": 53249.20143590753, "p95": 53249.20143590753, "p99": 53249.20143590753, "max": 53249.20143590753}}
{"target_qps": 5.0, "actual_qps": 4.999985829443319, "success_rate": 100.0, "input_tokens": 4227, "output_tokens": 175, "model": "meta-llama/Llama-3.1-8B-Instruct", "input_tokens_per_minute": 1268140.268456376, "output_tokens_per_minute": 52692.281879194634, "slo_seconds": 5.0, "slo_attainment": 100.0, "ttft_slo_ms": 1000, "ttft_slo_attainment": 100.0,