{"target_qps": 5.0, "actual_qps": 4.999016286007219, "success_rate": 100.0, "input_tokens": 4067, "output_tokens": 181, "model": "meta-llama/Llama-3.1-8B-Instruct", "input_tokens_per_minute": 1220322.3776223776, "output_tokens_per_minute": 54447.90209790209, "slo_seconds": 5.0, "slo_attainment": 100.0, "ttft_slo_ms": 1000, "ttft_slo_attainment": 99.65034965034964, "tpot_slo_ms": 50, "tpot_slo_attainment": 100.0, "Latency": {"unit": "s", "min": 0.2787627892103046, "p50": 2.284459893940948, "p90": 2.7260922284331173, "p95": 2.905050744651817, "p99": 3.406343700725119, "max": 3.829799319850281}, "Throughput": {"unit": "tokens/s", "min": 37.83872498250654, "p50": 83.68561303348957, "p90": 97.97512824050004, "p95": 102.21565524282755, "p99": 114.03516841071239, "max": 121.79944603151158}, "TTFT": {"unit": "s", "min": 0.039449634961783886, "p50": 0.15421436890028417, "p90": 0.2590503190876916, "p95": 0.28015761997085065, "p99": 0.42596979766385584, "max": 1.4917389638721943}, "TPOT": {"unit": "ms", "min": 4.39582754430982, "p50": 10.911789451884902, "p90": 13.304528226870012, "p95": 14.050492202224277, "p99": 16.460813508969434, "max": 18.026112974270355}, "Input Tokens per Minute": {"unit": "tokens/min", "min": 1220322.3776223776, "p50": 1220322.3776223776, "p90": 1220322.3776223776, "p95": 1220322.3776223776, "p99": 1220322.3776223776, "max": 1220322.3776223776}, "Output Tokens per Minute": {"unit": "tokens/min", "min": 54447.90209790209, "p50": 54447.90209790209, "p90": 54447.90209790209, "p95": 54447.90209790209, "p99": 54447.90209790209, "max": 54447.90209790209}}
{"target_qps": 5.0, "actual_qps": 4.998673926786307, "success_rate": 100.0, "input_tokens": 4122, "output_tokens": 173, "model": "meta-llama/Llama-3.1-8B-Instruct", "input_tokens_per_minute": 1244761.7833700436, "output_tokens_per_minute": 52280.13086547264, "slo_seconds": 5.0, "slo_attainment": 100.0, "ttft_slo_ms": 1000, "ttft_slo_attainment": 100.0, "tpot_slo_ms": 50, "tpot_slo_attainment": 100.0, "Latency": {"unit": "s", "min": 0.22028746386058629, "p50": 2.402566207339987, "p90": 2.918883817177266, "p95": 3.1857172787538723, "p99": 3.55503949076403, "max": 4.134259121026844}, "Throughput": {"unit": "tokens/s", "min": 34.84581746594612, "p50": 78.57388752667052, "p90": 90.10185006356896, "p95": 94.48247537741635, "p99": 100.65103405418549, "max": 104.51624859247222}, "TTFT": {"unit": "s", "min": 0.03632969711907208, "p50": 0.16133117699064314, "p90": 0.2638867816189304, "p95": 0.3607526359264738, "p99": 0.5927511383150708, "max": 0.8194990491028875}, "TPOT": {"unit": "ms", "min": 8.2650167922325, "p50": 11.649295378794623, "p90": 14.407374436414834, "p95": 15.444517219392347, "p99": 17.814728998052722, "max": 20.25688358877397}, "Input Tokens per Minute": {"unit": "tokens/min", "min": 1244761.7833700436, "p50": 1244761.7833700436, "p90": 1244761.7833700436, "p95": 1244761.7833700436, "p99": 1244761.7833700436, "max": 1244761.7833700436}, "Output Tokens per Minute": {"unit": "tokens/min", "min": 52280.13086547264, "p50": 52280.13086547264, "p90": 52280.13086547264, "p95": 52280.13086547264, "p99": 52280.13086547264, "max": 52280.13086547264}}
{"target_qps": 5.0, "actual_qps": 4.9939417291887604, "success_rate": 100.0, "input_tokens": 4110, "output_tokens": 181, "model": "meta-llama/Llama-3.1-8B-Instruct", "input_tokens_per_minute": 1233101.6778523491, "output_tokens_per_minute": 54506.37583892618, "slo_seconds": 5.0, "slo_attainment": 100.0, "ttft_slo_ms": 1000, "ttft_slo_attainment": 100.0, "tpot_slo_ms": 50, "tpot_slo_attainment": 100.0, "Latency": {"unit": "s", "min": 0.2683210838586092, "p50": 2.444371016928926, "p90": 2.899648787081242, "p95": 3.0599209460546244, "p99": 3.2976299719908257, "max": 3.416236428078264}, "Throughput": {"unit": "tokens/s", "min": 31.531327761604008, "p50": 79.32658983388, "p90": 90.78457350662065, "p95": 93.82043634211895, "p99": 102.80165088076957, "max": 108.94475804438882}, "TTFT": {"unit": "s", "min": 0.03847062890417874, "p50": 0.17536759900394827, "p90": 0.2882660829694942, "p95": 0.31227945846039795, "p99": 0.4090412480314252, "max": 0.7464481489732862}, "TPOT": {"unit": "ms", "min": 6.737361936008229, "p50": 11.5910185350049, "p90": 13.54951683839025, "p95": 14.65782813877616, "p99": 15.642225956216677, "max": 18.99264500859906}, "Input Tokens per Minute": {"unit": "tokens/min", "min": 1233101.6778523491, "p50": 1233101.6778523491, "p90": 1233101.6778523491, "p95": 1233101.6778523491, "p99": 1233101.6778523491, "max": 1233101.6778523491}, "Output Tokens per Minute": {"unit": "tokens/min", "min": 54506.37583892618, "p50": 54506.37583892618, "p90": 54506.37583892618, "p95": 54506.37583892618, "p99": 54506.37583892618, "max": 54506.37583892618}}
{"target_qps": 5.0, "actual_qps": 4.9999324764939725, "success_rate": 100.0, "input_tokens": 3978, "output_tokens": 176, "model": "meta-llama/Llama-3.1-8B-Instruct", "input_tokens_per_minute": 1211917.7933793783, "output_tokens_per_minute": 53672.888128629114, "slo_seconds": 5.0, "slo_attainment": 100.0, "ttft_slo_ms": 1000, "ttft_slo_attainment": 100.0, "tpot_slo_ms": 50, "tpot_slo_attainment": 100.0, "Latency": {"unit": "s", "min": 0.23656131303869188, "p50": 2.3467279381584376, "p90": 2.8110386008396744, "p95": 2.9046753239352254, "p99": 3.320496252132579, "max": 4.2689071169588715}, "Throughput": {"unit": "tokens/s", "min": 30.664471211186047, "p50": 80.51961643740401, "p90": 94.25250055478475, "p95": 99.40132104694345, "p99": 105.98664494023816, "max": 112.33164894018378}, "TTFT": {"unit": "s", "min": 0.020983549999073148, "p50": 0.14516101381741464, "p90": 0.28163479329086843, "p95": 0.31260114205069844, "p99": 0.5958995035663239, "max": 0.8616623459383845}, "TPOT": {"unit": "ms", "min": 7.987520027824718, "p50": 11.41775115018701, "p90": 13.394170326073118, "p95": 14.312398012026236, "p99": 16.905593657886175, "max": 23.83452613481923}, "Input Tokens per Minute": {"unit": "tokens/min", "min": 1211917.7933793783, "p50": 1211917.7933793783, "p90": 1211917.7933793783, "p95": 1211917.7933793783, "p99": 1211917.7933793783, "max": 1211917.7933793783}, "Output Tokens per Minute": {"unit": "tokens/min", "min": 53672.888128629114, "p50": 53672.888128629114, "p90": 53672.888128629114, "p95": 53672.888128629114, "p99": 53672.888128629114, "max": 53672.888128629114}}
{"target_qps": 5.0, "actual_qps": 4.999967582539977, "success_rate": 100.0, "input_tokens": 4072, "output_tokens": 169, "model": "meta-llama/Llama-3.1-8B-Instruct", "input_tokens_per_minute": 1221745.4545454546, "output_tokens_per_minute": 50997.979797979795, "slo_seconds": 5.0, "slo_attainment": 100.0, "ttft_slo_ms": 1000, "ttft_slo_attainment": 100.0, "tpot_slo_ms": 50, "tpot_slo_attainment": 100.0, "Latency": {"unit": "s", "min": 0.1751258650328964, "p50": 2.17268408392556, "p90": 2.571337274927646, "p95": 2.723951803985983, "p99": 3.1073475610092287, "max": 3.221608869964257}, "Throughput": {"unit": "tokens/s", "min": 47.428281296425595, "p50": 88.995061895161, "p90": 101.8894152201845, "p95": 104.39755265493875, "p99": 109.32576977960939, "max": 113.25847631498404}, "TTFT": {"unit": "s", "min": 0.01805195794440806, "p50": 0.039189454866573215, "p90": 0.1643298350740224, "p95": 0.19194946284405887, "p99": 0.36355275172740287, "max": 0.5951864800881594}, "TPOT": {"unit": "ms", "min": 7.142689934318613, "p50": 10.859993601295075, "p90": 12.791603282089397, "p95": 13.611601986125343, "p99": 14.651896722156128, "max": 15.588373216056269}, "Input Tokens per Minute": {"unit": "tokens/min", "min": 1221745.4545454546, "p50": 1221745.4545454546, "p90": 1221745.4545454546, "p95": 1221745.4545454546, "p99": 1221745.4545454546, "max": 1221745.4545454546}, "Output Tokens per Minute": {"unit": "tokens/min", "min": 50997.979797979795, "p50": 50997.979797979795, "p90": 50997.979797979795, "p95": 50997.979797979795, "p99": 50997.979797979795, "max": 50997.979797979795}}
{"target_qps": 5.0, "actual_qps": 4.999991588754915, "success_rate": 100.0,