{"target_qps": 5.0, "actual_qps": 4.999117266610628, "success_rate": 100.0, "input_tokens": 4062, "output_tokens": 176, "model": "meta-llama/Llama-3.1-8B-Instruct", "input_tokens_per_minute": 1218683.3333333335, "output_tokens_per_minute": 53066.66666666667, "slo_seconds": 5.0, "slo_attainment": 100.0, "ttft_slo_ms": 1000, "ttft_slo_attainment": 99.65277777777779, "tpot_slo_ms": 50, "tpot_slo_attainment": 100.0, "Latency": {"unit": "s", "min": 0.3411347109358758, "p50": 2.4106308054178953, "p90": 2.9201540507609027, "p95": 3.028453260858077, "p99": 3.4761550402827557, "max": 4.942976620979607}, "Throughput": {"unit": "tokens/s", "min": 35.40376850200805, "p50": 77.90480093460795, "p90": 92.53701693151633, "p95": 96.97709635149397, "p99": 101.99423335798093, "max": 103.02766825980518}, "TTFT": {"unit": "s", "min": 0.03741098311729729, "p50": 0.1898341744672507, "p90": 0.3148413182236255, "p95": 0.3669795905239878, "p99": 0.654861449329182, "max": 2.681080845883116}, "TPOT": {"unit": "ms", "min": 8.085962739246696, "p50": 11.497691428343721, "p90": 13.564912939266344, "p95": 14.287615247433726, "p99": 17.015491024644845, "max": 20.323441498667787}, "Input Tokens per Minute": {"unit": "tokens/min", "min": 1218683.3333333335, "p50": 1218683.3333333335, "p90": 1218683.3333333335, "p95": 1218683.3333333335, "p99": 1218683.3333333335, "max": 1218683.3333333335}, "Output Tokens per Minute": {"unit": "tokens/min", "min": 53066.66666666667, "p50": 53066.66666666667, "p90": 53066.66666666667, "p95": 53066.66666666667, "p99": 53066.66666666667, "max": 53066.66666666667}}
{"target_qps": 5.0, "actual_qps": 4.997719910662217, "success_rate": 100.0, "input_tokens": 4140, "output_tokens": 174, "model": "meta-llama/Llama-3.1-8B-Instruct", "input_tokens_per_minute": 1245659.6977649506, "output_tokens_per_minute": 52499.04857354232, "slo_seconds": 5.0, "slo_attainment": 100.0, "ttft_slo_ms": 1000, "ttft_slo_attainment": 100.0, "tpot_slo_ms": 50, "tpot_slo_attainment": 100.0, "Latency": {"unit": "s", "min": 0.2855550339445472, "p50": 2.4519157051108778, "p90": 2.9392608809284866, "p95": 3.1325895090121776, "p99": 3.6362674981355667, "max": 4.2227235089521855}, "Throughput": {"unit": "tokens/s", "min": 29.85816094856825, "p50": 77.6164883562348, "p90": 90.25236853716801, "p95": 93.90171143020599, "p99": 100.45422346175606, "max": 102.52440658660622}, "TTFT": {"unit": "s", "min": 0.03649160382337868, "p50": 0.2002390050329268, "p90": 0.30935694999061525, "p95": 0.3361851240042597, "p99": 0.5302273998968303, "max": 0.9454723340459168}, "TPOT": {"unit": "ms", "min": 6.409506895579398, "p50": 11.689576291100089, "p90": 14.165675598688086, "p95": 14.756338020328002, "p99": 17.09641599753762, "max": 19.200315712677206}, "Input Tokens per Minute": {"unit": "tokens/min", "min": 1245659.6977649506, "p50": 1245659.6977649506, "p90": 1245659.6977649506, "p95": 1245659.6977649506, "p99": 1245659.6977649506, "max": 1245659.6977649506}, "Output Tokens per Minute": {"unit": "tokens/min", "min": 52499.04857354232, "p50": 52499.04857354232, "p90": 52499.04857354232, "p95": 52499.04857354232, "p99": 52499.04857354232, "max": 52499.04857354232}}
{"target_qps": 5.0, "actual_qps": 4.99808372354194, "success_rate": 100.0, "input_tokens": 4105, "output_tokens": 175, "model": "meta-llama/Llama-3.1-8B-Instruct", "input_tokens_per_minute": 1231524.1610738256, "output_tokens_per_minute": 52539.26174496645, "slo_seconds": 5.0, "slo_attainment": 100.0, "ttft_slo_ms": 1000, "ttft_slo_attainment": 100.0, "tpot_slo_ms": 50, "tpot_slo_attainment": 100.0, "Latency": {"unit": "s", "min": 0.3532472469378263, "p50": 2.4391463299980387, "p90": 2.9674195454921573, "p95": 3.102420006587635, "p99": 3.4791530822659835, "max": 3.6658794921822846}, "Throughput": {"unit": "tokens/s", "min": 31.04248699633715, "p50": 77.36719142718866, "p90": 91.55871488355605, "p95": 95.0804323629037, "p99": 107.97142752536907, "max": 109.26885382215625}, "TTFT": {"unit": "s", "min": 0.04063807683996856, "p50": 0.21292108239140362, "p90": 0.32117970059625806, "p95": 0.36059481448028236, "p99": 0.5250737506686687, "max": 0.6580305160023272}, "TPOT": {"unit": "ms", "min": 6.037271472022813, "p50": 11.617261171106943, "p90": 14.100590242592421, "p95": 15.023563485639404, "p99": 16.412337631519023, "max": 24.551318889414823}, "Input Tokens per Minute": {"unit": "tokens/min", "min": 1231524.1610738256, "p50": 1231524.1610738256, "p90": 1231524.1610738256, "p95": 1231524.1610738256, "p99": 1231524.1610738256, "max": 1231524.1610738256}, "Output Tokens per Minute": {"unit": "tokens/min", "min": 52539.26174496645, "p50": 52539.26174496645, "p90": 52539.26174496645, "p95": 52539.26174496645, "p99": 52539.26174496645, "max": 52539.26174496645}}
{"target_qps": 5.0, "actual_qps": 4.999902053578815, "success_rate": 100.0, "input_tokens": 3971, "output_tokens": 178, "model": "meta-llama/Llama-3.1-8B-Instruct", "input_tokens_per_minute": 1194856.875329087, "output_tokens_per_minute": 53690.50500024419, "slo_seconds": 5.0, "slo_attainment": 100.0, "ttft_slo_ms": 1000, "ttft_slo_attainment": 100.0, "tpot_slo_ms": 50, "tpot_slo_attainment": 100.0, "Latency": {"unit": "s", "min": 0.26341394800692797, "p50": 2.425850666128099, "p90": 2.8882647091522813, "p95": 3.025659432867542, "p99": 3.2977030561305583, "max": 3.899708273122087}, "Throughput": {"unit": "tokens/s", "min": 38.40832869588631, "p50": 79.4987577558165, "p90": 91.93742285371366, "p95": 94.53053709253301, "p99": 105.97566166505335, "max": 111.62730511008071}, "TTFT": {"unit": "s", "min": 0.018582971999421716, "p50": 0.18063225992955267, "p90": 0.2964286629576236, "p95": 0.32941673789173365, "p99": 0.4082121488172561, "max": 0.4960093488916755}, "TPOT": {"unit": "ms", "min": 7.355527294909253, "p50": 11.454303934936172, "p90": 13.642871778121396, "p95": 14.36846700950933, "p99": 15.695407819330466, "max": 18.69258537289485}, "Input Tokens per Minute": {"unit": "tokens/min", "min": 1194856.875329087, "p50": 1194856.875329087, "p90": 1194856.875329087, "p95": 1194856.875329087, "p99": 1194856.875329087, "max": 1194856.875329087}, "Output Tokens per Minute": {"unit": "tokens/min", "min": 53690.50500024419, "p50": 53690.50500024419, "p90": 53690.50500024419, "p95": 53690.50500024419, "p99": 53690.50500024419, "max": 53690.50500024419}}
{"target_qps": 5.0, "actual_qps": 4.999966279054861, "success_rate": 100.0, "input_tokens": 4079, "output_tokens": 171, "model": "meta-llama/Llama-3.1-8B-Instruct", "input_tokens_per_minute": 1227326.0620446773, "output_tokens_per_minute": 51505.501855302675, "slo_seconds": 5.0, "slo_attainment": 100.0, "ttft_slo_ms": 1000, "ttft_slo_attainment": 100.0, "tpot_slo_ms": 50, "tpot_slo_attainment": 100.0, "Latency": {"unit": "s", "min": 0.24650632799603045, "p50": 2.349295587046072, "p90": 2.7234537440817803, "p95": 2.807279171887785, "p99": 2.9784695939160883, "max": 3.073777060955763}, "Throughput": {"unit": "tokens/s", "min": 46.76632709408849, "p50": 79.77438317619706, "p90": 94.80397259204052, "p95": 100.65811781613509, "p99": 104.21362609461943, "max": 108.84775393871851}, "TTFT": {"unit": "s", "min": 0.022209096932783723, "p50": 0.14570481586270034, "p90": 0.20806843996979296, "p95": 0.21984105999581516, "p99": 0.3583291170652956, "max": 0.5678565879352391}, "TPOT": {"unit": "ms", "min": 7.641252544364773, "p50": 11.671825272390958, "p90": 13.041167853437551, "p95": 13.71524264759866, "p99": 15.304702651602302, "max": 20.23310395112882}, "Input Tokens per Minute": {"unit": "tokens/min", "min": 1227326.0620446773, "p50": 1227326.0620446773, "p90": 1227326.0620446773, "p95": 1227326.0620446773, "p99": 1227326.0620446773, "max": 1227326.0620446773}, "Output Tokens per Minute": {"unit": "tokens/min", "min": 51505.501855302675, "p50": 51505.501855302675, "p90": 51505.501855302675, "p95": 51505.501855302675, "p99": 51505.501855302675, "max": 51505.501855302675}}
{"target_qps": 5.0, "actual_qps": 4.999930887798088, "success_rate": 100.0, "input_tokens": 4240,