{"target_qps": 5.0, "actual_qps": 4.997534941903207, "success_rate": 100.0, "input_tokens": 4070, "output_tokens": 178, "model": "meta-llama/Llama-3.1-8B-Instruct", "input_tokens_per_minute": 1221162.105263158, "output_tokens_per_minute": 53638.94736842105, "slo_seconds": 5.0, "slo_attainment": 100.0, "ttft_slo_ms": 1000, "ttft_slo_attainment": 99.29824561403508, "tpot_slo_ms": 50, "tpot_slo_attainment": 100.0, "Latency": {"unit": "s", "min": 0.24452047795057297, "p50": 2.450848109088838, "p90": 2.918732335790992, "p95": 3.161021837824956, "p99": 3.5838914874847982, "max": 3.840486492961645}, "Throughput": {"unit": "tokens/s", "min": 41.353944313237164, "p50": 77.53896961137715, "p90": 93.56923520228031, "p95": 98.46511211041847, "p99": 106.9761462280814, "max": 109.23712290365448}, "TTFT": {"unit": "s", "min": 0.03128654113970697, "p50": 0.1347387759014964, "p90": 0.271467354753986, "p95": 0.3541618334595117, "p99": 0.6229837227519609, "max": 1.5340448669157922}, "TPOT": {"unit": "ms", "min": 7.136943196671917, "p50": 11.819257276909585, "p90": 14.1731111632295, "p95": 14.893302837873449, "p99": 16.647798573251947, "max": 20.52808186918911}, "Input Tokens per Minute": {"unit": "tokens/min", "min": 1221162.105263158, "p50": 1221162.105263158, "p90": 1221162.105263158, "p95": 1221162.105263158, "p99": 1221162.105263158, "max": 1221162.105263158}, "Output Tokens per Minute": {"unit": "tokens/min", "min": 53638.94736842105, "p50": 53638.94736842105, "p90": 53638.94736842105, "p95": 53638.94736842105, "p99": 53638.94736842105, "max": 53638.94736842105}}
{"target_qps": 5.0, "actual_qps": 4.99761160276898, "success_rate": 100.0, "input_tokens": 4120, "output_tokens": 173, "model": "meta-llama/Llama-3.1-8B-Instruct", "input_tokens_per_minute": 1247895.4695701029, "output_tokens_per_minute": 52679.0158226017, "slo_seconds": 5.0, "slo_attainment": 100.0, "ttft_slo_ms": 1000, "ttft_slo_attainment": 100.0, "tpot_slo_ms": 50, "tpot_slo_attainment": 100.0, "Latency": {"unit": "s", "min": 0.29004098614677787, "p50": 2.379602794069797, "p90": 2.813409146759659, "p95": 2.95708227828145, "p99": 3.4654038202576363, "max": 4.2836390940938145}, "Throughput": {"unit": "tokens/s", "min": 35.72129143457179, "p50": 79.24449590098072, "p90": 91.59611013873463, "p95": 93.49843549371583, "p99": 100.66363290305664, "max": 105.81647508034068}, "TTFT": {"unit": "s", "min": 0.033255551010370255, "p50": 0.13255974696949124, "p90": 0.2656947544310242, "p95": 0.30275962979067095, "p99": 0.41077358324546376, "max": 0.5807977509684861}, "TPOT": {"unit": "ms", "min": 0.9804570656870641, "p50": 11.603953743858927, "p90": 13.985673790966072, "p95": 15.02953989769208, "p99": 17.755526246236812, "max": 20.289990136016105}, "Input Tokens per Minute": {"unit": "tokens/min", "min": 1247895.4695701029, "p50": 1247895.4695701029, "p90": 1247895.4695701029, "p95": 1247895.4695701029, "p99": 1247895.4695701029, "max": 1247895.4695701029}, "Output Tokens per Minute": {"unit": "tokens/min", "min": 52679.0158226017, "p50": 52679.0158226017, "p90": 52679.0158226017, "p95": 52679.0158226017, "p99": 52679.0158226017, "max": 52679.0158226017}}
{"target_qps": 5.0, "actual_qps": 4.997913713312916, "success_rate": 100.0, "input_tokens": 4116, "output_tokens": 178, "model": "meta-llama/Llama-3.1-8B-Instruct", "input_tokens_per_minute": 1234976.0, "output_tokens_per_minute": 53403.0, "slo_seconds": 5.0, "slo_attainment": 100.0, "ttft_slo_ms": 1000, "ttft_slo_attainment": 100.0, "tpot_slo_ms": 50, "tpot_slo_attainment": 100.0, "Latency": {"unit": "s", "min": 0.22110694297589362, "p50": 2.4114866430172697, "p90": 2.8497058094013488, "p95": 2.9538405240047725, "p99": 3.2721881803707213, "max": 3.4796023359522223}, "Throughput": {"unit": "tokens/s", "min": 38.66334265361664, "p50": 79.67923473050782, "p90": 95.62459480263203, "p95": 99.93700378652042, "p99": 105.94051725798273, "max": 112.7485872791409}, "TTFT": {"unit": "s", "min": 0.027640087064355612, "p50": 0.11402077146340162, "p90": 0.2678474544780329, "p95": 0.3077143914997578, "p99": 0.38942456064745723, "max": 0.532495975960046}, "TPOT": {"unit": "ms", "min": 8.477664975000161, "p50": 11.81247410067268, "p90": 13.659794602485835, "p95": 14.387604432653205, "p99": 15.520499269086748, "max": 16.336334889155612}, "Input Tokens per Minute": {"unit": "tokens/min", "min": 1234976.0, "p50": 1234976.0, "p90": 1234976.0, "p95": 1234976.0, "p99": 1234976.0, "max": 1234976.0}, "Output Tokens per Minute": {"unit": "tokens/min", "min": 53403.0, "p50": 53403.0, "p90": 53403.0, "p95": 53403.0, "p99": 53403.0, "max": 53403.0}}
{"target_qps": 5.0, "actual_qps": 4.999916805465584, "success_rate": 100.0, "input_tokens": 3964, "output_tokens": 179, "model": "meta-llama/Llama-3.1-8B-Instruct", "input_tokens_per_minute": 1192643.7227594093, "output_tokens_per_minute": 54003.36258220605, "slo_seconds": 5.0, "slo_attainment": 100.0, "ttft_slo_ms": 1000, "ttft_slo_attainment": 100.0, "tpot_slo_ms": 50, "tpot_slo_attainment": 100.0, "Latency": {"unit": "s", "min": 0.14806181006133556, "p50": 2.312788519077003, "p90": 2.7068191070575267, "p95": 2.877444667974487, "p99": 3.1620030470658094, "max": 3.788136042887345}, "Throughput": {"unit": "tokens/s", "min": 39.629195608935845, "p50": 83.25822148289018, "p90": 95.48285963531, "p95": 100.36502323004767, "p99": 110.26138466662964, "max": 117.67903982324128}, "TTFT": {"unit": "s", "min": 0.02131665707565844, "p50": 0.0917025248054415, "p90": 0.25126107200048864, "p95": 0.29036789503879845, "p99": 0.46349078486673534, "max": 0.7359306910075247}, "TPOT": {"unit": "ms", "min": 8.07781430776231, "p50": 11.417601803954147, "p90": 13.184288652361039, "p95": 13.796453574419166, "p99": 15.3377153360795, "max": 15.412240111311176}, "Input Tokens per Minute": {"unit": "tokens/min", "min": 1192643.7227594093, "p50": 1192643.7227594093, "p90": 1192643.7227594093, "p95": 1192643.7227594093, "p99": 1192643.7227594093, "max": 1192643.7227594093}, "Output Tokens per Minute": {"unit": "tokens/min", "min": 54003.36258220605, "p50": 54003.36258220605, "p90": 54003.36258220605, "p95": 54003.36258220605, "p99": 54003.36258220605, "max": 54003.36258220605}}
{"target_qps": 5.0, "actual_qps": 4.999979684405928, "success_rate": 100.0, "input_tokens": 4088, "output_tokens": 176, "model": "meta-llama/Llama-3.1-8B-Instruct", "input_tokens_per_minute": 1226426.0, "output_tokens_per_minute": 52883.0, "slo_seconds": 5.0, "slo_attainment": 100.0, "ttft_slo_ms": 1000, "ttft_slo_attainment": 100.0, "tpot_slo_ms": 50, "tpot_slo_attainment": 100.0, "Latency": {"unit": "s", "min": 0.19168797205202281, "p50": 2.3981124671408907, "p90": 2.847693838598207, "p95": 2.9155713934102097, "p99": 2.9922542754397727, "max": 3.0783641159068793}, "Throughput": {"unit": "tokens/s", "min": 35.493844437174566, "p50": 78.70231967015327, "p90": 94.93934879264405, "p95": 98.52986750428903, "p99": 107.19055751781822, "max": 111.95002421949697}, "TTFT": {"unit": "s", "min": 0.018921246053650975, "p50": 0.11399922310374677, "p90": 0.19798333805520088, "p95": 0.2032724814140238, "p99": 0.4433415364334356, "max": 0.5700050371233374}, "TPOT": {"unit": "ms", "min": 6.184216792462394, "p50": 11.971670223970959, "p90": 13.843214256693635, "p95": 14.289119416244105, "p99": 19.18082944487276, "max": 21.123037731740624}, "Input Tokens per Minute": {"unit": "tokens/min", "min": 1226426.0, "p50": 1226426.0, "p90": 1226426.0, "p95": 1226426.0, "p99": 1226426.0, "max": 1226426.0}, "Output Tokens per Minute": {"unit": "tokens/min", "min": 52883.0, "p50": 52883.0, "p90": 52883.0, "p95": 52883.0, "p99": 52883.0, "max": 52883.0}}
{"target_qps": 5.0, "actual_qps": 4.99998710653189, "success_rate": 100.0, "input_tokens": 4233, "output_tokens": 180, "model": "meta-llama/Llama-3.1-8B-Instruct", "input_tokens_per_minute": 1269999.3311036788, "output_tokens_per_minute": 54181.60535117057, "slo_seconds": 5.0, "slo_attainment": 100.0, "ttft_slo_ms": 1000, "ttft_slo_attainment": 100.0, "tpot_slo_ms": 50,