{"actual_qps": 6.410267383713562, "success_rate": 100.0, "input_tokens": 3957, "output_tokens": 175, "model": "meta-llama/Llama-3.1-8B-Instruct", "input_tokens_per_minute": 1423872.4434281632, "output_tokens_per_minute": 63195.2980043712, "slo_seconds": 5.0, "slo_attainment": 82.04419889502762, "ttft_slo_ms": 1000, "ttft_slo_attainment": 62.15469613259669, "tpot_slo_ms": 50, "tpot_slo_attainment": 99.72375690607734, "Latency": {"unit": "s", "min": 0.5230364620219916, "p50": 2.9958285915199667, "p90": 5.785737317544408, "p95": 6.186743023002054, "p99": 7.475283278594724, "max": 8.109779867110774}, "Throughput": {"unit": "tokens/s", "min": 4.599921829698126, "p50": 60.55886579737485, "p90": 79.99032639056637, "p95": 83.97207874568855, "p99": 90.69106934167581, "max": 104.87513897155962}, "TTFT": {"unit": "s", "min": 0.12111613689921796, "p50": 0.7652196780545637, "p90": 3.312080128351227, "p95": 3.811934283853043, "p99": 5.357506842166181, "max": 6.13892366993241}, "TPOT": {"unit": "ms", "min": 4.928551396975915, "p50": 11.666648395598664, "p90": 14.059930608230024, "p95": 16.01131138942864, "p99": 23.934629440025226, "max": 56.341633871745536}, "Input Tokens per Minute": {"unit": "tokens/min", "min": 1423872.4434281632, "p50": 1423872.4434281632, "p90": 1423872.4434281632, "p95": 1423872.4434281632, "p99": 1423872.4434281632, "max": 1423872.4434281632}, "Output Tokens per Minute": {"unit": "tokens/min", "min": 63195.2980043712, "p50": 63195.2980043712, "p90": 63195.2980043712, "p95": 63195.2980043712, "p99": 63195.2980043712, "max": 63195.2980043712}}
{"actual_qps": 5.315253093161336, "success_rate": 100.0, "input_tokens": 3982, "output_tokens": 177, "model": "meta-llama/Llama-3.1-8B-Instruct", "input_tokens_per_minute": 1317041.9563012384, "output_tokens_per_minute": 58563.261719225935, "slo_seconds": 5.0, "slo_attainment": 100.0, "ttft_slo_ms": 1000, "ttft_slo_attainment": 97.02380952380952, "tpot_slo_ms": 50, "tpot_slo_attainment": 100.0, "Latency": {"unit": "s", "min": 0.5979738719761372, "p50": 2.6131301855202764, "p90": 3.051973351975903, "p95": 3.2453314179438166, "p99": 3.602853591972958, "max": 4.518390096956864}, "Throughput": {"unit": "tokens/s", "min": 19.44320453196639, "p50": 73.0612655984804, "p90": 84.27395328506736, "p95": 87.67412853401039, "p99": 91.66507791851562, "max": 102.18887720869853}, "TTFT": {"unit": "s", "min": 0.11630458198487759, "p50": 0.49018943146802485, "p90": 0.7758616149658337, "p95": 0.8877731001703069, "p99": 1.2754051670781326, "max": 2.109580574091524}, "TPOT": {"unit": "ms", "min": 4.331128644373487, "p50": 10.98853900991193, "p90": 12.40753332283418, "p95": 13.349499155394934, "p99": 14.201910332005314, "max": 16.97620956942306}, "Input Tokens per Minute": {"unit": "tokens/min", "min": 1317041.9563012384, "p50": 1317041.9563012384, "p90": 1317041.9563012384, "p95": 1317041.9563012384, "p99": 1317041.9563012384, "max": 1317041.9563012384}, "Output Tokens per Minute": {"unit": "tokens/min", "min": 58563.261719225935, "p50": 58563.261719225935, "p90": 58563.261719225935, "p95": 58563.261719225935, "p99": 58563.261719225935, "max": 58563.261719225935}}
{"actual_qps": 5.433319901271505, "success_rate": 100.0, "input_tokens": 3896, "output_tokens": 179, "model": "meta-llama/Llama-3.1-8B-Instruct", "input_tokens_per_minute": 1234824.8340113163, "output_tokens_per_minute": 56828.91432104995, "slo_seconds": 5.0, "slo_attainment": 100.0, "ttft_slo_ms": 1000, "ttft_slo_attainment": 95.03105590062113, "tpot_slo_ms": 50, "tpot_slo_attainment": 100.0, "Latency": {"unit": "s", "min": 0.5199861561413854, "p50": 2.7168125733733177, "p90": 3.319537834147923, "p95": 3.5574774887994858, "p99": 3.818298214816024, "max": 4.124707248993218}, "Throughput": {"unit": "tokens/s", "min": 14.674707878116797, "p50": 69.65790917158483, "p90": 82.7485705233851, "p95": 87.60563536820302, "p99": 94.89174157746424, "max": 103.56716512817297}, "TTFT": {"unit": "s", "min": 0.1026127019431442, "p50": 0.5235289949923754, "p90": 0.868596035707742, "p95": 0.9647518457728437, "p99": 1.3127546570240527, "max": 1.5220190919935703}, "TPOT": {"unit": "ms", "min": 6.583064902224578, "p50": 11.44616449972493, "p90": 13.309200305547847, "p95": 14.012210187903637, "p99": 16.561386198890133, "max": 24.14905173437936}, "Input Tokens per Minute": {"unit": "tokens/min", "min": 1234824.8340113163, "p50": 1234824.8340113163, "p90": 1234824.8340113163, "p95": 1234824.8340113163, "p99": 1234824.8340113163, "max": 1234824.8340113163}, "Output Tokens per Minute": {"unit": "tokens/min", "min": 56828.91432104995, "p50": 56828.91432104995, "p90": 56828.91432104995, "p95": 56828.91432104995, "p99": 56828.91432104995, "max": 56828.91432104995}}
{"actual_qps": 5.707533194086288, "success_rate": 100.0, "input_tokens": 4106, "output_tokens": 174, "model": "meta-llama/Llama-3.1-8B-Instruct", "input_tokens_per_minute": 1414290.3153690335, "output_tokens_per_minute": 60269.58241465668, "slo_seconds": 5.0, "slo_attainment": 100.0, "ttft_slo_ms": 1000, "ttft_slo_attainment": 99.71428571428571, "tpot_slo_ms": 50, "tpot_slo_attainment": 100.0, "Latency": {"unit": "s", "min": 0.3444168698042631, "p50": 2.5032275039702654, "p90": 3.068925225106068, "p95": 3.229242230812088, "p99": 3.6206290261959655, "max": 3.81173160020262}, "Throughput": {"unit": "tokens/s", "min": 15.531607044833558, "p50": 75.38541272474276, "p90": 89.14362976192959, "p95": 93.15572614480344, "p99": 101.50166124581202, "max": 110.62857680584194}, "TTFT": {"unit": "s", "min": 0.04316565883345902, "p50": 0.35458147898316383, "p90": 0.6764405872439966, "p95": 0.7599096209509298, "p99": 0.9782447252189739, "max": 1.2673197539988905}, "TPOT": {"unit": "ms", "min": 6.387719244230539, "p50": 11.178060319330532, "p90": 13.012505135962263, "p95": 13.802753350330077, "p99": 15.901380528798832, "max": 19.183480485888392}, "Input Tokens per Minute": {"unit": "tokens/min", "min": 1414290.3153690335, "p50": 1414290.3153690335, "p90": 1414290.3153690335, "p95": 1414290.3153690335, "p99": 1414290.3153690335, "max": 1414290.3153690335}, "Output Tokens per Minute": {"unit": "tokens/min", "min": 60269.58241465668, "p50": 60269.58241465668, "p90": 60269.58241465668, "p95": 60269.58241465668, "p99": 60269.58241465668, "max": 60269.58241465668}}
{"actual_qps": 5.466602800625634, "success_rate": 100.0, "input_tokens": 3963, "output_tokens": 170, "model": "meta-llama/Llama-3.1-8B-Instruct", "input_tokens_per_minute": 1298911.547793132, "output_tokens_per_minute": 56008.61366803709, "slo_seconds": 5.0, "slo_attainment": 100.0, "ttft_slo_ms": 1000, "ttft_slo_attainment": 100.0, "tpot_slo_ms": 50, "tpot_slo_attainment": 100.0, "Latency": {"unit": "s", "min": 0.29659919696860015, "p50": 2.484704056987539, "p90": 3.0494362917263063, "p95": 3.2380931611638517, "p99": 3.5335627859737735, "max": 3.7311131129972637}, "Throughput": {"unit": "tokens/s", "min": 29.642511801760744, "p50": 75.69058866560256, "p90": 90.65491531700007, "p95": 94.68616111962423, "p99": 99.62097250958172, "max": 111.07586494925495}, "TTFT": {"unit": "s", "min": 0.038285974180325866, "p50": 0.305724686011672, "p90": 0.6159190945327282, "p95": 0.7075265958439558, "p99": 0.7675380206201226, "max": 0.8588282959535718}, "TPOT": {"unit": "ms", "min": 4.539635078981519, "p50": 11.314603311697667, "p90": 13.01378433987149, "p95": 13.63502158738448, "p99": 14.515901054845592, "max": 15.05691901050583}, "Input Tokens per Minute": {"unit": "tokens/min", "min": 1298911.547793132, "p50": 1298911.547793132, "p90": 1298911.547793132, "p95": 1298911.547793132, "p99": 1298911.547793132, "max": 1298911.547793132}, "Output Tokens per Minute": {"unit": "tokens/min", "min": 56008.61366803709, "p50": 56008.61366803709, "p90": 56008.61366803709, "p95": 56008.61366803709, "p99": 56008.61366803709, "max": 56008.61366803709}}
{"actual_qps": 5.147556288289426, "success_rate": 100.0, "input_tokens": 4122, "output_tokens": 172, "model": "meta-llama/Llama-3.1-8B-Instruct",