{"actual_qps": 5.958994899663807, "success_rate": 100.0, "input_tokens": 3894, "output_tokens": 170, "model": "meta-llama/Llama-3.1-8B-Instruct", "input_tokens_per_minute": 1288511.821023117, "output_tokens_per_minute": 56509.04986564061, "slo_seconds": 5.0, "slo_attainment": 94.32835820895522, "ttft_slo_ms": 1000, "ttft_slo_attainment": 68.65671641791045, "tpot_slo_ms": 50, "tpot_slo_attainment": 100.0, "Latency": {"unit": "s", "min": 0.5740779160987586, "p50": 2.8345131429377943, "p90": 4.638319404004142, "p95": 5.400939290178941, "p99": 7.272320022308269, "max": 8.964441518997774}, "Throughput": {"unit": "tokens/s", "min": 8.205529714764864, "p50": 62.677296936347425, "p90": 81.7803494640106, "p95": 85.01884125490436, "p99": 91.42454876648159, "max": 96.16802344189348}, "TTFT": {"unit": "s", "min": 0.1274886738974601, "p50": 0.6700427839532495, "p90": 1.639170832373202, "p95": 3.7981318889185784, "p99": 4.569535696115356, "max": 5.996176312910393}, "TPOT": {"unit": "ms", "min": 6.556198877446792, "p50": 11.473580688266225, "p90": 15.870310650932504, "p95": 17.49547356058601, "p99": 25.196155357495627, "max": 30.81584782921709}, "Input Tokens per Minute": {"unit": "tokens/min", "min": 1288511.821023117, "p50": 1288511.821023117, "p90": 1288511.821023117, "p95": 1288511.821023117, "p99": 1288511.821023117, "max": 1288511.821023117}, "Output Tokens per Minute": {"unit": "tokens/min", "min": 56509.04986564061, "p50": 56509.04986564061, "p90": 56509.04986564061, "p95": 56509.04986564061, "p99": 56509.04986564061, "max": 56509.04986564061}}
{"actual_qps": 5.362640386707438, "success_rate": 100.0, "input_tokens": 4092, "output_tokens": 175, "model": "meta-llama/Llama-3.1-8B-Instruct", "input_tokens_per_minute": 1325700.8875905825, "output_tokens_per_minute": 56857.700451206576, "slo_seconds": 5.0, "slo_attainment": 100.0, "ttft_slo_ms": 1000, "ttft_slo_attainment": 90.85365853658537, "tpot_slo_ms": 50, "tpot_slo_attainment": 100.0, "Latency": {"unit": "s", "min": 0.38693391997367144, "p50": 2.689937249524519, "p90": 3.1526706607080994, "p95": 3.4054196979384868, "p99": 3.883403328175191, "max": 4.214588596019894}, "Throughput": {"unit": "tokens/s", "min": 13.042206922444915, "p50": 69.92574826493447, "p90": 84.63398901723333, "p95": 89.20723154020412, "p99": 93.16294896955108, "max": 96.36264004732547}, "TTFT": {"unit": "s", "min": 0.08113844878971577, "p50": 0.5137180694146082, "p90": 0.9684782166033985, "p95": 1.1476269836537538, "p99": 1.492288648807444, "max": 1.9595203080680221}, "TPOT": {"unit": "ms", "min": 3.5759134732774998, "p50": 11.215250969550867, "p90": 12.802709432332847, "p95": 13.267482156004176, "p99": 16.00427129015686, "max": 21.278509583610756}, "Input Tokens per Minute": {"unit": "tokens/min", "min": 1325700.8875905825, "p50": 1325700.8875905825, "p90": 1325700.8875905825, "p95": 1325700.8875905825, "p99": 1325700.8875905825, "max": 1325700.8875905825}, "Output Tokens per Minute": {"unit": "tokens/min", "min": 56857.700451206576, "p50": 56857.700451206576, "p90": 56857.700451206576, "p95": 56857.700451206576, "p99": 56857.700451206576, "max": 56857.700451206576}}
{"actual_qps": 5.647565818713393, "success_rate": 100.0, "input_tokens": 4072, "output_tokens": 171, "model": "meta-llama/Llama-3.1-8B-Instruct", "input_tokens_per_minute": 1404206.8250026992, "output_tokens_per_minute": 58980.28795836334, "slo_seconds": 5.0, "slo_attainment": 100.0, "ttft_slo_ms": 1000, "ttft_slo_attainment": 89.71428571428571, "tpot_slo_ms": 50, "tpot_slo_attainment": 100.0, "Latency": {"unit": "s", "min": 0.4253924489021301, "p50": 2.6983290119096637, "p90": 3.2191419689683243, "p95": 3.496584397321567, "p99": 3.894511438477784, "max": 4.076413131086156}, "Throughput": {"unit": "tokens/s", "min": 10.012592082253658, "p50": 68.52130205115614, "p90": 83.24956842010545, "p95": 87.67140250993951, "p99": 94.7562189115906, "max": 102.01346167492191}, "TTFT": {"unit": "s", "min": 0.12160817882977426, "p50": 0.5488327429629862, "p90": 1.003238081978634, "p95": 1.1495007361401806, "p99": 1.52964845380513, "max": 1.6062830679584295}, "TPOT": {"unit": "ms", "min": 3.0211930519298593, "p50": 11.226231188965379, "p90": 12.970623924354813, "p95": 13.999881523102081, "p99": 15.813414416309397, "max": 21.390485951838937}, "Input Tokens per Minute": {"unit": "tokens/min", "min": 1404206.8250026992, "p50": 1404206.8250026992, "p90": 1404206.8250026992, "p95": 1404206.8250026992, "p99": 1404206.8250026992, "max": 1404206.8250026992}, "Output Tokens per Minute": {"unit": "tokens/min", "min": 58980.28795836334, "p50": 58980.28795836334, "p90": 58980.28795836334, "p95": 58980.28795836334, "p99": 58980.28795836334, "max": 58980.28795836334}}
{"actual_qps": 5.672193636519185, "success_rate": 100.0, "input_tokens": 4155, "output_tokens": 175, "model": "meta-llama/Llama-3.1-8B-Instruct", "input_tokens_per_minute": 1402066.9215907874, "output_tokens_per_minute": 59291.4728697815, "slo_seconds": 5.0, "slo_attainment": 100.0, "ttft_slo_ms": 1000, "ttft_slo_attainment": 97.08454810495627, "tpot_slo_ms": 50, "tpot_slo_attainment": 100.0, "Latency": {"unit": "s", "min": 0.40231639286503196, "p50": 2.697906269924715, "p90": 3.2389838478993624, "p95": 3.3900094244163483, "p99": 3.793654877627267, "max": 4.288647377165034}, "Throughput": {"unit": "tokens/s", "min": 9.322688037896572, "p50": 70.38167755473077, "p90": 83.71049615951512, "p95": 88.56928100421129, "p99": 104.27398435211228, "max": 110.4080942611776}, "TTFT": {"unit": "s", "min": 0.036449817940592766, "p50": 0.47535450500436127, "p90": 0.8464709923602641, "p95": 0.9392982462421059, "p99": 1.1724582754541186, "max": 1.6233705871272832}, "TPOT": {"unit": "ms", "min": 4.604174057021737, "p50": 11.469917919430602, "p90": 13.00607308287156, "p95": 13.849034759964251, "p99": 15.656553407121647, "max": 16.63169126616014}, "Input Tokens per Minute": {"unit": "tokens/min", "min": 1402066.9215907874, "p50": 1402066.9215907874, "p90": 1402066.9215907874, "p95": 1402066.9215907874, "p99": 1402066.9215907874, "max": 1402066.9215907874}, "Output Tokens per Minute": {"unit": "tokens/min", "min": 59291.4728697815, "p50": 59291.4728697815, "p90": 59291.4728697815, "p95": 59291.4728697815, "p99": 59291.4728697815, "max": 59291.4728697815}}
{"actual_qps": 6.163861687825881, "success_rate": 100.0, "input_tokens": 3976, "output_tokens": 175, "model": "meta-llama/Llama-3.1-8B-Instruct", "input_tokens_per_minute": 1486196.2322103034, "output_tokens_per_minute": 65559.55421467955, "slo_seconds": 5.0, "slo_attainment": 100.0, "ttft_slo_ms": 1000, "ttft_slo_attainment": 99.73684210526315, "tpot_slo_ms": 50, "tpot_slo_attainment": 100.0, "Latency": {"unit": "s", "min": 0.3700483359862119, "p50": 2.608660158002749, "p90": 3.1783265264704825, "p95": 3.3174219289096074, "p99": 3.5585258487588725, "max": 3.831157026812434}, "Throughput": {"unit": "tokens/s", "min": 18.450534202234053, "p50": 72.65797474912199, "p90": 86.91550135916201, "p95": 93.45744383598411, "p99": 102.20433455726466, "max": 118.87643066229231}, "TTFT": {"unit": "s", "min": 0.0352748348377645, "p50": 0.3880295443814248, "p90": 0.6799022800521926, "p95": 0.7698582259356045, "p99": 0.8881490309163919, "max": 1.0041285909246653}, "TPOT": {"unit": "ms", "min": 3.8643501272114613, "p50": 11.527909595406985, "p90": 13.2591511711394, "p95": 13.889724208376647, "p99": 14.659111697780173, "max": 22.198371383218237}, "Input Tokens per Minute": {"unit": "tokens/min", "min": 1486196.2322103034, "p50": 1486196.2322103034, "p90": 1486196.2322103034, "p95": 1486196.2322103034, "p99": 1486196.2322103034, "max": 1486196.2322103034}, "Output Tokens per Minute": {"unit": "tokens/min", "min": 65559.55421467955, "p50": 65559.55421467955, "p90": 65559.55421467955, "p95": 65559.55421467955, "p99": 65559.55421467955, "max": 65559.55421467955}}
{"actual_qps": 5.672186458594449, "success_rate": 100.0, "input_tokens": 3898, "output_tokens": 176, "model": "meta-llama/Llama-3.1-8B-Instruct",