{"actual_qps": 5.282056016884512, "success_rate": 100.0, "input_tokens": 4162, "output_tokens": 177, "model": "meta-llama/Llama-3.1-8B-Instruct", "input_tokens_per_minute": 1277823.0697227821, "output_tokens_per_minute": 54597.25173816082, "slo_seconds": 5.0, "slo_attainment": 63.43042071197411, "ttft_slo_ms": 1000, "ttft_slo_attainment": 37.54045307443366, "tpot_slo_ms": 50, "tpot_slo_attainment": 99.67637540453075, "Latency": {"unit": "s", "min": 0.590310201048851, "p50": 3.6955114698503166, "p90": 6.866035035066306, "p95": 8.036856924649326, "p99": 12.688812482999639, "max": 17.05519086495042}, "Throughput": {"unit": "tokens/s", "min": 3.066212895333602, "p50": 44.01309345803307, "p90": 76.77996639384142, "p95": 81.92942656537956, "p99": 92.53761779736827, "max": 95.74454288305898}, "TTFT": {"unit": "s", "min": 0.0998020931147039, "p50": 1.8154734908603132, "p90": 4.368738717027007, "p95": 5.855878693563863, "p99": 11.347883045831702, "max": 13.311800129944459}, "TPOT": {"unit": "ms", "min": 4.5081406475647405, "p50": 11.395232512114859, "p90": 18.914768693912492, "p95": 19.473906531861093, "p99": 23.833098316754313, "max": 57.15955614245364}, "Input Tokens per Minute": {"unit": "tokens/min", "min": 1277823.0697227821, "p50": 1277823.0697227821, "p90": 1277823.0697227821, "p95": 1277823.0697227821, "p99": 1277823.0697227821, "max": 1277823.0697227821}, "Output Tokens per Minute": {"unit": "tokens/min", "min": 54597.25173816082, "p50": 54597.25173816082, "p90": 54597.25173816082, "p95": 54597.25173816082, "p99": 54597.25173816082, "max": 54597.25173816082}}
{"actual_qps": 5.1113127184976515, "success_rate": 100.0, "input_tokens": 4205, "output_tokens": 181, "model": "meta-llama/Llama-3.1-8B-Instruct", "input_tokens_per_minute": 1232662.9810136594, "output_tokens_per_minute": 53309.68849091022, "slo_seconds": 5.0, "slo_attainment": 100.0, "ttft_slo_ms": 1000, "ttft_slo_attainment": 90.16949152542372, "tpot_slo_ms": 50, "tpot_slo_attainment": 100.0, "Latency": {"unit": "s", "min": 0.5730087358970195, "p50": 2.7685873059090227, "p90": 3.266052144812421, "p95": 3.5927331688813866, "p99": 3.9420839711697773, "max": 4.806048986967653}, "Throughput": {"unit": "tokens/s", "min": 15.1926289781858, "p50": 69.65082268553748, "p90": 82.11813948503129, "p95": 86.81092527633163, "p99": 94.08222202088395, "max": 97.37581976235602}, "TTFT": {"unit": "s", "min": 0.08668714808300138, "p50": 0.5201046240981668, "p90": 0.9822225451469425, "p95": 1.1873713628156113, "p99": 1.7231814214307823, "max": 2.264640123816207}, "TPOT": {"unit": "ms", "min": 8.090838347561657, "p50": 11.563046844722939, "p90": 12.999229820857021, "p95": 13.626039613520343, "p99": 15.56372009176879, "max": 17.68528905642383}, "Input Tokens per Minute": {"unit": "tokens/min", "min": 1232662.9810136594, "p50": 1232662.9810136594, "p90": 1232662.9810136594, "p95": 1232662.9810136594, "p99": 1232662.9810136594, "max": 1232662.9810136594}, "Output Tokens per Minute": {"unit": "tokens/min", "min": 53309.68849091022, "p50": 53309.68849091022, "p90": 53309.68849091022, "p95": 53309.68849091022, "p99": 53309.68849091022, "max": 53309.68849091022}}
{"actual_qps": 4.997001303928166, "success_rate": 100.0, "input_tokens": 4253, "output_tokens": 174, "model": "meta-llama/Llama-3.1-8B-Instruct", "input_tokens_per_minute": 1293027.4431301302, "output_tokens_per_minute": 53170.59986852204, "slo_seconds": 5.0, "slo_attainment": 100.0, "ttft_slo_ms": 1000, "ttft_slo_attainment": 91.17647058823529, "tpot_slo_ms": 50, "tpot_slo_attainment": 100.0, "Latency": {"unit": "s", "min": 0.5349295940250158, "p50": 2.6031835954636335, "p90": 3.2731693950481713, "p95": 3.5540499369380996, "p99": 4.42874795544194, "max": 4.962957458104938}, "Throughput": {"unit": "tokens/s", "min": 17.92096498014271, "p50": 71.38399224626268, "p90": 86.10831999765159, "p95": 90.39678665539338, "p99": 98.55440798975411, "max": 101.97636243262393}, "TTFT": {"unit": "s", "min": 0.08407669607549906, "p50": 0.49166377796791494, "p90": 0.9693923940649256, "p95": 1.3595603191643022, "p99": 1.998386678937822, "max": 2.250673354836181}, "TPOT": {"unit": "ms", "min": 2.0973499631509185, "p50": 11.162429384597058, "p90": 12.803557902181417, "p95": 13.377297112727582, "p99": 15.289931083228787, "max": 20.30484882347724}, "Input Tokens per Minute": {"unit": "tokens/min", "min": 1293027.4431301302, "p50": 1293027.4431301302, "p90": 1293027.4431301302, "p95": 1293027.4431301302, "p99": 1293027.4431301302, "max": 1293027.4431301302}, "Output Tokens per Minute": {"unit": "tokens/min", "min": 53170.59986852204, "p50": 53170.59986852204, "p90": 53170.59986852204, "p95": 53170.59986852204, "p99": 53170.59986852204, "max": 53170.59986852204}}
{"actual_qps": 5.222495544762883, "success_rate": 100.0, "input_tokens": 4378, "output_tokens": 173, "model": "meta-llama/Llama-3.1-8B-Instruct", "input_tokens_per_minute": 1380677.059428071, "output_tokens_per_minute": 54587.88833750458, "slo_seconds": 5.0, "slo_attainment": 100.0, "ttft_slo_ms": 1000, "ttft_slo_attainment": 95.625, "tpot_slo_ms": 50, "tpot_slo_attainment": 100.0, "Latency": {"unit": "s", "min": 0.3452705000527203, "p50": 2.5029128659516573, "p90": 3.1244551529875024, "p95": 3.3304944414994684, "p99": 3.8502602544054394, "max": 4.185970762977377}, "Throughput": {"unit": "tokens/s", "min": 20.169438365199884, "p50": 74.57635196698192, "p90": 89.34926203668648, "p95": 91.89581759508151, "p99": 98.03136912017453, "max": 108.2010688585291}, "TTFT": {"unit": "s", "min": 0.03472255915403366, "p50": 0.29967543156817555, "p90": 0.7941358342301104, "p95": 0.949435044103302, "p99": 1.2428037070832216, "max": 1.6665108331944793}, "TPOT": {"unit": "ms", "min": 1.0464334148256218, "p50": 11.598268780171527, "p90": 13.30251537085553, "p95": 14.204127250430995, "p99": 15.667950009621169, "max": 19.464281350864393}, "Input Tokens per Minute": {"unit": "tokens/min", "min": 1380677.059428071, "p50": 1380677.059428071, "p90": 1380677.059428071, "p95": 1380677.059428071, "p99": 1380677.059428071, "max": 1380677.059428071}, "Output Tokens per Minute": {"unit": "tokens/min", "min": 54587.88833750458, "p50": 54587.88833750458, "p90": 54587.88833750458, "p95": 54587.88833750458, "p99": 54587.88833750458, "max": 54587.88833750458}}
{"actual_qps": 5.099955128721341, "success_rate": 100.0, "input_tokens": 4208, "output_tokens": 175, "model": "meta-llama/Llama-3.1-8B-Instruct", "input_tokens_per_minute": 1264850.976633891, "output_tokens_per_minute": 52662.462621567465, "slo_seconds": 5.0, "slo_attainment": 100.0, "ttft_slo_ms": 1000, "ttft_slo_attainment": 100.0, "tpot_slo_ms": 50, "tpot_slo_attainment": 100.0, "Latency": {"unit": "s", "min": 0.2496259941253811, "p50": 2.5219930440653116, "p90": 2.892636378994212, "p95": 3.0698869965504856, "p99": 3.433606618028134, "max": 3.5708849558141083}, "Throughput": {"unit": "tokens/s", "min": 23.620432921919704, "p50": 75.7423804292611, "p90": 89.2512967294656, "p95": 93.08902242679379, "p99": 96.49237204505403, "max": 101.8113568034976}, "TTFT": {"unit": "s", "min": 0.03461058018729091, "p50": 0.2577943180222064, "p90": 0.46474352572113276, "p95": 0.49689589878544216, "p99": 0.5625104448758064, "max": 0.6329209019895643}, "TPOT": {"unit": "ms", "min": 8.655505838696305, "p50": 11.684793553048342, "p90": 13.710659186603813, "p95": 14.642908595427498, "p99": 16.918611112688012, "max": 18.725297290503104}, "Input Tokens per Minute": {"unit": "tokens/min", "min": 1264850.976633891, "p50": 1264850.976633891, "p90": 1264850.976633891, "p95": 1264850.976633891, "p99": 1264850.976633891, "max": 1264850.976633891}, "Output Tokens per Minute": {"unit": "tokens/min", "min": 52662.462621567465, "p50": 52662.462621567465, "p90": 52662.462621567465, "p95": 52662.462621567465, "p99": 52662.462621567465, "max": 52662.462621567465}}
{"actual_qps": 5.229544683689785, "success_rate": 100.0, "input_tokens": 4279, "output_tokens": 174, "model": "meta-llama/Llama-3.1-8B-Instruct",