{"actual_qps": 5.673410961548715, "success_rate": 100.0, "input_tokens": 4276, "output_tokens": 183, "model": "meta-llama/Llama-3.1-8B-Instruct", "input_tokens_per_minute": 1324626.3420550216, "output_tokens_per_minute": 56690.239635377504, "slo_seconds": 5.0, "slo_attainment": 73.1629392971246, "ttft_slo_ms": 1000, "ttft_slo_attainment": 33.54632587859425, "tpot_slo_ms": 50, "tpot_slo_attainment": 99.36102236421725, "Latency": {"unit": "s", "min": 0.7017605481669307, "p50": 3.834645800990984, "p90": 7.314571056840942, "p95": 8.64966237405315, "p99": 12.776172334728757, "max": 17.400824493030086}, "Throughput": {"unit": "tokens/s", "min": 3.562902904838002, "p50": 44.05563503987755, "p90": 72.11687765093811, "p95": 76.94951548921333, "p99": 87.85166319029926, "max": 96.6514091451646}, "TTFT": {"unit": "s", "min": 0.26514743105508387, "p50": 1.9329323240090162, "p90": 5.233352989284323, "p95": 6.542270054994149, "p99": 11.0421769390162, "max": 15.204630902037024}, "TPOT": {"unit": "ms", "min": 2.5794298999244347, "p50": 11.472201662783945, "p90": 14.875401999689078, "p95": 15.464914684422578, "p99": 35.60430927437648, "max": 59.142428774224676}, "Input Tokens per Minute": {"unit": "tokens/min", "min": 1324626.3420550216, "p50": 1324626.3420550216, "p90": 1324626.3420550216, "p95": 1324626.3420550216, "p99": 1324626.3420550216, "max": 1324626.3420550216}, "Output Tokens per Minute": {"unit": "tokens/min", "min": 56690.239635377504, "p50": 56690.239635377504, "p90": 56690.239635377504, "p95": 56690.239635377504, "p99": 56690.239635377504, "max": 56690.239635377504}}
{"actual_qps": 4.604401530706622, "success_rate": 100.0, "input_tokens": 4262, "output_tokens": 179, "model": "meta-llama/Llama-3.1-8B-Instruct", "input_tokens_per_minute": 1253186.2134430702, "output_tokens_per_minute": 52888.78706828524, "slo_seconds": 5.0, "slo_attainment": 95.30201342281879, "ttft_slo_ms": 1000, "ttft_slo_attainment": 81.87919463087249, "tpot_slo_ms": 50, "tpot_slo_attainment": 100.0, "Latency": {"unit": "s", "min": 0.2880661669187248, "p50": 2.7607137644663453, "p90": 3.6048834266606717, "p95": 4.740001837979067, "p99": 5.929873003531241, "max": 7.382297906093299}, "Throughput": {"unit": "tokens/s", "min": 8.540961684537724, "p50": 68.54225714743808, "p90": 82.09027032898781, "p95": 88.2873457401106, "p99": 95.00903617058168, "max": 100.92406808562517}, "TTFT": {"unit": "s", "min": 0.07374342996627092, "p50": 0.5204195060068741, "p90": 1.3761722601717346, "p95": 2.250301736907567, "p99": 3.80250710875261, "max": 5.195994440000504}, "TPOT": {"unit": "ms", "min": 5.82516890276095, "p50": 11.407922631031344, "p90": 13.188495913178464, "p95": 14.156974066018439, "p99": 15.753293310272456, "max": 30.80711812161061}, "Input Tokens per Minute": {"unit": "tokens/min", "min": 1253186.2134430702, "p50": 1253186.2134430702, "p90": 1253186.2134430702, "p95": 1253186.2134430702, "p99": 1253186.2134430702, "max": 1253186.2134430702}, "Output Tokens per Minute": {"unit": "tokens/min", "min": 52888.78706828524, "p50": 52888.78706828524, "p90": 52888.78706828524, "p95": 52888.78706828524, "p99": 52888.78706828524, "max": 52888.78706828524}}
{"actual_qps": 4.698715379903787, "success_rate": 100.0, "input_tokens": 4279, "output_tokens": 184, "model": "meta-llama/Llama-3.1-8B-Instruct", "input_tokens_per_minute": 1194844.1705333102, "output_tokens_per_minute": 51450.240475763036, "slo_seconds": 5.0, "slo_attainment": 100.0, "ttft_slo_ms": 1000, "ttft_slo_attainment": 92.93286219081273, "tpot_slo_ms": 50, "tpot_slo_attainment": 100.0, "Latency": {"unit": "s", "min": 0.49851386807858944, "p50": 2.6668498169165105, "p90": 3.3405202437192205, "p95": 3.4993890972808, "p99": 3.8106342304078864, "max": 3.8527456268202513}, "Throughput": {"unit": "tokens/s", "min": 20.1055364118395, "p50": 72.26704993101096, "p90": 83.87128863680242, "p95": 88.25514323398487, "p99": 94.77814770883423, "max": 99.44545979655895}, "TTFT": {"unit": "s", "min": 0.11586083611473441, "p50": 0.48503184597939253, "p90": 0.9002792469691485, "p95": 1.0771481450647116, "p99": 1.3597726725693793, "max": 1.5493673579767346}, "TPOT": {"unit": "ms", "min": 3.436586121097207, "p50": 11.264970502699141, "p90": 13.073922977572185, "p95": 13.68094104618283, "p99": 14.86239551852022, "max": 16.180274035182915}, "Input Tokens per Minute": {"unit": "tokens/min", "min": 1194844.1705333102, "p50": 1194844.1705333102, "p90": 1194844.1705333102, "p95": 1194844.1705333102, "p99": 1194844.1705333102, "max": 1194844.1705333102}, "Output Tokens per Minute": {"unit": "tokens/min", "min": 51450.240475763036, "p50": 51450.240475763036, "p90": 51450.240475763036, "p95": 51450.240475763036, "p99": 51450.240475763036, "max": 51450.240475763036}}
{"actual_qps": 4.8060961966330344, "success_rate": 100.0, "input_tokens": 4296, "output_tokens": 184, "model": "meta-llama/Llama-3.1-8B-Instruct", "input_tokens_per_minute": 1255779.790270051, "output_tokens_per_minute": 54023.80186189362, "slo_seconds": 5.0, "slo_attainment": 99.32659932659934, "ttft_slo_ms": 1000, "ttft_slo_attainment": 90.9090909090909, "tpot_slo_ms": 50, "tpot_slo_attainment": 100.0, "Latency": {"unit": "s", "min": 0.4318480780348182, "p50": 2.487792655825615, "p90": 3.279860728979111, "p95": 3.607529653375968, "p99": 4.762117592217405, "max": 5.119633969152346}, "Throughput": {"unit": "tokens/s", "min": 9.838978637241508, "p50": 77.43059666639745, "p90": 90.36350454802822, "p95": 95.80827830034279, "p99": 99.90848659782084, "max": 109.50092332100887}, "TTFT": {"unit": "s", "min": 0.03360167611390352, "p50": 0.30936464690603316, "p90": 0.9446394309401515, "p95": 1.2688020923640575, "p99": 2.3334955712594097, "max": 2.621822652872652}, "TPOT": {"unit": "ms", "min": 1.045126118697226, "p50": 11.178307437651496, "p90": 12.648185719291321, "p95": 13.302570039490657, "p99": 14.482324595576632, "max": 21.217862472814673}, "Input Tokens per Minute": {"unit": "tokens/min", "min": 1255779.790270051, "p50": 1255779.790270051, "p90": 1255779.790270051, "p95": 1255779.790270051, "p99": 1255779.790270051, "max": 1255779.790270051}, "Output Tokens per Minute": {"unit": "tokens/min", "min": 54023.80186189362, "p50": 54023.80186189362, "p90": 54023.80186189362, "p95": 54023.80186189362, "p99": 54023.80186189362, "max": 54023.80186189362}}
{"actual_qps": 5.483320975212565, "success_rate": 100.0, "input_tokens": 4141, "output_tokens": 183, "model": "meta-llama/Llama-3.1-8B-Instruct", "input_tokens_per_minute": 1308284.0127747566, "output_tokens_per_minute": 58039.27062959248, "slo_seconds": 5.0, "slo_attainment": 100.0, "ttft_slo_ms": 1000, "ttft_slo_attainment": 100.0, "tpot_slo_ms": 50, "tpot_slo_attainment": 100.0, "Latency": {"unit": "s", "min": 0.5182411458808929, "p50": 2.6287112669087946, "p90": 3.0337666559498757, "p95": 3.233017439953983, "p99": 3.6546046141069386, "max": 3.8811363850254565}, "Throughput": {"unit": "tokens/s", "min": 20.482740503386424, "p50": 73.72680917017169, "p90": 88.22615772225024, "p95": 91.11789144987382, "p99": 98.56981978947822, "max": 105.89881625474571}, "TTFT": {"unit": "s", "min": 0.03938276995904744, "p50": 0.33395595103502274, "p90": 0.6021287760231644, "p95": 0.6678503339644521, "p99": 0.8032898652367296, "max": 0.8820472359657288}, "TPOT": {"unit": "ms", "min": 7.421351144356387, "p50": 11.698186960324046, "p90": 13.29567504990565, "p95": 14.003866818972194, "p99": 15.690140599085387, "max": 19.877702166187635}, "Input Tokens per Minute": {"unit": "tokens/min", "min": 1308284.0127747566, "p50": 1308284.0127747566, "p90": 1308284.0127747566, "p95": 1308284.0127747566, "p99": 1308284.0127747566, "max": 1308284.0127747566}, "Output Tokens per Minute": {"unit": "tokens/min", "min": 58039.27062959248, "p50": 58039.27062959248, "p90": 58039.27062959248, "p95": 58039.27062959248, "p99": 58039.27062959248, "max": 58039.27062959248}}
{"actual_qps": 4.639332964615634, "success_rate": 100.0, "input_tokens": 4150, "output_tokens": 181,