{"actual_qps": 5.44344697631299, "success_rate": 100.0, "input_tokens": 4105, "output_tokens": 173, "model": "meta-llama/Llama-3.1-8B-Instruct", "input_tokens_per_minute": 1275263.7900751284, "output_tokens_per_minute": 53755.287388103694, "slo_seconds": 5.0, "slo_attainment": 98.07073954983923, "ttft_slo_ms": 1000, "ttft_slo_attainment": 55.948553054662376, "tpot_slo_ms": 50, "tpot_slo_attainment": 100.0, "Latency": {"unit": "s", "min": 0.3823309149593115, "p50": 3.097714897012338, "p90": 4.174374360824004, "p95": 4.412052109953947, "p99": 5.5850766182877045, "max": 8.152827747864649}, "Throughput": {"unit": "tokens/s", "min": 6.010184627393097, "p50": 58.503614354833424, "p90": 74.29730339905919, "p95": 78.4081018657165, "p99": 84.13368651877295, "max": 88.98068983420988}, "TTFT": {"unit": "s", "min": 0.09440617100335658, "p50": 0.9214693929534405, "p90": 1.879016550956294, "p95": 2.337743481504731, "p99": 3.348040331597429, "max": 6.475427797995508}, "TPOT": {"unit": "ms", "min": 6.8647082327316475, "p50": 11.50753166896277, "p90": 13.769957014645016, "p95": 14.984256032676265, "p99": 21.531437145400748, "max": 37.49989964548619}, "Input Tokens per Minute": {"unit": "tokens/min", "min": 1275263.7900751284, "p50": 1275263.7900751284, "p90": 1275263.7900751284, "p95": 1275263.7900751284, "p99": 1275263.7900751284, "max": 1275263.7900751284}, "Output Tokens per Minute": {"unit": "tokens/min", "min": 53755.287388103694, "p50": 53755.287388103694, "p90": 53755.287388103694, "p95": 53755.287388103694, "p99": 53755.287388103694, "max": 53755.287388103694}}
{"actual_qps": 5.512616195382592, "success_rate": 100.0, "input_tokens": 3914, "output_tokens": 178, "model": "meta-llama/Llama-3.1-8B-Instruct", "input_tokens_per_minute": 1262892.682873548, "output_tokens_per_minute": 57458.82892721719, "slo_seconds": 5.0, "slo_attainment": 99.69040247678018, "ttft_slo_ms": 1000, "ttft_slo_attainment": 76.78018575851394, "tpot_slo_ms": 50, "tpot_slo_attainment": 100.0, "Latency": {"unit": "s", "min": 0.5938595389015973, "p50": 2.82419570395723, "p90": 3.5455663100350647, "p95": 3.7744365132879465, "p99": 4.4058137665735515, "max": 5.9826072268188}, "Throughput": {"unit": "tokens/s", "min": 13.827228577274909, "p50": 64.89918790393929, "p90": 80.12208601122832, "p95": 82.17162221754552, "p99": 88.55263177446012, "max": 97.6867450583276}, "TTFT": {"unit": "s", "min": 0.21421676711179316, "p50": 0.6995812740642577, "p90": 1.343954230286181, "p95": 1.6126546252518892, "p99": 2.1215009112795804, "max": 3.0180139248259366}, "TPOT": {"unit": "ms", "min": 0.8150536887114868, "p50": 11.277162853684557, "p90": 13.132260265016004, "p95": 14.225007778248466, "p99": 18.05177822471191, "max": 23.238670532009564}, "Input Tokens per Minute": {"unit": "tokens/min", "min": 1262892.682873548, "p50": 1262892.682873548, "p90": 1262892.682873548, "p95": 1262892.682873548, "p99": 1262892.682873548, "max": 1262892.682873548}, "Output Tokens per Minute": {"unit": "tokens/min", "min": 57458.82892721719, "p50": 57458.82892721719, "p90": 57458.82892721719, "p95": 57458.82892721719, "p99": 57458.82892721719, "max": 57458.82892721719}}
{"actual_qps": 5.530643562261196, "success_rate": 100.0, "input_tokens": 4064, "output_tokens": 178, "model": "meta-llama/Llama-3.1-8B-Instruct", "input_tokens_per_minute": 1339709.2082866225, "output_tokens_per_minute": 58977.00129492283, "slo_seconds": 5.0, "slo_attainment": 100.0, "ttft_slo_ms": 1000, "ttft_slo_attainment": 76.66666666666667, "tpot_slo_ms": 50, "tpot_slo_attainment": 100.0, "Latency": {"unit": "s", "min": 0.4609441019129008, "p50": 2.869910198962316, "p90": 3.621124243061059, "p95": 3.9819426857866347, "p99": 4.422618795004673, "max": 4.851414636941627}, "Throughput": {"unit": "tokens/s", "min": 9.54814613857623, "p50": 65.641376896667, "p90": 80.31837292280677, "p95": 84.38965260285545, "p99": 92.27499174916183, "max": 96.37130411564279}, "TTFT": {"unit": "s", "min": 0.0700534270144999, "p50": 0.6766038915375248, "p90": 1.3435703962342815, "p95": 1.4813229503459298, "p99": 2.0853046893398246, "max": 2.7845124669838697}, "TPOT": {"unit": "ms", "min": 4.8291654858205995, "p50": 11.376207362130359, "p90": 13.484295124969627, "p95": 14.546010249537703, "p99": 16.84757139461691, "max": 19.559281310648657}, "Input Tokens per Minute": {"unit": "tokens/min", "min": 1339709.2082866225, "p50": 1339709.2082866225, "p90": 1339709.2082866225, "p95": 1339709.2082866225, "p99": 1339709.2082866225, "max": 1339709.2082866225}, "Output Tokens per Minute": {"unit": "tokens/min", "min": 58977.00129492283, "p50": 58977.00129492283, "p90": 58977.00129492283, "p95": 58977.00129492283, "p99": 58977.00129492283, "max": 58977.00129492283}}
{"actual_qps": 5.598639159149582, "success_rate": 100.0, "input_tokens": 3977, "output_tokens": 179, "model": "meta-llama/Llama-3.1-8B-Instruct", "input_tokens_per_minute": 1375191.6022833467, "output_tokens_per_minute": 62098.59506999495, "slo_seconds": 5.0, "slo_attainment": 100.0, "ttft_slo_ms": 1000, "ttft_slo_attainment": 90.88319088319088, "tpot_slo_ms": 50, "tpot_slo_attainment": 100.0, "Latency": {"unit": "s", "min": 0.4050270200241357, "p50": 2.672597525175661, "p90": 3.359193481039256, "p95": 3.5851063824957237, "p99": 3.8841420999960974, "max": 4.107709759147838}, "Throughput": {"unit": "tokens/s", "min": 17.22812281297444, "p50": 71.00750832650327, "p90": 83.57008630762587, "p95": 87.99034437424169, "p99": 96.23467882998582, "max": 100.76189300799267}, "TTFT": {"unit": "s", "min": 0.044576749904081225, "p50": 0.5020397219341248, "p90": 0.9495764288585633, "p95": 1.1551311479415745, "p99": 1.4736326835118234, "max": 1.6854467340745032}, "TPOT": {"unit": "ms", "min": 7.996554896866872, "p50": 11.375734442142985, "p90": 12.925343547044463, "p95": 13.38013907227657, "p99": 14.251249208143992, "max": 16.140214387430913}, "Input Tokens per Minute": {"unit": "tokens/min", "min": 1375191.6022833467, "p50": 1375191.6022833467, "p90": 1375191.6022833467, "p95": 1375191.6022833467, "p99": 1375191.6022833467, "max": 1375191.6022833467}, "Output Tokens per Minute": {"unit": "tokens/min", "min": 62098.59506999495, "p50": 62098.59506999495, "p90": 62098.59506999495, "p95": 62098.59506999495, "p99": 62098.59506999495, "max": 62098.59506999495}}
{"actual_qps": 5.8999678426180315, "success_rate": 100.0, "input_tokens": 4119, "output_tokens": 172, "model": "meta-llama/Llama-3.1-8B-Instruct", "input_tokens_per_minute": 1424421.864801558, "output_tokens_per_minute": 59719.58388477274, "slo_seconds": 5.0, "slo_attainment": 100.0, "ttft_slo_ms": 1000, "ttft_slo_attainment": 100.0, "tpot_slo_ms": 50, "tpot_slo_attainment": 100.0, "Latency": {"unit": "s", "min": 0.4481924450956285, "p50": 2.584980914136395, "p90": 3.025882171932608, "p95": 3.2021840950474143, "p99": 3.5111184110864997, "max": 3.6995363580062985}, "Throughput": {"unit": "tokens/s", "min": 22.84299001550371, "p50": 73.55908211616644, "p90": 88.06467651382492, "p95": 91.69205690765774, "p99": 99.63434029008707, "max": 106.83985543583857}, "TTFT": {"unit": "s", "min": 0.03951833909377456, "p50": 0.30253953696228564, "p90": 0.5323905220720917, "p95": 0.585154582397081, "p99": 0.6770732464501634, "max": 0.7501552228350192}, "TPOT": {"unit": "ms", "min": 9.075694559141994, "p50": 11.864429181816066, "p90": 13.818254386631763, "p95": 14.799684360391584, "p99": 16.627909616663068, "max": 18.80837281766747}, "Input Tokens per Minute": {"unit": "tokens/min", "min": 1424421.864801558, "p50": 1424421.864801558, "p90": 1424421.864801558, "p95": 1424421.864801558, "p99": 1424421.864801558, "max": 1424421.864801558}, "Output Tokens per Minute": {"unit": "tokens/min", "min": 59719.58388477274, "p50": 59719.58388477274, "p90": 59719.58388477274, "p95": 59719.58388477274, "p99": 59719.58388477274, "max": 59719.58388477274}}
{"actual_qps": 5.737768328548132, "success_rate": 100.0, "input_tokens": 4006, "output_tokens": 172, "model": "meta-llama/Llama-3.1-8B-Instruct",