{"actual_qps": 6.4495753808001055, "success_rate": 100.0, "input_tokens": 3954, "output_tokens": 177, "model": "meta-llama/Llama-3.1-8B-Instruct", "input_tokens_per_minute": 1427556.0143254683, "output_tokens_per_minute": 64008.78586839646, "slo_seconds": 5.0, "slo_attainment": 63.1578947368421, "ttft_slo_ms": 1000, "ttft_slo_attainment": 32.40997229916898, "tpot_slo_ms": 50, "tpot_slo_attainment": 100.0, "Latency": {"unit": "s", "min": 0.6110848730895668, "p50": 4.197366850916296, "p90": 7.256383933126926, "p95": 8.206439298111945, "p99": 11.89196322085335, "max": 13.554802478058264}, "Throughput": {"unit": "tokens/s", "min": 2.1667810379024153, "p50": 42.460470378452115, "p90": 65.94598246290663, "p95": 72.8340279404249, "p99": 83.33767737500783, "max": 92.34331212079142}, "TTFT": {"unit": "s", "min": 0.20084883295930922, "p50": 1.6860498320311308, "p90": 4.538291797973216, "p95": 5.732752160867676, "p99": 9.146301400708024, "max": 10.97719494998455}, "TPOT": {"unit": "ms", "min": 7.369624934014139, "p50": 13.203927919493248, "p90": 16.774638924494987, "p95": 18.156701481089957, "p99": 28.509440955885793, "max": 42.91812829015886}, "Input Tokens per Minute": {"unit": "tokens/min", "min": 1427556.0143254683, "p50": 1427556.0143254683, "p90": 1427556.0143254683, "p95": 1427556.0143254683, "p99": 1427556.0143254683, "max": 1427556.0143254683}, "Output Tokens per Minute": {"unit": "tokens/min", "min": 64008.78586839646, "p50": 64008.78586839646, "p90": 64008.78586839646, "p95": 64008.78586839646, "p99": 64008.78586839646, "max": 64008.78586839646}}
{"actual_qps": 5.344615909016441, "success_rate": 100.0, "input_tokens": 3966, "output_tokens": 173, "model": "meta-llama/Llama-3.1-8B-Instruct", "input_tokens_per_minute": 1303677.6934062196, "output_tokens_per_minute": 56919.65993421117, "slo_seconds": 5.0, "slo_attainment": 100.0, "ttft_slo_ms": 1000, "ttft_slo_attainment": 79.0273556231003, "tpot_slo_ms": 50, "tpot_slo_attainment": 100.0, "Latency": {"unit": "s", "min": 0.606709195068106, "p50": 3.012397242942825, "p90": 3.783631599927321, "p95": 4.158821458276361, "p99": 4.4584223318193095, "max": 4.8777500439900905}, "Throughput": {"unit": "tokens/s", "min": 14.613195806586244, "p50": 60.66207935371455, "p90": 73.66909874732106, "p95": 76.77939490906988, "p99": 89.65756709554653, "max": 95.65069527188076}, "TTFT": {"unit": "s", "min": 0.12948327092453837, "p50": 0.6424466669559479, "p90": 1.2252772904001175, "p95": 1.4865333148278292, "p99": 1.9074129310809074, "max": 2.1205722040031105}, "TPOT": {"unit": "ms", "min": 8.889413837875638, "p50": 12.366951096205497, "p90": 14.387822144130634, "p95": 15.132848522040861, "p99": 18.27065628232751, "max": 23.662467946350162}, "Input Tokens per Minute": {"unit": "tokens/min", "min": 1303677.6934062196, "p50": 1303677.6934062196, "p90": 1303677.6934062196, "p95": 1303677.6934062196, "p99": 1303677.6934062196, "max": 1303677.6934062196}, "Output Tokens per Minute": {"unit": "tokens/min", "min": 56919.65993421117, "p50": 56919.65993421117, "p90": 56919.65993421117, "p95": 56919.65993421117, "p99": 56919.65993421117, "max": 56919.65993421117}}
{"actual_qps": 5.400324707534041, "success_rate": 100.0, "input_tokens": 3913, "output_tokens": 179, "model": "meta-llama/Llama-3.1-8B-Instruct", "input_tokens_per_minute": 1264177.2761421998, "output_tokens_per_minute": 58115.70103347286, "slo_seconds": 5.0, "slo_attainment": 94.8170731707317, "ttft_slo_ms": 1000, "ttft_slo_attainment": 63.41463414634146, "tpot_slo_ms": 50, "tpot_slo_attainment": 100.0, "Latency": {"unit": "s", "min": 0.7810488149989396, "p50": 3.261174726882018, "p90": 4.478317850129679, "p95": 4.996255738288163, "p99": 6.077344916411677, "max": 7.311525835189968}, "Throughput": {"unit": "tokens/s", "min": 5.318863313048185, "p50": 57.87931493173828, "p90": 71.97071394432344, "p95": 75.2656454799184, "p99": 80.02251852393623, "max": 85.23876837127561}, "TTFT": {"unit": "s", "min": 0.15000564488582313, "p50": 0.8108364504296333, "p90": 1.8281821368727835, "p95": 2.462772200850303, "p99": 3.334501456809233, "max": 4.890585177112371}, "TPOT": {"unit": "ms", "min": 8.116478889675463, "p50": 12.74468473459679, "p90": 14.972269964523385, "p95": 15.766863378579028, "p99": 17.978812875304413, "max": 24.117794120684266}, "Input Tokens per Minute": {"unit": "tokens/min", "min": 1264177.2761421998, "p50": 1264177.2761421998, "p90": 1264177.2761421998, "p95": 1264177.2761421998, "p99": 1264177.2761421998, "max": 1264177.2761421998}, "Output Tokens per Minute": {"unit": "tokens/min", "min": 58115.70103347286, "p50": 58115.70103347286, "p90": 58115.70103347286, "p95": 58115.70103347286, "p99": 58115.70103347286, "max": 58115.70103347286}}
{"actual_qps": 5.706145539267274, "success_rate": 100.0, "input_tokens": 4113, "output_tokens": 175, "model": "meta-llama/Llama-3.1-8B-Instruct", "input_tokens_per_minute": 1420434.744362588, "output_tokens_per_minute": 60582.540717679214, "slo_seconds": 5.0, "slo_attainment": 99.71509971509973, "ttft_slo_ms": 1000, "ttft_slo_attainment": 86.6096866096866, "tpot_slo_ms": 50, "tpot_slo_attainment": 100.0, "Latency": {"unit": "s", "min": 0.41292838589288294, "p50": 3.0282728218007833, "p90": 3.7806394989602268, "p95": 4.022284584934823, "p99": 4.424003778374754, "max": 5.039637758862227}, "Throughput": {"unit": "tokens/s", "min": 12.032027403501404, "p50": 60.89906175043292, "p90": 75.53185467337477, "p95": 78.7596608975968, "p99": 87.5243749986746, "max": 103.15888644507082}, "TTFT": {"unit": "s", "min": 0.08581556798890233, "p50": 0.6083539549726993, "p90": 1.0692322740796953, "p95": 1.2044883464695886, "p99": 1.6822003140114248, "max": 1.9343761238269508}, "TPOT": {"unit": "ms", "min": 1.8290810643092674, "p50": 12.716041160653809, "p90": 15.56289243282535, "p95": 16.336848022739154, "p99": 18.388391585954228, "max": 27.498592325072323}, "Input Tokens per Minute": {"unit": "tokens/min", "min": 1420434.744362588, "p50": 1420434.744362588, "p90": 1420434.744362588, "p95": 1420434.744362588, "p99": 1420434.744362588, "max": 1420434.744362588}, "Output Tokens per Minute": {"unit": "tokens/min", "min": 60582.540717679214, "p50": 60582.540717679214, "p90": 60582.540717679214, "p95": 60582.540717679214, "p99": 60582.540717679214, "max": 60582.540717679214}}
{"actual_qps": 5.466602719443626, "success_rate": 100.0, "input_tokens": 3955, "output_tokens": 173, "model": "meta-llama/Llama-3.1-8B-Instruct", "input_tokens_per_minute": 1295865.6519675977, "output_tokens_per_minute": 56812.54938897711, "slo_seconds": 5.0, "slo_attainment": 100.0, "ttft_slo_ms": 1000, "ttft_slo_attainment": 95.4954954954955, "tpot_slo_ms": 50, "tpot_slo_attainment": 100.0, "Latency": {"unit": "s", "min": 0.44806704204529524, "p50": 2.8673861280549318, "p90": 3.728721806174144, "p95": 3.9429021766409273, "p99": 4.427281694402918, "max": 4.684864826966077}, "Throughput": {"unit": "tokens/s", "min": 13.838908165966064, "p50": 62.486033102276686, "p90": 78.83062328632951, "p95": 83.86892096347695, "p99": 94.26702489678017, "max": 110.44384449076985}, "TTFT": {"unit": "s", "min": 0.0638936071190983, "p50": 0.4915606561116874, "p90": 0.8692155534401536, "p95": 0.9761910497210918, "p99": 1.2056032847240568, "max": 1.242278379155323}, "TPOT": {"unit": "ms", "min": 8.131337778953215, "p50": 12.91507132580719, "p90": 15.759163737264528, "p95": 16.420425879924757, "p99": 18.91021044060925, "max": 28.098898706957698}, "Input Tokens per Minute": {"unit": "tokens/min", "min": 1295865.6519675977, "p50": 1295865.6519675977, "p90": 1295865.6519675977, "p95": 1295865.6519675977, "p99": 1295865.6519675977, "max": 1295865.6519675977}, "Output Tokens per Minute": {"unit": "tokens/min", "min": 56812.54938897711, "p50": 56812.54938897711, "p90": 56812.54938897711, "p95": 56812.54938897711, "p99": 56812.54938897711, "max": 56812.54938897711}}
{"actual_qps": 5.1475790531705385, "success_rate": 100.0, "input_tokens": 4140, "output_tokens": 176, "model": "meta-llama/Llama-3.1-8B-Instruct",