{"actual_qps": 5.049971030829106, "success_rate": 100.0, "input_tokens": 4162, "output_tokens": 181, "model": "meta-llama/Llama-3.1-8B-Instruct", "input_tokens_per_minute": 1182551.550716431, "output_tokens_per_minute": 51427.24924975679, "slo_seconds": 5.0, "slo_attainment": 98.25174825174825, "ttft_slo_ms": 1000, "ttft_slo_attainment": 60.83916083916085, "tpot_slo_ms": 50, "tpot_slo_attainment": 100.0, "Latency": {"unit": "s", "min": 0.6328091828618199, "p50": 3.3245996094774455, "p90": 4.562615655479021, "p95": 4.809408257831819, "p99": 5.187117568659586, "max": 8.28618341498077}, "Throughput": {"unit": "tokens/s", "min": 8.268247765035559, "p50": 56.02691265097047, "p90": 71.98458301351963, "p95": 74.87312709625083, "p99": 82.0402132701114, "max": 94.25564042226866}, "TTFT": {"unit": "s", "min": 0.14501268207095563, "p50": 0.8059211209183559, "p90": 1.95263180101756, "p95": 2.1545811242540367, "p99": 2.560343529481903, "max": 5.491796583868563}, "TPOT": {"unit": "ms", "min": 8.002760276819268, "p50": 12.961076377258625, "p90": 15.414685432111199, "p95": 16.14592296944713, "p99": 17.084017502001092, "max": 23.959336055935744}, "Input Tokens per Minute": {"unit": "tokens/min", "min": 1182551.550716431, "p50": 1182551.550716431, "p90": 1182551.550716431, "p95": 1182551.550716431, "p99": 1182551.550716431, "max": 1182551.550716431}, "Output Tokens per Minute": {"unit": "tokens/min", "min": 51427.24924975679, "p50": 51427.24924975679, "p90": 51427.24924975679, "p95": 51427.24924975679, "p99": 51427.24924975679, "max": 51427.24924975679}}
{"actual_qps": 4.933133532131879, "success_rate": 100.0, "input_tokens": 4006, "output_tokens": 179, "model": "meta-llama/Llama-3.1-8B-Instruct", "input_tokens_per_minute": 1202144.1137334825, "output_tokens_per_minute": 53730.03603981486, "slo_seconds": 5.0, "slo_attainment": 100.0, "ttft_slo_ms": 1000, "ttft_slo_attainment": 76.49006622516556, "tpot_slo_ms": 50, "tpot_slo_attainment": 100.0, "Latency": {"unit": "s", "min": 0.7856039409525692, "p50": 3.0571388895623386, "p90": 3.71546219533775, "p95": 3.899074865784496, "p99": 4.447152484995314, "max": 4.840627501951531}, "Throughput": {"unit": "tokens/s", "min": 8.861567906560996, "p50": 61.75152239241423, "p90": 73.2900793167974, "p95": 77.25419375772874, "p99": 84.18264504161073, "max": 93.89490532599923}, "TTFT": {"unit": "s", "min": 0.14650630811229348, "p50": 0.755627534002997, "p90": 1.3005722999339924, "p95": 1.4866756681003608, "p99": 1.913758117668331, "max": 2.2206682870164514}, "TPOT": {"unit": "ms", "min": 5.257586151305022, "p50": 12.247836492234963, "p90": 14.040227618124616, "p95": 15.149781197466273, "p99": 17.216590920109343, "max": 20.255205798894167}, "Input Tokens per Minute": {"unit": "tokens/min", "min": 1202144.1137334825, "p50": 1202144.1137334825, "p90": 1202144.1137334825, "p95": 1202144.1137334825, "p99": 1202144.1137334825, "max": 1202144.1137334825}, "Output Tokens per Minute": {"unit": "tokens/min", "min": 53730.03603981486, "p50": 53730.03603981486, "p90": 53730.03603981486, "p95": 53730.03603981486, "p99": 53730.03603981486, "max": 53730.03603981486}}
{"actual_qps": 5.277268934842674, "success_rate": 100.0, "input_tokens": 4157, "output_tokens": 180, "model": "meta-llama/Llama-3.1-8B-Instruct", "input_tokens_per_minute": 1312415.483729796, "output_tokens_per_minute": 57112.50554080668, "slo_seconds": 5.0, "slo_attainment": 100.0, "ttft_slo_ms": 1000, "ttft_slo_attainment": 82.2429906542056, "tpot_slo_ms": 50, "tpot_slo_attainment": 100.0, "Latency": {"unit": "s", "min": 0.644313502125442, "p50": 3.163963434053585, "p90": 3.862483005039394, "p95": 4.041093127103522, "p99": 4.652390439622106, "max": 4.863634451990947}, "Throughput": {"unit": "tokens/s", "min": 8.871374086963915, "p50": 59.949191627712146, "p90": 72.82577485965021, "p95": 74.95511549233304, "p99": 81.08115359613045, "max": 90.53327493966412}, "TTFT": {"unit": "s", "min": 0.1301999599672854, "p50": 0.6499060320202261, "p90": 1.1817035269923508, "p95": 1.3576998969074339, "p99": 1.5545150642283265, "max": 1.8044522788841277}, "TPOT": {"unit": "ms", "min": 9.497112080913467, "p50": 12.812900291464757, "p90": 15.255490592891473, "p95": 16.78717297960503, "p99": 18.630144732411615, "max": 23.903723088248324}, "Input Tokens per Minute": {"unit": "tokens/min", "min": 1312415.483729796, "p50": 1312415.483729796, "p90": 1312415.483729796, "p95": 1312415.483729796, "p99": 1312415.483729796, "max": 1312415.483729796}, "Output Tokens per Minute": {"unit": "tokens/min", "min": 57112.50554080668, "p50": 57112.50554080668, "p90": 57112.50554080668, "p95": 57112.50554080668, "p99": 57112.50554080668, "max": 57112.50554080668}}
{"actual_qps": 4.887771691459021, "success_rate": 100.0, "input_tokens": 4132, "output_tokens": 175, "model": "meta-llama/Llama-3.1-8B-Instruct", "input_tokens_per_minute": 1166379.3577334944, "output_tokens_per_minute": 49519.13832685852, "slo_seconds": 5.0, "slo_attainment": 100.0, "ttft_slo_ms": 1000, "ttft_slo_attainment": 95.47038327526133, "tpot_slo_ms": 50, "tpot_slo_attainment": 100.0, "Latency": {"unit": "s", "min": 0.23573961481451988, "p50": 2.854923316044733, "p90": 3.6474683914333585, "p95": 3.9298463852144776, "p99": 4.38043018971104, "max": 4.915686154970899}, "Throughput": {"unit": "tokens/s", "min": 12.154595197075876, "p50": 64.55709344477587, "p90": 80.0194638499635, "p95": 83.71574519827773, "p99": 93.89133692947257, "max": 102.46383739183244}, "TTFT": {"unit": "s", "min": 0.04815491079352796, "p50": 0.49856436788104475, "p90": 0.8974462452344597, "p95": 0.9895700758788735, "p99": 1.4290876691369327, "max": 1.8197365859523416}, "TPOT": {"unit": "ms", "min": 4.235061227946598, "p50": 12.575934115731762, "p90": 15.227743688661922, "p95": 16.196018912309974, "p99": 17.773240395534668, "max": 24.63192434515804}, "Input Tokens per Minute": {"unit": "tokens/min", "min": 1166379.3577334944, "p50": 1166379.3577334944, "p90": 1166379.3577334944, "p95": 1166379.3577334944, "p99": 1166379.3577334944, "max": 1166379.3577334944}, "Output Tokens per Minute": {"unit": "tokens/min", "min": 49519.13832685852, "p50": 49519.13832685852, "p90": 49519.13832685852, "p95": 49519.13832685852, "p99": 49519.13832685852, "max": 49519.13832685852}}
{"actual_qps": 5.049968033125803, "success_rate": 100.0, "input_tokens": 3958, "output_tokens": 180, "model": "meta-llama/Llama-3.1-8B-Instruct", "input_tokens_per_minute": 1230048.7879806734, "output_tokens_per_minute": 56055.41285044223, "slo_seconds": 5.0, "slo_attainment": 99.68354430379746, "ttft_slo_ms": 1000, "ttft_slo_attainment": 94.9367088607595, "tpot_slo_ms": 50, "tpot_slo_attainment": 100.0, "Latency": {"unit": "s", "min": 0.4845563319977373, "p50": 2.9163466304307804, "p90": 3.676775368512608, "p95": 3.9551276583224535, "p99": 4.589197109511589, "max": 5.004573655081913}, "Throughput": {"unit": "tokens/s", "min": 16.560754270791154, "p50": 64.42569857279344, "p90": 78.45491999230268, "p95": 82.05357019343434, "p99": 90.61657547964313, "max": 100.93521915112316}, "TTFT": {"unit": "s", "min": 0.06485702004283667, "p50": 0.46167191094718874, "p90": 0.8406529879430309, "p95": 0.990064604440704, "p99": 1.2377605799934852, "max": 1.5548348010051996}, "TPOT": {"unit": "ms", "min": 9.271878829862379, "p50": 13.092041892613334, "p90": 15.57080409068778, "p95": 16.979526751206713, "p99": 18.435242557947607, "max": 20.040001159941312}, "Input Tokens per Minute": {"unit": "tokens/min", "min": 1230048.7879806734, "p50": 1230048.7879806734, "p90": 1230048.7879806734, "p95": 1230048.7879806734, "p99": 1230048.7879806734, "max": 1230048.7879806734}, "Output Tokens per Minute": {"unit": "tokens/min", "min": 56055.41285044223, "p50": 56055.41285044223, "p90": 56055.41285044223, "p95": 56055.41285044223, "p99": 56055.41285044223, "max": 56055.41285044223}}
{"actual_qps": 4.96722741034228, "success_rate": 100.0, "input_tokens": 4102, "output_tokens": 176, "model": "meta-llama/Llama-3.1-8B-Instruct",