{"actual_qps": 5.443577315727313, "success_rate": 100.0, "input_tokens": 4101, "output_tokens": 170, "model": "meta-llama/Llama-3.1-8B-Instruct", "input_tokens_per_minute": 1274084.752479628, "output_tokens_per_minute": 52882.60568462066, "slo_seconds": 5.0, "slo_attainment": 99.67845659163987, "ttft_slo_ms": 1000, "ttft_slo_attainment": 78.45659163987139, "tpot_slo_ms": 50, "tpot_slo_attainment": 100.0, "Latency": {"unit": "s", "min": 0.46504271612502635, "p50": 2.7988489100243896, "p90": 3.8066619620658457, "p95": 4.051109259948134, "p99": 4.447500956407746, "max": 7.512568976031616}, "Throughput": {"unit": "tokens/s", "min": 8.018835066129602, "p50": 65.28900937425063, "p90": 83.84875422033396, "p95": 87.72471738225045, "p99": 98.80439992383948, "max": 108.26800005310945}, "TTFT": {"unit": "s", "min": 0.11159834009595215, "p50": 0.5428514301311225, "p90": 1.2923621649388224, "p95": 1.4794965975452214, "p99": 2.2869570407317923, "max": 6.362096990924329}, "TPOT": {"unit": "ms", "min": 7.944955554557964, "p50": 11.99532631227756, "p90": 14.917854924017012, "p95": 16.1634311240566, "p99": 20.860194642977874, "max": 34.14609805622604}, "Input Tokens per Minute": {"unit": "tokens/min", "min": 1274084.752479628, "p50": 1274084.752479628, "p90": 1274084.752479628, "p95": 1274084.752479628, "p99": 1274084.752479628, "max": 1274084.752479628}, "Output Tokens per Minute": {"unit": "tokens/min", "min": 52882.60568462066, "p50": 52882.60568462066, "p90": 52882.60568462066, "p95": 52882.60568462066, "p99": 52882.60568462066, "max": 52882.60568462066}}
{"actual_qps": 5.542484652066209, "success_rate": 100.0, "input_tokens": 3914, "output_tokens": 180, "model": "meta-llama/Llama-3.1-8B-Instruct", "input_tokens_per_minute": 1270936.6609198074, "output_tokens_per_minute": 58662.444655880885, "slo_seconds": 5.0, "slo_attainment": 100.0, "ttft_slo_ms": 1000, "ttft_slo_attainment": 77.87878787878788, "tpot_slo_ms": 50, "tpot_slo_attainment": 100.0, "Latency": {"unit": "s", "min": 0.4880636620800942, "p50": 3.087473483523354, "p90": 3.921532178972849, "p95": 4.2136316582211295, "p99": 4.704866483791264, "max": 4.900177695089951}, "Throughput": {"unit": "tokens/s", "min": 12.614230000063632, "p50": 61.22299453603823, "p90": 74.85053424654093, "p95": 78.35947549894809, "p99": 84.34464888519635, "max": 93.22061451542153}, "TTFT": {"unit": "s", "min": 0.1267118959221989, "p50": 0.6837221710011363, "p90": 1.2288948298431932, "p95": 1.4004220964270648, "p99": 1.7546049517882054, "max": 2.3678974399808794}, "TPOT": {"unit": "ms", "min": 4.449086896597574, "p50": 12.476874326458717, "p90": 14.888733781841422, "p95": 16.553652285301037, "p99": 18.732231233254932, "max": 20.315350403132683}, "Input Tokens per Minute": {"unit": "tokens/min", "min": 1270936.6609198074, "p50": 1270936.6609198074, "p90": 1270936.6609198074, "p95": 1270936.6609198074, "p99": 1270936.6609198074, "max": 1270936.6609198074}, "Output Tokens per Minute": {"unit": "tokens/min", "min": 58662.444655880885, "p50": 58662.444655880885, "p90": 58662.444655880885, "p95": 58662.444655880885, "p99": 58662.444655880885, "max": 58662.444655880885}}
{"actual_qps": 5.48267524287677, "success_rate": 100.0, "input_tokens": 4032, "output_tokens": 174, "model": "meta-llama/Llama-3.1-8B-Instruct", "input_tokens_per_minute": 1297314.2964562385, "output_tokens_per_minute": 56236.21380049711, "slo_seconds": 5.0, "slo_attainment": 100.0, "ttft_slo_ms": 1000, "ttft_slo_attainment": 80.73394495412845, "tpot_slo_ms": 50, "tpot_slo_attainment": 100.0, "Latency": {"unit": "s", "min": 0.6923161461018026, "p50": 3.0439958109054714, "p90": 3.8937123627401893, "p95": 4.134731643158011, "p99": 4.656373514682055, "max": 4.913772052153945}, "Throughput": {"unit": "tokens/s", "min": 10.43566657692227, "p50": 60.05314561947512, "p90": 73.55544976215494, "p95": 78.47784323297243, "p99": 85.56823737229536, "max": 92.1615341069574}, "TTFT": {"unit": "s", "min": 0.11890249000862241, "p50": 0.6551852030679584, "p90": 1.2471628914121544, "p95": 1.5288767586927856, "p99": 1.8580765540897848, "max": 2.0581160178408027}, "TPOT": {"unit": "ms", "min": 9.157112034280663, "p50": 12.97882108963165, "p90": 15.109069531680504, "p95": 15.990554907092422, "p99": 17.70267956717005, "max": 18.56766802827931}, "Input Tokens per Minute": {"unit": "tokens/min", "min": 1297314.2964562385, "p50": 1297314.2964562385, "p90": 1297314.2964562385, "p95": 1297314.2964562385, "p99": 1297314.2964562385, "max": 1297314.2964562385}, "Output Tokens per Minute": {"unit": "tokens/min", "min": 56236.21380049711, "p50": 56236.21380049711, "p90": 56236.21380049711, "p95": 56236.21380049711, "p99": 56236.21380049711, "max": 56236.21380049711}}
{"actual_qps": 5.663524047408458, "success_rate": 100.0, "input_tokens": 4008, "output_tokens": 179, "model": "meta-llama/Llama-3.1-8B-Instruct", "input_tokens_per_minute": 1388337.3084537364, "output_tokens_per_minute": 62283.09735166852, "slo_seconds": 5.0, "slo_attainment": 100.0, "ttft_slo_ms": 1000, "ttft_slo_attainment": 96.875, "tpot_slo_ms": 50, "tpot_slo_attainment": 100.0, "Latency": {"unit": "s", "min": 0.32501563406549394, "p50": 2.749179062549956, "p90": 3.386568922363222, "p95": 3.629749566060491, "p99": 4.228501576802228, "max": 4.604598574806005}, "Throughput": {"unit": "tokens/s", "min": 14.832733982924104, "p50": 69.33068353578281, "p90": 84.05218144102382, "p95": 87.11474833453933, "p99": 94.95409875846434, "max": 111.76839120886741}, "TTFT": {"unit": "s", "min": 0.044624472968280315, "p50": 0.3405606319429353, "p90": 0.7420417804038153, "p95": 0.8515516472514717, "p99": 1.4665780077339166, "max": 1.7206886829808354}, "TPOT": {"unit": "ms", "min": 6.749362327779332, "p50": 12.465146092941339, "p90": 14.671493648794264, "p95": 15.353963864223104, "p99": 17.10075351932986, "max": 25.966243883077468}, "Input Tokens per Minute": {"unit": "tokens/min", "min": 1388337.3084537364, "p50": 1388337.3084537364, "p90": 1388337.3084537364, "p95": 1388337.3084537364, "p99": 1388337.3084537364, "max": 1388337.3084537364}, "Output Tokens per Minute": {"unit": "tokens/min", "min": 62283.09735166852, "p50": 62283.09735166852, "p90": 62283.09735166852, "p95": 62283.09735166852, "p99": 62283.09735166852, "max": 62283.09735166852}}
{"actual_qps": 5.852435704894202, "success_rate": 100.0, "input_tokens": 4124, "output_tokens": 178, "model": "meta-llama/Llama-3.1-8B-Instruct", "input_tokens_per_minute": 1460407.953375544, "output_tokens_per_minute": 63370.56725365021, "slo_seconds": 5.0, "slo_attainment": 100.0, "ttft_slo_ms": 1000, "ttft_slo_attainment": 99.16666666666667, "tpot_slo_ms": 50, "tpot_slo_attainment": 100.0, "Latency": {"unit": "s", "min": 0.4686131668277085, "p50": 2.8975677305134013, "p90": 3.6892171011772006, "p95": 3.7849871513899416, "p99": 4.345295180859978, "max": 4.646084788953885}, "Throughput": {"unit": "tokens/s", "min": 22.90482557361821, "p50": 65.29268642827, "p90": 78.22344244213457, "p95": 81.8031768637555, "p99": 89.87095052989358, "max": 100.13230786578082}, "TTFT": {"unit": "s", "min": 0.038725852966308594, "p50": 0.3555538299260661, "p90": 0.6515013111522423, "p95": 0.7071998527040705, "p99": 0.9801340042753147, "max": 1.2685193850193173}, "TPOT": {"unit": "ms", "min": 9.257544826885516, "p50": 13.301975909859205, "p90": 16.366502450868005, "p95": 17.484840650717494, "p99": 19.430067498440625, "max": 22.634576998590944}, "Input Tokens per Minute": {"unit": "tokens/min", "min": 1460407.953375544, "p50": 1460407.953375544, "p90": 1460407.953375544, "p95": 1460407.953375544, "p99": 1460407.953375544, "max": 1460407.953375544}, "Output Tokens per Minute": {"unit": "tokens/min", "min": 63370.56725365021, "p50": 63370.56725365021, "p90": 63370.56725365021, "p95": 63370.56725365021, "p99": 63370.56725365021, "max": 63370.56725365021}}
{"actual_qps": 5.672180801145624, "success_rate": 100.0, "input_tokens": 4010, "output_tokens": 177, "model": "meta-llama/Llama-3.1-8B-Instruct",