{"actual_qps": 5.654551560323091, "success_rate": 100.0, "input_tokens": 4298, "output_tokens": 180, "model": "meta-llama/Llama-3.1-8B-Instruct", "input_tokens_per_minute": 1335510.0689319808, "output_tokens_per_minute": 55958.36274935085, "slo_seconds": 5.0, "slo_attainment": 92.38095238095238, "ttft_slo_ms": 1000, "ttft_slo_attainment": 59.36507936507937, "tpot_slo_ms": 50, "tpot_slo_attainment": 100.0, "Latency": {"unit": "s", "min": 0.6813145750202239, "p50": 3.0619448779616505, "p90": 4.866749448794873, "p95": 5.068009518366307, "p99": 5.2428788283746695, "max": 8.651147173950449}, "Throughput": {"unit": "tokens/s", "min": 7.407303418475919, "p50": 59.9193618772519, "p90": 82.59479032278975, "p95": 86.00050849687963, "p99": 94.436002980294, "max": 107.67945604028216}, "TTFT": {"unit": "s", "min": 0.1093003018759191, "p50": 0.8554757230449468, "p90": 2.078268071310595, "p95": 2.3247014812193814, "p99": 3.065558320987039, "max": 5.6968942219391465}, "TPOT": {"unit": "ms", "min": 5.772356189683908, "p50": 11.667586708600497, "p90": 15.27719992849433, "p95": 15.912853468831946, "p99": 18.43123352308924, "max": 33.761197002604604}, "Input Tokens per Minute": {"unit": "tokens/min", "min": 1335510.0689319808, "p50": 1335510.0689319808, "p90": 1335510.0689319808, "p95": 1335510.0689319808, "p99": 1335510.0689319808, "max": 1335510.0689319808}, "Output Tokens per Minute": {"unit": "tokens/min", "min": 55958.36274935085, "p50": 55958.36274935085, "p90": 55958.36274935085, "p95": 55958.36274935085, "p99": 55958.36274935085, "max": 55958.36274935085}}
{"actual_qps": 4.604517533528988, "success_rate": 100.0, "input_tokens": 4243, "output_tokens": 175, "model": "meta-llama/Llama-3.1-8B-Instruct", "input_tokens_per_minute": 1234736.0975370924, "output_tokens_per_minute": 51069.47692065522, "slo_seconds": 5.0, "slo_attainment": 97.28813559322033, "ttft_slo_ms": 1000, "ttft_slo_attainment": 79.3220338983051, "tpot_slo_ms": 50, "tpot_slo_attainment": 100.0, "Latency": {"unit": "s", "min": 0.3842857179697603, "p50": 3.0467739899177104, "p90": 4.023162882728502, "p95": 4.3926434166729456, "p99": 5.505703129861504, "max": 6.385975569952279}, "Throughput": {"unit": "tokens/s", "min": 6.455280214954796, "p50": 60.86234820887843, "p90": 75.00727365428966, "p95": 78.81512767521254, "p99": 87.72405526103223, "max": 90.8512622240766}, "TTFT": {"unit": "s", "min": 0.12056171894073486, "p50": 0.5941274310462177, "p90": 1.4174798521678897, "p95": 2.0189715464366604, "p99": 3.103777928068303, "max": 3.75287237088196}, "TPOT": {"unit": "ms", "min": 8.658483601175249, "p50": 12.604670933723899, "p90": 15.054982884473462, "p95": 16.435369930258894, "p99": 17.40703627637976, "max": 18.308772166123866}, "Input Tokens per Minute": {"unit": "tokens/min", "min": 1234736.0975370924, "p50": 1234736.0975370924, "p90": 1234736.0975370924, "p95": 1234736.0975370924, "p99": 1234736.0975370924, "max": 1234736.0975370924}, "Output Tokens per Minute": {"unit": "tokens/min", "min": 51069.47692065522, "p50": 51069.47692065522, "p90": 51069.47692065522, "p95": 51069.47692065522, "p99": 51069.47692065522, "max": 51069.47692065522}}
{"actual_qps": 4.755718472407131, "success_rate": 100.0, "input_tokens": 4259, "output_tokens": 182, "model": "meta-llama/Llama-3.1-8B-Instruct", "input_tokens_per_minute": 1211133.9036591596, "output_tokens_per_minute": 51821.26030060684, "slo_seconds": 5.0, "slo_attainment": 100.0, "ttft_slo_ms": 1000, "ttft_slo_attainment": 85.46712802768167, "tpot_slo_ms": 50, "tpot_slo_attainment": 100.0, "Latency": {"unit": "s", "min": 0.4978815750218928, "p50": 2.9209627308882773, "p90": 3.6859452586621044, "p95": 3.9637115351855754, "p99": 4.534319423194975, "max": 4.86502002296038}, "Throughput": {"unit": "tokens/s", "min": 17.46796603624156, "p50": 64.4722534163017, "p90": 78.48186642692939, "p95": 83.71826766922514, "p99": 91.67445771578465, "max": 97.52110712252284}, "TTFT": {"unit": "s", "min": 0.0752389500848949, "p50": 0.5263121789321303, "p90": 1.1016939557157457, "p95": 1.2316920973360534, "p99": 1.4261052860226482, "max": 1.834895139792934}, "TPOT": {"unit": "ms", "min": 4.842271370327343, "p50": 12.4033843108626, "p90": 14.632266258877051, "p95": 15.358311890885414, "p99": 17.453360313804634, "max": 17.98747838755611}, "Input Tokens per Minute": {"unit": "tokens/min", "min": 1211133.9036591596, "p50": 1211133.9036591596, "p90": 1211133.9036591596, "p95": 1211133.9036591596, "p99": 1211133.9036591596, "max": 1211133.9036591596}, "Output Tokens per Minute": {"unit": "tokens/min", "min": 51821.26030060684, "p50": 51821.26030060684, "p90": 51821.26030060684, "p95": 51821.26030060684, "p99": 51821.26030060684, "max": 51821.26030060684}}
{"actual_qps": 4.749999516757138, "success_rate": 100.0, "input_tokens": 4304, "output_tokens": 184, "model": "meta-llama/Llama-3.1-8B-Instruct", "input_tokens_per_minute": 1232375.23822102, "output_tokens_per_minute": 52756.00496587307, "slo_seconds": 5.0, "slo_attainment": 100.0, "ttft_slo_ms": 1000, "ttft_slo_attainment": 99.65635738831615, "tpot_slo_ms": 50, "tpot_slo_attainment": 100.0, "Latency": {"unit": "s", "min": 0.5312513790559024, "p50": 2.7206333898939192, "p90": 3.27338486793451, "p95": 3.485780494986102, "p99": 3.7252163817407578, "max": 3.8475363249890506}, "Throughput": {"unit": "tokens/s", "min": 11.865704821759355, "p50": 71.11885913441344, "p90": 84.87798405640498, "p95": 87.77920219792398, "p99": 96.74831731587793, "max": 104.6807745058791}, "TTFT": {"unit": "s", "min": 0.03578583407215774, "p50": 0.297531905118376, "p90": 0.5828882800415158, "p95": 0.6449742425465956, "p99": 0.7961249027866872, "max": 1.1367331598885357}, "TPOT": {"unit": "ms", "min": 9.111886723528631, "p50": 12.519575643760326, "p90": 14.95141249598193, "p95": 15.622062187706394, "p99": 17.3198539600508, "max": 20.75260079997991}, "Input Tokens per Minute": {"unit": "tokens/min", "min": 1232375.23822102, "p50": 1232375.23822102, "p90": 1232375.23822102, "p95": 1232375.23822102, "p99": 1232375.23822102, "max": 1232375.23822102}, "Output Tokens per Minute": {"unit": "tokens/min", "min": 52756.00496587307, "p50": 52756.00496587307, "p90": 52756.00496587307, "p95": 52756.00496587307, "p99": 52756.00496587307, "max": 52756.00496587307}}
{"actual_qps": 5.483331926402208, "success_rate": 100.0, "input_tokens": 4122, "output_tokens": 181, "model": "meta-llama/Llama-3.1-8B-Instruct", "input_tokens_per_minute": 1289935.8307663614, "output_tokens_per_minute": 56847.23477448042, "slo_seconds": 5.0, "slo_attainment": 100.0, "ttft_slo_ms": 1000, "ttft_slo_attainment": 100.0, "tpot_slo_ms": 50, "tpot_slo_attainment": 100.0, "Latency": {"unit": "s", "min": 0.5171102310996503, "p50": 2.863477874081582, "p90": 3.5334824739024047, "p95": 3.6912825829698703, "p99": 4.080189985067115, "max": 4.304635860957205}, "Throughput": {"unit": "tokens/s", "min": 21.858719568072893, "p50": 67.48458687192442, "p90": 80.87069992478935, "p95": 85.49690704218784, "p99": 96.35210217539716, "max": 99.10689573515046}, "TTFT": {"unit": "s", "min": 0.04852235410362482, "p50": 0.28800566704012454, "p90": 0.5603378915926442, "p95": 0.6289869448635725, "p99": 0.8709069843334143, "max": 0.986051918938756}, "TPOT": {"unit": "ms", "min": 7.440571207553148, "p50": 13.31900258550898, "p90": 16.63814926177044, "p95": 17.324913687648333, "p99": 20.036095064051498, "max": 25.506765581667423}, "Input Tokens per Minute": {"unit": "tokens/min", "min": 1289935.8307663614, "p50": 1289935.8307663614, "p90": 1289935.8307663614, "p95": 1289935.8307663614, "p99": 1289935.8307663614, "max": 1289935.8307663614}, "Output Tokens per Minute": {"unit": "tokens/min", "min": 56847.23477448042, "p50": 56847.23477448042, "p90": 56847.23477448042, "p95": 56847.23477448042, "p99": 56847.23477448042, "max": 56847.23477448042}}
{"actual_qps": 4.666612492044105, "success_rate": 100.0, "input_tokens": 4212, "output_tokens": 184, "model": "meta-llama/Llama-3.1-8B-Instruct", "input_tokens_per_minute": 1202031.4585029723,