{"actual_qps": 5.307555420153466, "success_rate": 100.0, "input_tokens": 4143, "output_tokens": 178, "model": "meta-llama/Llama-3.1-8B-Instruct", "input_tokens_per_minute": 1265589.4184134037, "output_tokens_per_minute": 54451.52546563086, "slo_seconds": 5.0, "slo_attainment": 84.31372549019608, "ttft_slo_ms": 1000, "ttft_slo_attainment": 59.150326797385624, "tpot_slo_ms": 50, "tpot_slo_attainment": 99.34640522875817, "Latency": {"unit": "s", "min": 0.6617736571934074, "p50": 3.003881193115376, "p90": 5.264397585531697, "p95": 5.493532840686385, "p99": 7.431976013025269, "max": 14.825535540934652}, "Throughput": {"unit": "tokens/s", "min": 7.205787258744974, "p50": 59.75056092280643, "p90": 79.97722193892875, "p95": 85.85364241448501, "p99": 92.12743597213226, "max": 96.40403840884784}, "TTFT": {"unit": "s", "min": 0.2576523090247065, "p50": 0.8931648364523426, "p90": 2.5328905135393143, "p95": 3.2910695512546226, "p99": 4.3445155653986145, "max": 11.270072080893442}, "TPOT": {"unit": "ms", "min": 1.6286198515444994, "p50": 11.759082353837677, "p90": 16.440344506017528, "p95": 17.907439165072393, "p99": 30.747523073268187, "max": 70.55619163604986}, "Input Tokens per Minute": {"unit": "tokens/min", "min": 1265589.4184134037, "p50": 1265589.4184134037, "p90": 1265589.4184134037, "p95": 1265589.4184134037, "p99": 1265589.4184134037, "max": 1265589.4184134037}, "Output Tokens per Minute": {"unit": "tokens/min", "min": 54451.52546563086, "p50": 54451.52546563086, "p90": 54451.52546563086, "p95": 54451.52546563086, "p99": 54451.52546563086, "max": 54451.52546563086}}
{"actual_qps": 5.112670814140705, "success_rate": 100.0, "input_tokens": 4250, "output_tokens": 178, "model": "meta-llama/Llama-3.1-8B-Instruct", "input_tokens_per_minute": 1264468.342914313, "output_tokens_per_minute": 53106.83383849355, "slo_seconds": 5.0, "slo_attainment": 99.32885906040269, "ttft_slo_ms": 1000, "ttft_slo_attainment": 77.51677852348993, "tpot_slo_ms": 50, "tpot_slo_attainment": 100.0, "Latency": {"unit": "s", "min": 0.37595303589478135, "p50": 3.1555945579893887, "p90": 3.934664669702761, "p95": 4.11356488369638, "p99": 4.898962172896134, "max": 5.202646022895351}, "Throughput": {"unit": "tokens/s", "min": 9.211306830139488, "p50": 59.18172910651363, "p90": 72.48790018102204, "p95": 77.28134162597802, "p99": 83.80909758952617, "max": 88.35608695307262}, "TTFT": {"unit": "s", "min": 0.10156909702345729, "p50": 0.693268716451712, "p90": 1.2948889242717998, "p95": 1.522236783790867, "p99": 2.249625453436744, "max": 2.9262097959872335}, "TPOT": {"unit": "ms", "min": 7.281765875899617, "p50": 12.643724167667035, "p90": 15.325786149826595, "p95": 16.38241904035354, "p99": 18.56676119450326, "max": 20.055087118902627}, "Input Tokens per Minute": {"unit": "tokens/min", "min": 1264468.342914313, "p50": 1264468.342914313, "p90": 1264468.342914313, "p95": 1264468.342914313, "p99": 1264468.342914313, "max": 1264468.342914313}, "Output Tokens per Minute": {"unit": "tokens/min", "min": 53106.83383849355, "p50": 53106.83383849355, "p90": 53106.83383849355, "p95": 53106.83383849355, "p99": 53106.83383849355, "max": 53106.83383849355}}
{"actual_qps": 5.070798220379975, "success_rate": 100.0, "input_tokens": 4236, "output_tokens": 181, "model": "meta-llama/Llama-3.1-8B-Instruct", "input_tokens_per_minute": 1288876.7838569223, "output_tokens_per_minute": 55294.34688545604, "slo_seconds": 5.0, "slo_attainment": 99.67637540453075, "ttft_slo_ms": 1000, "ttft_slo_attainment": 84.46601941747572, "tpot_slo_ms": 50, "tpot_slo_attainment": 100.0, "Latency": {"unit": "s", "min": 0.5188236539252102, "p50": 3.018234035000205, "p90": 3.7684098192956297, "p95": 3.998457024618983, "p99": 4.36511395010166, "max": 5.072442521806806}, "Throughput": {"unit": "tokens/s", "min": 12.658854443693363, "p50": 63.05571112686735, "p90": 76.92145933093501, "p95": 82.57281785185464, "p99": 89.27192744444149, "max": 94.03513761178797}, "TTFT": {"unit": "s", "min": 0.08860679296776652, "p50": 0.6085058290045708, "p90": 1.2130418381653725, "p95": 1.3562404253054405, "p99": 1.7198198223020884, "max": 1.9536439031362534}, "TPOT": {"unit": "ms", "min": 7.093165444934534, "p50": 12.361844471952582, "p90": 14.527494147485449, "p95": 15.237466901325476, "p99": 17.5576166020904, "max": 26.22567322653006}, "Input Tokens per Minute": {"unit": "tokens/min", "min": 1288876.7838569223, "p50": 1288876.7838569223, "p90": 1288876.7838569223, "p95": 1288876.7838569223, "p99": 1288876.7838569223, "max": 1288876.7838569223}, "Output Tokens per Minute": {"unit": "tokens/min", "min": 55294.34688545604, "p50": 55294.34688545604, "p90": 55294.34688545604, "p95": 55294.34688545604, "p99": 55294.34688545604, "max": 55294.34688545604}}
{"actual_qps": 5.133759667249638, "success_rate": 100.0, "input_tokens": 4368, "output_tokens": 176, "model": "meta-llama/Llama-3.1-8B-Instruct", "input_tokens_per_minute": 1392891.6729181716, "output_tokens_per_minute": 56293.888992782304, "slo_seconds": 5.0, "slo_attainment": 100.0, "ttft_slo_ms": 1000, "ttft_slo_attainment": 93.51851851851852, "tpot_slo_ms": 50, "tpot_slo_attainment": 100.0, "Latency": {"unit": "s", "min": 0.3523367850575596, "p50": 2.8133708694949746, "p90": 3.5897780828177925, "p95": 3.780573647969868, "p99": 4.2530822874489225, "max": 4.748994647990912}, "Throughput": {"unit": "tokens/s", "min": 9.053427110604751, "p50": 66.80524773360683, "p90": 78.2896628112353, "p95": 83.52133106033604, "p99": 88.4302169761683, "max": 94.98994842550151}, "TTFT": {"unit": "s", "min": 0.03874900611117482, "p50": 0.4042511029401794, "p90": 0.8637998077087103, "p95": 1.073275581595953, "p99": 1.3094786315015512, "max": 1.6872736981604248}, "TPOT": {"unit": "ms", "min": 2.2399370897222646, "p50": 12.627990823356088, "p90": 15.351571786760273, "p95": 15.95170086199399, "p99": 19.169852299170262, "max": 22.53574106928914}, "Input Tokens per Minute": {"unit": "tokens/min", "min": 1392891.6729181716, "p50": 1392891.6729181716, "p90": 1392891.6729181716, "p95": 1392891.6729181716, "p99": 1392891.6729181716, "max": 1392891.6729181716}, "Output Tokens per Minute": {"unit": "tokens/min", "min": 56293.888992782304, "p50": 56293.888992782304, "p90": 56293.888992782304, "p95": 56293.888992782304, "p99": 56293.888992782304, "max": 56293.888992782304}}
{"actual_qps": 5.083329535838298, "success_rate": 100.0, "input_tokens": 4218, "output_tokens": 176, "model": "meta-llama/Llama-3.1-8B-Instruct", "input_tokens_per_minute": 1249682.4126694493, "output_tokens_per_minute": 52350.571103963906, "slo_seconds": 5.0, "slo_attainment": 100.0, "ttft_slo_ms": 1000, "ttft_slo_attainment": 99.33554817275747, "tpot_slo_ms": 50, "tpot_slo_attainment": 100.0, "Latency": {"unit": "s", "min": 0.45136598707176745, "p50": 2.8096184718888253, "p90": 3.6418897381518036, "p95": 3.7891777120530605, "p99": 3.9727361858822405, "max": 4.28793732309714}, "Throughput": {"unit": "tokens/s", "min": 17.106396534232452, "p50": 67.36113552578774, "p90": 80.95275738938368, "p95": 85.7378831638169, "p99": 91.82339759188828, "max": 96.76332829891456}, "TTFT": {"unit": "s", "min": 0.04836405208334327, "p50": 0.3824856490828097, "p90": 0.6917935570236295, "p95": 0.8034077058546245, "p99": 0.9553518141619861, "max": 1.0335466780234128}, "TPOT": {"unit": "ms", "min": 9.516040135839551, "p50": 12.797385041166715, "p90": 15.972907608140952, "p95": 16.70247381880655, "p99": 18.13821465124836, "max": 29.82805424835533}, "Input Tokens per Minute": {"unit": "tokens/min", "min": 1249682.4126694493, "p50": 1249682.4126694493, "p90": 1249682.4126694493, "p95": 1249682.4126694493, "p99": 1249682.4126694493, "max": 1249682.4126694493}, "Output Tokens per Minute": {"unit": "tokens/min", "min": 52350.571103963906, "p50": 52350.571103963906, "p90": 52350.571103963906, "p95": 52350.571103963906, "p99": 52350.571103963906, "max": 52350.571103963906}}
{"actual_qps": 5.266660648812173, "success_rate": 100.0, "input_tokens": 4251, "output_tokens": 168,