{"actual_qps": 5.864719022503617, "success_rate": 100.0, "input_tokens": 3873, "output_tokens": 175, "model": "meta-llama/Llama-3.1-8B-Instruct", "input_tokens_per_minute": 1250784.6206175897, "output_tokens_per_minute": 56722.162850433706, "slo_seconds": 5.0, "slo_attainment": 98.76160990712074, "ttft_slo_ms": 1000, "ttft_slo_attainment": 65.01547987616098, "tpot_slo_ms": 50, "tpot_slo_attainment": 100.0, "Latency": {"unit": "s", "min": 0.4999526438768953, "p50": 3.1463807350955904, "p90": 3.953169745113701, "p95": 4.297313048224894, "p99": 5.036548278653059, "max": 7.911143688019365}, "Throughput": {"unit": "tokens/s", "min": 9.44359883850939, "p50": 58.01704187442457, "p90": 76.18573674401851, "p95": 80.51434772794528, "p99": 93.40653115912765, "max": 98.40005340897731}, "TTFT": {"unit": "s", "min": 0.12047355598770082, "p50": 0.7798165951389819, "p90": 1.5098362546414137, "p95": 1.7535228319931773, "p99": 2.2866541363019466, "max": 5.379172710003331}, "TPOT": {"unit": "ms", "min": 7.081871705681637, "p50": 12.43524865865071, "p90": 14.892786918629204, "p95": 15.650303266499236, "p99": 20.183769442835573, "max": 21.50227650002177}, "Input Tokens per Minute": {"unit": "tokens/min", "min": 1250784.6206175897, "p50": 1250784.6206175897, "p90": 1250784.6206175897, "p95": 1250784.6206175897, "p99": 1250784.6206175897, "max": 1250784.6206175897}, "Output Tokens per Minute": {"unit": "tokens/min", "min": 56722.162850433706, "p50": 56722.162850433706, "p90": 56722.162850433706, "p95": 56722.162850433706, "p99": 56722.162850433706, "max": 56722.162850433706}}
{"actual_qps": 5.443577607017178, "success_rate": 100.0, "input_tokens": 4107, "output_tokens": 176, "model": "meta-llama/Llama-3.1-8B-Instruct", "input_tokens_per_minute": 1357656.456857205, "output_tokens_per_minute": 58395.15896337211, "slo_seconds": 5.0, "slo_attainment": 94.64285714285714, "ttft_slo_ms": 1000, "ttft_slo_attainment": 61.011904761904766, "tpot_slo_ms": 50, "tpot_slo_attainment": 100.0, "Latency": {"unit": "s", "min": 0.612391967093572, "p50": 3.2268349804216996, "p90": 4.478634187486023, "p95": 5.067880424903706, "p99": 6.075419929414055, "max": 6.551969944965094}, "Throughput": {"unit": "tokens/s", "min": 10.25525163182424, "p50": 56.54042455700235, "p90": 72.40150489945735, "p95": 75.54834971203748, "p99": 85.880643728718, "max": 90.03074839580395}, "TTFT": {"unit": "s", "min": 0.126049768878147, "p50": 0.8351009564939886, "p90": 1.8483775169588625, "p95": 2.277426045620814, "p99": 3.4680815215688163, "max": 4.717705701943487}, "TPOT": {"unit": "ms", "min": 6.995023126364686, "p50": 12.550086834252667, "p90": 14.996890015502334, "p95": 15.548891422904312, "p99": 18.875991201066185, "max": 24.60563092802962}, "Input Tokens per Minute": {"unit": "tokens/min", "min": 1357656.456857205, "p50": 1357656.456857205, "p90": 1357656.456857205, "p95": 1357656.456857205, "p99": 1357656.456857205, "max": 1357656.456857205}, "Output Tokens per Minute": {"unit": "tokens/min", "min": 58395.15896337211, "p50": 58395.15896337211, "p90": 58395.15896337211, "p95": 58395.15896337211, "p99": 58395.15896337211, "max": 58395.15896337211}}
{"actual_qps": 5.5738011871464845, "success_rate": 100.0, "input_tokens": 4077, "output_tokens": 174, "model": "meta-llama/Llama-3.1-8B-Instruct", "input_tokens_per_minute": 1315696.3112979585, "output_tokens_per_minute": 56251.50433583769, "slo_seconds": 5.0, "slo_attainment": 96.95121951219512, "ttft_slo_ms": 1000, "ttft_slo_attainment": 46.95121951219512, "tpot_slo_ms": 50, "tpot_slo_attainment": 100.0, "Latency": {"unit": "s", "min": 0.8788592149503529, "p50": 3.3863688525743783, "p90": 4.575496960105374, "p95": 4.849057592020836, "p99": 5.988979584595655, "max": 7.357723464956507}, "Throughput": {"unit": "tokens/s", "min": 8.111758775738549, "p50": 53.40888737736668, "p90": 69.21697973243315, "p95": 72.0668743655142, "p99": 75.52979399035952, "max": 78.9070498329417}, "TTFT": {"unit": "s", "min": 0.14229313493706286, "p50": 1.0441630510613322, "p90": 1.8091941662831235, "p95": 2.2487448993604624, "p99": 3.4080689303460607, "max": 3.800313289044425}, "TPOT": {"unit": "ms", "min": 4.944547105373608, "p50": 12.779090801562797, "p90": 15.704378830867807, "p95": 16.985046193607324, "p99": 19.95119218389363, "max": 20.59940231481084}, "Input Tokens per Minute": {"unit": "tokens/min", "min": 1315696.3112979585, "p50": 1315696.3112979585, "p90": 1315696.3112979585, "p95": 1315696.3112979585, "p99": 1315696.3112979585, "max": 1315696.3112979585}, "Output Tokens per Minute": {"unit": "tokens/min", "min": 56251.50433583769, "p50": 56251.50433583769, "p90": 56251.50433583769, "p95": 56251.50433583769, "p99": 56251.50433583769, "max": 56251.50433583769}}
{"actual_qps": 5.685896447070461, "success_rate": 100.0, "input_tokens": 4144, "output_tokens": 175, "model": "meta-llama/Llama-3.1-8B-Instruct", "input_tokens_per_minute": 1496396.8537419795, "output_tokens_per_minute": 63226.498052780786, "slo_seconds": 5.0, "slo_attainment": 96.73024523160763, "ttft_slo_ms": 1000, "ttft_slo_attainment": 67.30245231607628, "tpot_slo_ms": 50, "tpot_slo_attainment": 100.0, "Latency": {"unit": "s", "min": 0.4052702069748193, "p50": 3.1889645401388407, "p90": 4.287482058070601, "p95": 4.70399832346011, "p99": 6.083298883582462, "max": 7.645329324062914}, "Throughput": {"unit": "tokens/s", "min": 4.2141770966573775, "p50": 57.21895523298888, "p90": 72.36023820902722, "p95": 75.68721328191809, "p99": 81.81614835172032, "max": 93.1518579393185}, "TTFT": {"unit": "s", "min": 0.08364088996313512, "p50": 0.7149119169916958, "p90": 1.683236334566027, "p95": 2.264840896544045, "p99": 4.040286755450058, "max": 5.734427512157708}, "TPOT": {"unit": "ms", "min": 8.056569465056615, "p50": 12.74657957887642, "p90": 15.781899686135239, "p95": 16.764611603420732, "p99": 19.77189171507547, "max": 26.230434709064223}, "Input Tokens per Minute": {"unit": "tokens/min", "min": 1496396.8537419795, "p50": 1496396.8537419795, "p90": 1496396.8537419795, "p95": 1496396.8537419795, "p99": 1496396.8537419795, "max": 1496396.8537419795}, "Output Tokens per Minute": {"unit": "tokens/min", "min": 63226.498052780786, "p50": 63226.498052780786, "p90": 63226.498052780786, "p95": 63226.498052780786, "p99": 63226.498052780786, "max": 63226.498052780786}}
{"actual_qps": 6.229557300425345, "success_rate": 100.0, "input_tokens": 3977, "output_tokens": 173, "model": "meta-llama/Llama-3.1-8B-Instruct", "input_tokens_per_minute": 1475076.217267195, "output_tokens_per_minute": 64216.243881405644, "slo_seconds": 5.0, "slo_attainment": 100.0, "ttft_slo_ms": 1000, "ttft_slo_attainment": 98.40848806366049, "tpot_slo_ms": 50, "tpot_slo_attainment": 100.0, "Latency": {"unit": "s", "min": 0.3104640019591898, "p50": 2.8350603978615254, "p90": 3.677610902953893, "p95": 3.8709943418391046, "p99": 4.5557805020269, "max": 4.897533644922078}, "Throughput": {"unit": "tokens/s", "min": 25.54314021630425, "p50": 65.75402019822326, "p90": 79.13601363064643, "p95": 84.48029326761508, "p99": 91.36642293812547, "max": 112.43605907448736}, "TTFT": {"unit": "s", "min": 0.030487302923575044, "p50": 0.3600167450495064, "p90": 0.7247150724753737, "p95": 0.8257794445380569, "p99": 1.0615342986304324, "max": 1.2974509429186583}, "TPOT": {"unit": "ms", "min": 7.387354264638442, "p50": 13.018782663594314, "p90": 16.09682962836595, "p95": 17.716327426842785, "p99": 19.84504550171258, "max": 21.228287054006667}, "Input Tokens per Minute": {"unit": "tokens/min", "min": 1475076.217267195, "p50": 1475076.217267195, "p90": 1475076.217267195, "p95": 1475076.217267195, "p99": 1475076.217267195, "max": 1475076.217267195}, "Output Tokens per Minute": {"unit": "tokens/min", "min": 64216.243881405644, "p50": 64216.243881405644, "p90": 64216.243881405644, "p95": 64216.243881405644, "p99": 64216.243881405644, "max": 64216.243881405644}}
{"actual_qps": 5.666529946814633, "success_rate": 100.0, "input_tokens": 3916, "output_tokens": 175,