{"target_qps": 5.0, "actual_qps": 4.999147019369906, "success_rate": 100.0, "input_tokens": 4053, "output_tokens": 182, "model": "meta-llama/Llama-3.1-8B-Instruct", "input_tokens_per_minute": 1216003.886925795, "output_tokens_per_minute": 54663.604240282686, "slo_seconds": 5.0, "slo_attainment": 100.0, "ttft_slo_ms": 1000, "ttft_slo_attainment": 99.64664310954063, "tpot_slo_ms": 50, "tpot_slo_attainment": 100.0, "Latency": {"unit": "s", "min": 0.30266306921839714, "p50": 2.3143114561680704, "p90": 3.1128391421400012, "p95": 3.3654263735515997, "p99": 3.5799058429291484, "max": 3.9837757910136133}, "Throughput": {"unit": "tokens/s", "min": 37.74956392830223, "p50": 81.65006885575646, "p90": 105.0293921479025, "p95": 109.01428964184, "p99": 117.57192316085175, "max": 123.81188614100301}, "TTFT": {"unit": "s", "min": 0.028928288957104087, "p50": 0.19041974586434662, "p90": 0.30411955262534324, "p95": 0.3515639985678715, "p99": 0.549197169984691, "max": 1.3508222280070186}, "TPOT": {"unit": "ms", "min": 6.629970244830474, "p50": 11.018000628527759, "p90": 14.97873209941028, "p95": 16.24102240004787, "p99": 17.651765042217974, "max": 19.547691060950857}, "Input Tokens per Minute": {"unit": "tokens/min", "min": 1216003.886925795, "p50": 1216003.886925795, "p90": 1216003.886925795, "p95": 1216003.886925795, "p99": 1216003.886925795, "max": 1216003.886925795}, "Output Tokens per Minute": {"unit": "tokens/min", "min": 54663.604240282686, "p50": 54663.604240282686, "p90": 54663.604240282686, "p95": 54663.604240282686, "p99": 54663.604240282686, "max": 54663.604240282686}}
{"target_qps": 5.0, "actual_qps": 4.998955900576387, "success_rate": 100.0, "input_tokens": 4160, "output_tokens": 174, "model": "meta-llama/Llama-3.1-8B-Instruct", "input_tokens_per_minute": 1256213.6228265236, "output_tokens_per_minute": 52822.967210210576, "slo_seconds": 5.0, "slo_attainment": 99.33774834437085, "ttft_slo_ms": 1000, "ttft_slo_attainment": 100.0, "tpot_slo_ms": 50, "tpot_slo_attainment": 99.66887417218543, "Latency": {"unit": "s", "min": 0.36322728800587356, "p50": 3.300590881961398, "p90": 4.022218292416074, "p95": 4.301663809304591, "p99": 4.680926025193185, "max": 5.617009998997673}, "Throughput": {"unit": "tokens/s", "min": 12.481359144012334, "p50": 58.13801328719008, "p90": 70.85900154628142, "p95": 73.67121800014482, "p99": 79.90487183558626, "max": 85.52648817439885}, "TTFT": {"unit": "s", "min": 0.04074721410870552, "p50": 0.20527920802123845, "p90": 0.3602235610131175, "p95": 0.47691115202615025, "p99": 0.7090327239944602, "max": 0.833377055125311}, "TPOT": {"unit": "ms", "min": 8.46912053280643, "p50": 16.04993832145523, "p90": 20.04029069525132, "p95": 21.408547308542328, "p99": 26.888999568255525, "max": 68.85170164134573}, "Input Tokens per Minute": {"unit": "tokens/min", "min": 1256213.6228265236, "p50": 1256213.6228265236, "p90": 1256213.6228265236, "p95": 1256213.6228265236, "p99": 1256213.6228265236, "max": 1256213.6228265236}, "Output Tokens per Minute": {"unit": "tokens/min", "min": 52822.967210210576, "p50": 52822.967210210576, "p90": 52822.967210210576, "p95": 52822.967210210576, "p99": 52822.967210210576, "max": 52822.967210210576}}
{"target_qps": 5.0, "actual_qps": 4.99576990343645, "success_rate": 100.0, "input_tokens": 4084, "output_tokens": 180, "model": "meta-llama/Llama-3.1-8B-Instruct", "input_tokens_per_minute": 1228530.759187652, "output_tokens_per_minute": 54203.1042983048, "slo_seconds": 5.0, "slo_attainment": 100.0, "ttft_slo_ms": 1000, "ttft_slo_attainment": 100.0, "tpot_slo_ms": 50, "tpot_slo_attainment": 100.0, "Latency": {"unit": "s", "min": 0.2697140851523727, "p50": 3.176913304021582, "p90": 3.902573512867093, "p95": 4.096879429882392, "p99": 4.434007768984884, "max": 4.807163996854797}, "Throughput": {"unit": "tokens/s", "min": 27.98137101377621, "p50": 60.53740344953394, "p90": 73.87636764365975, "p95": 77.52614508601458, "p99": 86.06169974163349, "max": 88.5076231070059}, "TTFT": {"unit": "s", "min": 0.033201962942257524, "p50": 0.20556656504049897, "p90": 0.32259354181587696, "p95": 0.4018792051356286, "p99": 0.530020859092474, "max": 0.6543574840761721}, "TPOT": {"unit": "ms", "min": 3.085688624933765, "p50": 15.396056874613068, "p90": 18.896914050965826, "p95": 20.455140808840568, "p99": 24.228231672642995, "max": 28.679681369768723}, "Input Tokens per Minute": {"unit": "tokens/min", "min": 1228530.759187652, "p50": 1228530.759187652, "p90": 1228530.759187652, "p95": 1228530.759187652, "p99": 1228530.759187652, "max": 1228530.759187652}, "Output Tokens per Minute": {"unit": "tokens/min", "min": 54203.1042983048, "p50": 54203.1042983048, "p90": 54203.1042983048, "p95": 54203.1042983048, "p99": 54203.1042983048, "max": 54203.1042983048}}
{"target_qps": 5.0, "actual_qps": 4.999953846523956, "success_rate": 100.0, "input_tokens": 3982, "output_tokens": 176, "model": "meta-llama/Llama-3.1-8B-Instruct", "input_tokens_per_minute": 1194892.9765886287, "output_tokens_per_minute": 52810.03344481605, "slo_seconds": 5.0, "slo_attainment": 100.0, "ttft_slo_ms": 1000, "ttft_slo_attainment": 100.0, "tpot_slo_ms": 50, "tpot_slo_attainment": 100.0, "Latency": {"unit": "s", "min": 0.23862574505619705, "p50": 2.9901669479440898, "p90": 3.6444407167378814, "p95": 3.8317705180030317, "p99": 4.135566586703061, "max": 4.350522573105991}, "Throughput": {"unit": "tokens/s", "min": 23.04736981573909, "p50": 63.37605027308954, "p90": 77.0160537068536, "p95": 80.79082971175801, "p99": 89.7345816775464, "max": 92.21282580470938}, "TTFT": {"unit": "s", "min": 0.024871674831956625, "p50": 0.17958924896083772, "p90": 0.3277220690157264, "p95": 0.38257662737742054, "p99": 0.5462389358272769, "max": 0.621299825841561}, "TPOT": {"unit": "ms", "min": 8.013838422758615, "p50": 14.593377401677882, "p90": 17.82841647530215, "p95": 18.869743365841217, "p99": 20.82180949733868, "max": 29.66117894496111}, "Input Tokens per Minute": {"unit": "tokens/min", "min": 1194892.9765886287, "p50": 1194892.9765886287, "p90": 1194892.9765886287, "p95": 1194892.9765886287, "p99": 1194892.9765886287, "max": 1194892.9765886287}, "Output Tokens per Minute": {"unit": "tokens/min", "min": 52810.03344481605, "p50": 52810.03344481605, "p90": 52810.03344481605, "p95": 52810.03344481605, "p99": 52810.03344481605, "max": 52810.03344481605}}
{"target_qps": 5.0, "actual_qps": 4.999949559088691, "success_rate": 100.0, "input_tokens": 4046, "output_tokens": 171, "model": "meta-llama/Llama-3.1-8B-Instruct", "input_tokens_per_minute": 1213886.0, "output_tokens_per_minute": 51320.0, "slo_seconds": 5.0, "slo_attainment": 100.0, "ttft_slo_ms": 1000, "ttft_slo_attainment": 100.0, "tpot_slo_ms": 50, "tpot_slo_attainment": 100.0, "Latency": {"unit": "s", "min": 0.19347299495711923, "p50": 3.0771988099440932, "p90": 3.7356568542541937, "p95": 3.8916196991107426, "p99": 4.256568455945234, "max": 4.606116857845336}, "Throughput": {"unit": "tokens/s", "min": 21.01852651259567, "p50": 60.88104203996057, "p90": 72.40757130237868, "p95": 75.049801073326, "p99": 86.6651079791831, "max": 94.70627046670666}, "TTFT": {"unit": "s", "min": 0.028207023860886693, "p50": 0.14896909310482442, "p90": 0.21354940307792275, "p95": 0.22749391946708802, "p99": 0.5615782294236121, "max": 0.6875215789768845}, "TPOT": {"unit": "ms", "min": 9.181693237384453, "p50": 15.580634668413268, "p90": 18.754556001360505, "p95": 19.449527991058023, "p99": 20.706524747346606, "max": 27.52861089538783}, "Input Tokens per Minute": {"unit": "tokens/min", "min": 1213886.0, "p50": 1213886.0, "p90": 1213886.0, "p95": 1213886.0, "p99": 1213886.0, "max": 1213886.0}, "Output Tokens per Minute": {"unit": "tokens/min", "min": 51320.0, "p50": 51320.0, "p90": 51320.0, "p95": 51320.0, "p99": 51320.0, "max": 51320.0}}
{"target_qps": 5.0, "actual_qps": 4.99961513179904, "success_rate": 100.0, "input_tokens": 4249, "output_tokens": 177, "model": "meta-llama/Llama-3.1-8B-Instruct", "input_tokens_per_minute": 1274856.081081081,