{"target_qps": 5.0, "actual_qps": 4.9958722715177455, "success_rate": 100.0, "input_tokens": 4049, "output_tokens": 180, "model": "meta-llama/Llama-3.1-8B-Instruct", "input_tokens_per_minute": 1214880.633802817, "output_tokens_per_minute": 54242.957746478874, "slo_seconds": 5.0, "slo_attainment": 98.59154929577466, "ttft_slo_ms": 1000, "ttft_slo_attainment": 99.64788732394366, "tpot_slo_ms": 50, "tpot_slo_attainment": 100.0, "Latency": {"unit": "s", "min": 0.287893651984632, "p50": 3.221479209023528, "p90": 3.9502064503729346, "p95": 4.245420842536258, "p99": 5.11016709400341, "max": 5.432214566972107}, "Throughput": {"unit": "tokens/s", "min": 34.1850056567882, "p50": 60.03896146211373, "p90": 70.78641925349629, "p95": 75.17247556805992, "p99": 81.77726408001978, "max": 83.85637026579028}, "TTFT": {"unit": "s", "min": 0.04399051913060248, "p50": 0.184383362531662, "p90": 0.3343589959200472, "p95": 0.40280576817458463, "p99": 0.6437741169054071, "max": 2.224468429107219}, "TPOT": {"unit": "ms", "min": 9.367165341973305, "p50": 15.608810186128707, "p90": 19.065072480404417, "p95": 20.160964933499752, "p99": 24.505473615955005, "max": 25.415537517339963}, "Input Tokens per Minute": {"unit": "tokens/min", "min": 1214880.633802817, "p50": 1214880.633802817, "p90": 1214880.633802817, "p95": 1214880.633802817, "p99": 1214880.633802817, "max": 1214880.633802817}, "Output Tokens per Minute": {"unit": "tokens/min", "min": 54242.957746478874, "p50": 54242.957746478874, "p90": 54242.957746478874, "p95": 54242.957746478874, "p99": 54242.957746478874, "max": 54242.957746478874}}
{"target_qps": 5.0, "actual_qps": 4.999209773258862, "success_rate": 100.0, "input_tokens": 4162, "output_tokens": 171, "model": "meta-llama/Llama-3.1-8B-Instruct", "input_tokens_per_minute": 1260287.7152722413, "output_tokens_per_minute": 51949.07822815012, "slo_seconds": 5.0, "slo_attainment": 100.0, "ttft_slo_ms": 1000, "ttft_slo_attainment": 100.0, "tpot_slo_ms": 50, "tpot_slo_attainment": 100.0, "Latency": {"unit": "s", "min": 0.3169292858801782, "p50": 3.1845770010259002, "p90": 3.9478799485601486, "p95": 4.176628482481465, "p99": 4.861531535121613, "max": 4.984662012197077}, "Throughput": {"unit": "tokens/s", "min": 18.60457982213204, "p50": 59.73624815968821, "p90": 72.73718256197459, "p95": 77.63635288705042, "p99": 84.60948614895652, "max": 90.28964854436225}, "TTFT": {"unit": "s", "min": 0.03853240702301264, "p50": 0.1867147870361805, "p90": 0.32911837161518637, "p95": 0.47497294154018044, "p99": 0.6556393506936731, "max": 0.7118449390400201}, "TPOT": {"unit": "ms", "min": 6.094258307712153, "p50": 15.521923643625845, "p90": 19.74211949527488, "p95": 21.166970147993066, "p99": 26.57214046326908, "max": 46.054005705039295}, "Input Tokens per Minute": {"unit": "tokens/min", "min": 1260287.7152722413, "p50": 1260287.7152722413, "p90": 1260287.7152722413, "p95": 1260287.7152722413, "p99": 1260287.7152722413, "max": 1260287.7152722413}, "Output Tokens per Minute": {"unit": "tokens/min", "min": 51949.07822815012, "p50": 51949.07822815012, "p90": 51949.07822815012, "p95": 51949.07822815012, "p99": 51949.07822815012, "max": 51949.07822815012}}
{"target_qps": 5.0, "actual_qps": 4.9990904682346775, "success_rate": 100.0, "input_tokens": 4082, "output_tokens": 180, "model": "meta-llama/Llama-3.1-8B-Instruct", "input_tokens_per_minute": 1224859.7315436243, "output_tokens_per_minute": 54067.449664429536, "slo_seconds": 5.0, "slo_attainment": 100.0, "ttft_slo_ms": 1000, "ttft_slo_attainment": 100.0, "tpot_slo_ms": 50, "tpot_slo_attainment": 100.0, "Latency": {"unit": "s", "min": 0.2745314300991595, "p50": 3.0263367504812777, "p90": 3.7845973364077508, "p95": 4.048144815326667, "p99": 4.362837902083993, "max": 4.700769827933982}, "Throughput": {"unit": "tokens/s", "min": 23.158319543850947, "p50": 63.46792343200916, "p90": 75.19922643909402, "p95": 79.54625348857323, "p99": 84.85774352786171, "max": 91.71770466756263}, "TTFT": {"unit": "s", "min": 0.03566143289208412, "p50": 0.17646164551842958, "p90": 0.30813429770059886, "p95": 0.3849143835832363, "p99": 0.5348168925335619, "max": 0.6515850920695812}, "TPOT": {"unit": "ms", "min": 8.648312883451581, "p50": 14.70226095462845, "p90": 18.30396617215183, "p95": 19.61875848501544, "p99": 22.6284072905033, "max": 30.571668520914734}, "Input Tokens per Minute": {"unit": "tokens/min", "min": 1224859.7315436243, "p50": 1224859.7315436243, "p90": 1224859.7315436243, "p95": 1224859.7315436243, "p99": 1224859.7315436243, "max": 1224859.7315436243}, "Output Tokens per Minute": {"unit": "tokens/min", "min": 54067.449664429536, "p50": 54067.449664429536, "p90": 54067.449664429536, "p95": 54067.449664429536, "p99": 54067.449664429536, "max": 54067.449664429536}}
{"target_qps": 5.0, "actual_qps": 4.999959676560647, "success_rate": 100.0, "input_tokens": 3985, "output_tokens": 179, "model": "meta-llama/Llama-3.1-8B-Instruct", "input_tokens_per_minute": 1195627.424749164, "output_tokens_per_minute": 53971.90635451505, "slo_seconds": 5.0, "slo_attainment": 99.33110367892976, "ttft_slo_ms": 1000, "ttft_slo_attainment": 99.66555183946488, "tpot_slo_ms": 50, "tpot_slo_attainment": 100.0, "Latency": {"unit": "s", "min": 0.35057631903328, "p50": 3.1922069122083485, "p90": 3.878525574505329, "p95": 4.109322339924983, "p99": 4.577420202419157, "max": 5.244097132002935}, "Throughput": {"unit": "tokens/s", "min": 26.164330889807637, "p50": 59.85542401598922, "p90": 73.13915157267876, "p95": 76.33996022484999, "p99": 82.45343759041329, "max": 88.05166657921366}, "TTFT": {"unit": "s", "min": 0.028232062002643943, "p50": 0.17261980404146016, "p90": 0.30447426955215634, "p95": 0.36975976813118827, "p99": 0.7025531211215977, "max": 1.0786156610120088}, "TPOT": {"unit": "ms", "min": 9.786639840489155, "p50": 15.78491253324377, "p90": 18.837037648559296, "p95": 20.210926082855718, "p99": 23.096891778248857, "max": 26.03031670236412}, "Input Tokens per Minute": {"unit": "tokens/min", "min": 1195627.424749164, "p50": 1195627.424749164, "p90": 1195627.424749164, "p95": 1195627.424749164, "p99": 1195627.424749164, "max": 1195627.424749164}, "Output Tokens per Minute": {"unit": "tokens/min", "min": 53971.90635451505, "p50": 53971.90635451505, "p90": 53971.90635451505, "p95": 53971.90635451505, "p99": 53971.90635451505, "max": 53971.90635451505}}
{"target_qps": 5.0, "actual_qps": 4.999981361743622, "success_rate": 100.0, "input_tokens": 4047, "output_tokens": 173, "model": "meta-llama/Llama-3.1-8B-Instruct", "input_tokens_per_minute": 1214100.0, "output_tokens_per_minute": 52131.772575250834, "slo_seconds": 5.0, "slo_attainment": 98.66220735785953, "ttft_slo_ms": 1000, "ttft_slo_attainment": 100.0, "tpot_slo_ms": 50, "tpot_slo_attainment": 100.0, "Latency": {"unit": "s", "min": 0.24092557188123465, "p50": 3.143132367869839, "p90": 4.052952462248504, "p95": 4.247836035862565, "p99": 5.076521383374928, "max": 5.449612902943045}, "Throughput": {"unit": "tokens/s", "min": 23.272639988002457, "p50": 59.562557127657534, "p90": 73.87594869120596, "p95": 75.52382122426067, "p99": 78.34231501842234, "max": 84.98476655288609}, "TTFT": {"unit": "s", "min": 0.02714730496518314, "p50": 0.14885756489820778, "p90": 0.21310938913375138, "p95": 0.25062458429019885, "p99": 0.5674940557777881, "max": 0.718639929080382}, "TPOT": {"unit": "ms", "min": 3.080898169975947, "p50": 15.949075904688868, "p90": 20.085434963570993, "p95": 21.07247358752038, "p99": 25.534617375693742, "max": 33.19654221801708}, "Input Tokens per Minute": {"unit": "tokens/min", "min": 1214100.0, "p50": 1214100.0, "p90": 1214100.0, "p95": 1214100.0, "p99": 1214100.0, "max": 1214100.0}, "Output Tokens per Minute": {"unit": "tokens/min", "min": 52131.772575250834, "p50": 52131.772575250834, "p90": 52131.772575250834, "p95": 52131.772575250834, "p99": 52131.772575250834, "max": 52131.772575250834}}
{"target_qps": 5.0, "actual_qps": 4.99992048135377, "success_rate": 100.0, "input_tokens": 4264, "output_tokens": 175,