{"target_qps": 5.0, "actual_qps": 4.99920505523904, "success_rate": 100.0, "input_tokens": 4053, "output_tokens": 181, "model": "meta-llama/Llama-3.1-8B-Instruct", "input_tokens_per_minute": 1216003.886925795, "output_tokens_per_minute": 54507.77385159011, "slo_seconds": 5.0, "slo_attainment": 100.0, "ttft_slo_ms": 1000, "ttft_slo_attainment": 99.64664310954063, "tpot_slo_ms": 50, "tpot_slo_attainment": 100.0, "Latency": {"unit": "s", "min": 0.22695235186256468, "p50": 2.9904768269043416, "p90": 3.7429180189967157, "p95": 3.947942556068301, "p99": 4.507946294080466, "max": 4.826288718963042}, "Throughput": {"unit": "tokens/s", "min": 19.75967903012514, "p50": 64.1454258100401, "p90": 80.64231875298904, "p95": 84.96773798882064, "p99": 89.57157061217706, "max": 96.83036308232329}, "TTFT": {"unit": "s", "min": 0.03525433293543756, "p50": 0.17554120998829603, "p90": 0.33626399394124745, "p95": 0.4382957182824609, "p99": 0.672163050188683, "max": 1.915966077009216}, "TPOT": {"unit": "ms", "min": 8.929409347474575, "p50": 14.57385906490998, "p90": 18.05640446916036, "p95": 19.20671840210038, "p99": 23.575281624129634, "max": 45.381466604091905}, "Input Tokens per Minute": {"unit": "tokens/min", "min": 1216003.886925795, "p50": 1216003.886925795, "p90": 1216003.886925795, "p95": 1216003.886925795, "p99": 1216003.886925795, "max": 1216003.886925795}, "Output Tokens per Minute": {"unit": "tokens/min", "min": 54507.77385159011, "p50": 54507.77385159011, "p90": 54507.77385159011, "p95": 54507.77385159011, "p99": 54507.77385159011, "max": 54507.77385159011}}
{"target_qps": 5.0, "actual_qps": 4.999210683455487, "success_rate": 100.0, "input_tokens": 4136, "output_tokens": 176, "model": "meta-llama/Llama-3.1-8B-Instruct", "input_tokens_per_minute": 1249050.383210463, "output_tokens_per_minute": 53369.51348770989, "slo_seconds": 5.0, "slo_attainment": 99.33774834437085, "ttft_slo_ms": 1000, "ttft_slo_attainment": 100.0, "tpot_slo_ms": 50, "tpot_slo_attainment": 100.0, "Latency": {"unit": "s", "min": 0.3227846338413656, "p50": 3.2744657039875165, "p90": 4.017973346053623, "p95": 4.407325940800365, "p99": 4.90165814540349, "max": 5.271471227053553}, "Throughput": {"unit": "tokens/s", "min": 28.655897539531964, "p50": 57.57661001911124, "p90": 70.75490549730262, "p95": 78.02485281229272, "p99": 86.34635612327487, "max": 88.80896165761166}, "TTFT": {"unit": "s", "min": 0.044382433872669935, "p50": 0.20011487998999655, "p90": 0.33814972448162756, "p95": 0.39756337068974973, "p99": 0.5936951499036517, "max": 0.799768510973081}, "TPOT": {"unit": "ms", "min": 9.500168770661249, "p50": 16.015674423334673, "p90": 20.294150914388464, "p95": 22.64254926823475, "p99": 24.81227642456947, "max": 29.059534320946444}, "Input Tokens per Minute": {"unit": "tokens/min", "min": 1249050.383210463, "p50": 1249050.383210463, "p90": 1249050.383210463, "p95": 1249050.383210463, "p99": 1249050.383210463, "max": 1249050.383210463}, "Output Tokens per Minute": {"unit": "tokens/min", "min": 53369.51348770989, "p50": 53369.51348770989, "p90": 53369.51348770989, "p95": 53369.51348770989, "p99": 53369.51348770989, "max": 53369.51348770989}}
{"target_qps": 5.0, "actual_qps": 4.998061071423334, "success_rate": 100.0, "input_tokens": 4110, "output_tokens": 178, "model": "meta-llama/Llama-3.1-8B-Instruct", "input_tokens_per_minute": 1233002.0, "output_tokens_per_minute": 53517.0, "slo_seconds": 5.0, "slo_attainment": 100.0, "ttft_slo_ms": 1000, "ttft_slo_attainment": 100.0, "tpot_slo_ms": 50, "tpot_slo_attainment": 100.0, "Latency": {"unit": "s", "min": 0.3104039980098605, "p50": 3.107773390132934, "p90": 3.8174132551997904, "p95": 4.01088039270835, "p99": 4.8505328891729, "max": 4.9854504549875855}, "Throughput": {"unit": "tokens/s", "min": 22.964849804277797, "p50": 61.63448180376286, "p90": 74.55200719632947, "p95": 77.87160180131958, "p99": 82.88523917778501, "max": 89.4885789728959}, "TTFT": {"unit": "s", "min": 0.04598524793982506, "p50": 0.16417872859165072, "p90": 0.31395783957559614, "p95": 0.3650608047028073, "p99": 0.552633649546187, "max": 0.6980915609747171}, "TPOT": {"unit": "ms", "min": 9.725143156874065, "p50": 15.1236322743528, "p90": 18.643859771417276, "p95": 19.837867123074826, "p99": 23.85125318649242, "max": 31.4182730027191}, "Input Tokens per Minute": {"unit": "tokens/min", "min": 1233002.0, "p50": 1233002.0, "p90": 1233002.0, "p95": 1233002.0, "p99": 1233002.0, "max": 1233002.0}, "Output Tokens per Minute": {"unit": "tokens/min", "min": 53517.0, "p50": 53517.0, "p90": 53517.0, "p95": 53517.0, "p99": 53517.0, "max": 53517.0}}
{"target_qps": 5.0, "actual_qps": 4.999905208622854, "success_rate": 100.0, "input_tokens": 3975, "output_tokens": 178, "model": "meta-llama/Llama-3.1-8B-Instruct", "input_tokens_per_minute": 1192658.5284280935, "output_tokens_per_minute": 53658.86287625418, "slo_seconds": 5.0, "slo_attainment": 99.66555183946488, "ttft_slo_ms": 1000, "ttft_slo_attainment": 99.66555183946488, "tpot_slo_ms": 50, "tpot_slo_attainment": 100.0, "Latency": {"unit": "s", "min": 0.2804634131025523, "p50": 3.1241777578834444, "p90": 3.778771687904373, "p95": 3.9210184953408316, "p99": 4.440298323645256, "max": 5.128249392844737}, "Throughput": {"unit": "tokens/s", "min": 26.400067780249184, "p50": 60.483759398073374, "p90": 73.94062817921727, "p95": 80.30192217633976, "p99": 88.19989981504149, "max": 94.4552099755889}, "TTFT": {"unit": "s", "min": 0.02847516885958612, "p50": 0.18148296303115785, "p90": 0.3162340706679968, "p95": 0.38635104605928033, "p99": 0.6518123390339308, "max": 1.161320426966995}, "TPOT": {"unit": "ms", "min": 9.4834354499148, "p50": 15.159771850229658, "p90": 18.161684258761415, "p95": 19.168860443058097, "p99": 20.463304860670412, "max": 21.87642902135849}, "Input Tokens per Minute": {"unit": "tokens/min", "min": 1192658.5284280935, "p50": 1192658.5284280935, "p90": 1192658.5284280935, "p95": 1192658.5284280935, "p99": 1192658.5284280935, "max": 1192658.5284280935}, "Output Tokens per Minute": {"unit": "tokens/min", "min": 53658.86287625418, "p50": 53658.86287625418, "p90": 53658.86287625418, "p95": 53658.86287625418, "p99": 53658.86287625418, "max": 53658.86287625418}}
{"target_qps": 5.0, "actual_qps": 4.9999019509239275, "success_rate": 100.0, "input_tokens": 4075, "output_tokens": 174, "model": "meta-llama/Llama-3.1-8B-Instruct", "input_tokens_per_minute": 1230318.7148927108, "output_tokens_per_minute": 52663.56989737339, "slo_seconds": 5.0, "slo_attainment": 99.00662251655629, "ttft_slo_ms": 1000, "ttft_slo_attainment": 100.0, "tpot_slo_ms": 50, "tpot_slo_attainment": 100.0, "Latency": {"unit": "s", "min": 0.25013103522360325, "p50": 3.0805103013990447, "p90": 3.952404977264815, "p95": 4.268724496557843, "p99": 4.806452135485598, "max": 5.397353331092745}, "Throughput": {"unit": "tokens/s", "min": 24.0509019516694, "p50": 61.321655554107295, "p90": 72.70212253122567, "p95": 77.24172505446946, "p99": 86.55473709954684, "max": 95.95973070704929}, "TTFT": {"unit": "s", "min": 0.027665117057040334, "p50": 0.15326965553686023, "p90": 0.21263263674918564, "p95": 0.273532345960848, "p99": 0.5445094021223489, "max": 0.8848172940779477}, "TPOT": {"unit": "ms", "min": 9.230754928799664, "p50": 15.539170626022072, "p90": 19.617294173935743, "p95": 20.75046281433589, "p99": 25.08728131218832, "max": 34.16731426208887}, "Input Tokens per Minute": {"unit": "tokens/min", "min": 1230318.7148927108, "p50": 1230318.7148927108, "p90": 1230318.7148927108, "p95": 1230318.7148927108, "p99": 1230318.7148927108, "max": 1230318.7148927108}, "Output Tokens per Minute": {"unit": "tokens/min", "min": 52663.56989737339, "p50": 52663.56989737339, "p90": 52663.56989737339, "p95": 52663.56989737339, "p99": 52663.56989737339, "max": 52663.56989737339}}
{"target_qps": 5.0, "actual_qps": 4.999866206422529, "success_rate": 100.0, "input_tokens": 4238, "output_tokens": 178, "model": "meta-llama/Llama-3.1-8B-Instruct", "input_tokens_per_minute": 1271512.5,