{"target_qps": 5.0, "actual_qps": 4.996841674761686, "success_rate": 100.0, "input_tokens": 4065, "output_tokens": 182, "model": "meta-llama/Llama-3.1-8B-Instruct", "input_tokens_per_minute": 1219525.5319148938, "output_tokens_per_minute": 54784.042553191495, "slo_seconds": 5.0, "slo_attainment": 100.0, "ttft_slo_ms": 1000, "ttft_slo_attainment": 99.64539007092199, "tpot_slo_ms": 50, "tpot_slo_attainment": 100.0, "Latency": {"unit": "s", "min": 0.34078449103981256, "p50": 2.563444698578678, "p90": 3.5280197745189072, "p95": 3.759761514794081, "p99": 4.075785743372981, "max": 4.532364434096962}, "Throughput": {"unit": "tokens/s", "min": 22.708539247803746, "p50": 74.1200262807346, "p90": 94.0368182444618, "p95": 100.3861942575036, "p99": 112.50468757204436, "max": 115.92570635393781}, "TTFT": {"unit": "s", "min": 0.05048112291842699, "p50": 0.19800705392844975, "p90": 0.3117487597977743, "p95": 0.36427494190866117, "p99": 0.5720596835250034, "max": 1.229157810099423}, "TPOT": {"unit": "ms", "min": 5.013978050556034, "p50": 12.364005932617165, "p90": 17.16284879902144, "p95": 18.163997401771674, "p99": 21.143525597410793, "max": 23.743783952235134}, "Input Tokens per Minute": {"unit": "tokens/min", "min": 1219525.5319148938, "p50": 1219525.5319148938, "p90": 1219525.5319148938, "p95": 1219525.5319148938, "p99": 1219525.5319148938, "max": 1219525.5319148938}, "Output Tokens per Minute": {"unit": "tokens/min", "min": 54784.042553191495, "p50": 54784.042553191495, "p90": 54784.042553191495, "p95": 54784.042553191495, "p99": 54784.042553191495, "max": 54784.042553191495}}
{"target_qps": 5.0, "actual_qps": 4.999504029204963, "success_rate": 100.0, "input_tokens": 4128, "output_tokens": 176, "model": "meta-llama/Llama-3.1-8B-Instruct", "input_tokens_per_minute": 1258421.5966336774, "output_tokens_per_minute": 53945.902720727165, "slo_seconds": 5.0, "slo_attainment": 99.34426229508196, "ttft_slo_ms": 1000, "ttft_slo_attainment": 100.0, "tpot_slo_ms": 50, "tpot_slo_attainment": 100.0, "Latency": {"unit": "s", "min": 0.4488738270010799, "p50": 3.2567891648504883, "p90": 3.973762274067849, "p95": 4.308906720858068, "p99": 4.694106487957759, "max": 5.460712560918182}, "Throughput": {"unit": "tokens/s", "min": 19.001869736069764, "p50": 59.15116836239518, "p90": 70.65284462232142, "p95": 74.67478037055693, "p99": 85.38863566691016, "max": 86.33790647334379}, "TTFT": {"unit": "s", "min": 0.049307951936498284, "p50": 0.2117619242053479, "p90": 0.33467953326180583, "p95": 0.3915655396413058, "p99": 0.5475508402101692, "max": 0.62609823490493}, "TPOT": {"unit": "ms", "min": 10.418279616929153, "p50": 15.751701055431562, "p90": 19.67695601299881, "p95": 20.976241489628972, "p99": 26.51471681342501, "max": 30.99062879336998}, "Input Tokens per Minute": {"unit": "tokens/min", "min": 1258421.5966336774, "p50": 1258421.5966336774, "p90": 1258421.5966336774, "p95": 1258421.5966336774, "p99": 1258421.5966336774, "max": 1258421.5966336774}, "Output Tokens per Minute": {"unit": "tokens/min", "min": 53945.902720727165, "p50": 53945.902720727165, "p90": 53945.902720727165, "p95": 53945.902720727165, "p99": 53945.902720727165, "max": 53945.902720727165}}
{"target_qps": 5.0, "actual_qps": 4.999818075276942, "success_rate": 100.0, "input_tokens": 4105, "output_tokens": 177, "model": "meta-llama/Llama-3.1-8B-Instruct", "input_tokens_per_minute": 1231585.8585858585, "output_tokens_per_minute": 53170.707070707074, "slo_seconds": 5.0, "slo_attainment": 100.0, "ttft_slo_ms": 1000, "ttft_slo_attainment": 100.0, "tpot_slo_ms": 50, "tpot_slo_attainment": 100.0, "Latency": {"unit": "s", "min": 0.37759650498628616, "p50": 3.1452010408975184, "p90": 3.9491103916894645, "p95": 4.11442809314467, "p99": 4.811706406092272, "max": 4.891749067930505}, "Throughput": {"unit": "tokens/s", "min": 23.117104126900433, "p50": 60.369735995601175, "p90": 73.47301038772368, "p95": 76.52355096396178, "p99": 82.8883186551491, "max": 85.10810983530355}, "TTFT": {"unit": "s", "min": 0.04435402690432966, "p50": 0.20246279588900506, "p90": 0.3435561950318516, "p95": 0.4290236802771687, "p99": 0.6077708115708098, "max": 0.8559914471115917}, "TPOT": {"unit": "ms", "min": 3.8589044380933046, "p50": 15.268520808933143, "p90": 18.845327300145254, "p95": 20.102898579502675, "p99": 23.61483679713457, "max": 27.23128996634235}, "Input Tokens per Minute": {"unit": "tokens/min", "min": 1231585.8585858585, "p50": 1231585.8585858585, "p90": 1231585.8585858585, "p95": 1231585.8585858585, "p99": 1231585.8585858585, "max": 1231585.8585858585}, "Output Tokens per Minute": {"unit": "tokens/min", "min": 53170.707070707074, "p50": 53170.707070707074, "p90": 53170.707070707074, "p95": 53170.707070707074, "p99": 53170.707070707074, "max": 53170.707070707074}}
{"target_qps": 5.0, "actual_qps": 4.99998719469664, "success_rate": 100.0, "input_tokens": 3971, "output_tokens": 181, "model": "meta-llama/Llama-3.1-8B-Instruct", "input_tokens_per_minute": 1191470.134228188, "output_tokens_per_minute": 54517.449664429536, "slo_seconds": 5.0, "slo_attainment": 100.0, "ttft_slo_ms": 1000, "ttft_slo_attainment": 100.0, "tpot_slo_ms": 50, "tpot_slo_attainment": 100.0, "Latency": {"unit": "s", "min": 0.3150769299827516, "p50": 3.087957014096901, "p90": 3.7865790337789806, "p95": 3.965655145864002, "p99": 4.244161487496454, "max": 4.403761993860826}, "Throughput": {"unit": "tokens/s", "min": 28.760519123840954, "p50": 60.82391743529439, "p90": 75.67937902994137, "p95": 78.65492325632107, "p99": 85.85108742942604, "max": 93.34770504968637}, "TTFT": {"unit": "s", "min": 0.05461615999229252, "p50": 0.20062127604614943, "p90": 0.3287858969764785, "p95": 0.3713252065819685, "p99": 0.5143082387489253, "max": 0.6453612199984491}, "TPOT": {"unit": "ms", "min": 9.961136918627288, "p50": 15.107224818819844, "p90": 18.398410123994662, "p95": 19.14464035685684, "p99": 21.806836738109403, "max": 26.739559762565225}, "Input Tokens per Minute": {"unit": "tokens/min", "min": 1191470.134228188, "p50": 1191470.134228188, "p90": 1191470.134228188, "p95": 1191470.134228188, "p99": 1191470.134228188, "max": 1191470.134228188}, "Output Tokens per Minute": {"unit": "tokens/min", "min": 54517.449664429536, "p50": 54517.449664429536, "p90": 54517.449664429536, "p95": 54517.449664429536, "p99": 54517.449664429536, "max": 54517.449664429536}}
{"target_qps": 5.0, "actual_qps": 4.99994533419384, "success_rate": 100.0, "input_tokens": 4070, "output_tokens": 173, "model": "meta-llama/Llama-3.1-8B-Instruct", "input_tokens_per_minute": 1228428.5541650879, "output_tokens_per_minute": 52401.878643225806, "slo_seconds": 5.0, "slo_attainment": 100.0, "ttft_slo_ms": 1000, "ttft_slo_attainment": 100.0, "tpot_slo_ms": 50, "tpot_slo_attainment": 100.0, "Latency": {"unit": "s", "min": 0.232733418000862, "p50": 3.1248905895045027, "p90": 3.719157106941567, "p95": 3.981959730898961, "p99": 4.323451320270542, "max": 4.602125698002055}, "Throughput": {"unit": "tokens/s", "min": 26.51156156473838, "p50": 60.87953804498237, "p90": 77.51688263842767, "p95": 81.48784674436584, "p99": 87.41721403367707, "max": 91.01556537885426}, "TTFT": {"unit": "s", "min": 0.022337652975693345, "p50": 0.08139388496056199, "p90": 0.2091522736242041, "p95": 0.2336727990885265, "p99": 0.551990097782109, "max": 0.7143845020327717}, "TPOT": {"unit": "ms", "min": 8.985348715214059, "p50": 15.768205268477, "p90": 19.09841319274663, "p95": 20.58974273266486, "p99": 22.918626697281667, "max": 26.55380749557581}, "Input Tokens per Minute": {"unit": "tokens/min", "min": 1228428.5541650879, "p50": 1228428.5541650879, "p90": 1228428.5541650879, "p95": 1228428.5541650879, "p99": 1228428.5541650879, "max": 1228428.5541650879}, "Output Tokens per Minute": {"unit": "tokens/min", "min": 52401.878643225806, "p50": 52401.878643225806, "p90": 52401.878643225806, "p95": 52401.878643225806, "p99": 52401.878643225806, "max": 52401.878643225806}}
{"target_qps": 5.0, "actual_qps": 4.999239954117213, "success_rate": 100.0,