{"target_qps": 5.0, "actual_qps": 4.995389541606628, "success_rate": 100.0, "input_tokens": 4070, "output_tokens": 179, "model": "meta-llama/Llama-3.1-8B-Instruct", "input_tokens_per_minute": 1221162.105263158, "output_tokens_per_minute": 53727.36842105263, "slo_seconds": 5.0, "slo_attainment": 100.0, "ttft_slo_ms": 1000, "ttft_slo_attainment": 99.64912280701755, "tpot_slo_ms": 50, "tpot_slo_attainment": 100.0, "Latency": {"unit": "s", "min": 0.24194687698036432, "p50": 2.0716499050613493, "p90": 2.771517389686778, "p95": 2.9479382786434147, "p99": 3.2994896843191257, "max": 3.9729322290513664}, "Throughput": {"unit": "tokens/s", "min": 31.52072867822276, "p50": 90.52826786580474, "p90": 109.30687742771993, "p95": 116.33052618282782, "p99": 123.7132230667583, "max": 127.60222446715214}, "TTFT": {"unit": "s", "min": 0.04670541803352535, "p50": 0.2100837710313499, "p90": 0.3004214411601424, "p95": 0.35945556536316875, "p99": 0.5613539554737542, "max": 1.3055860358290374}, "TPOT": {"unit": "ms", "min": 6.713941850466654, "p50": 9.72067946731932, "p90": 12.820873520893967, "p95": 13.743019549210052, "p99": 16.702998794314638, "max": 20.014771526413305}, "Input Tokens per Minute": {"unit": "tokens/min", "min": 1221162.105263158, "p50": 1221162.105263158, "p90": 1221162.105263158, "p95": 1221162.105263158, "p99": 1221162.105263158, "max": 1221162.105263158}, "Output Tokens per Minute": {"unit": "tokens/min", "min": 53727.36842105263, "p50": 53727.36842105263, "p90": 53727.36842105263, "p95": 53727.36842105263, "p99": 53727.36842105263, "max": 53727.36842105263}}
{"target_qps": 5.0, "actual_qps": 4.9992356015503345, "success_rate": 100.0, "input_tokens": 4117, "output_tokens": 177, "model": "meta-llama/Llama-3.1-8B-Instruct", "input_tokens_per_minute": 1238189.222275685, "output_tokens_per_minute": 53523.600782498375, "slo_seconds": 5.0, "slo_attainment": 99.66777408637874, "ttft_slo_ms": 1000, "ttft_slo_attainment": 100.0, "tpot_slo_ms": 50, "tpot_slo_attainment": 100.0, "Latency": {"unit": "s", "min": 0.37761963508091867, "p50": 3.2370827249251306, "p90": 3.9450964219868183, "p95": 4.113629681058228, "p99": 4.755609442014247, "max": 5.248604336986318}, "Throughput": {"unit": "tokens/s", "min": 22.705695314843204, "p50": 57.97312738759731, "p90": 70.26188748818869, "p95": 72.3525226496879, "p99": 78.76941297223405, "max": 80.39375982658233}, "TTFT": {"unit": "s", "min": 0.06871697888709605, "p50": 0.24727874901145697, "p90": 0.37198519916273654, "p95": 0.419252339983359, "p99": 0.6626818738877773, "max": 0.904909938108176}, "TPOT": {"unit": "ms", "min": 9.256932528360801, "p50": 15.70243800760827, "p90": 19.036384728788654, "p95": 20.719005380787195, "p99": 26.01900115613849, "max": 36.69738946999941}, "Input Tokens per Minute": {"unit": "tokens/min", "min": 1238189.222275685, "p50": 1238189.222275685, "p90": 1238189.222275685, "p95": 1238189.222275685, "p99": 1238189.222275685, "max": 1238189.222275685}, "Output Tokens per Minute": {"unit": "tokens/min", "min": 53523.600782498375, "p50": 53523.600782498375, "p90": 53523.600782498375, "p95": 53523.600782498375, "p99": 53523.600782498375, "max": 53523.600782498375}}
{"target_qps": 5.0, "actual_qps": 4.997159893819364, "success_rate": 100.0, "input_tokens": 4130, "output_tokens": 176, "model": "meta-llama/Llama-3.1-8B-Instruct", "input_tokens_per_minute": 1239033.3333333333, "output_tokens_per_minute": 53060.606060606064, "slo_seconds": 5.0, "slo_attainment": 99.32659932659934, "ttft_slo_ms": 1000, "ttft_slo_attainment": 100.0, "tpot_slo_ms": 50, "tpot_slo_attainment": 100.0, "Latency": {"unit": "s", "min": 0.3727278739679605, "p50": 3.290273148100823, "p90": 4.032680759392679, "p95": 4.299307169765234, "p99": 4.7583034657128165, "max": 5.190092848846689}, "Throughput": {"unit": "tokens/s", "min": 27.103580788229156, "p50": 57.211038449450896, "p90": 71.56825223755017, "p95": 74.77829875100532, "p99": 83.75886900579023, "max": 91.23001824620631}, "TTFT": {"unit": "s", "min": 0.045569482957944274, "p50": 0.25169867696240544, "p90": 0.36898631043732183, "p95": 0.4014165779575705, "p99": 0.5904611606616542, "max": 0.9165453880559653}, "TPOT": {"unit": "ms", "min": 9.337137397378683, "p50": 15.945972914540738, "p90": 19.86291787713467, "p95": 21.053029352868894, "p99": 24.07635006855915, "max": 24.56407993914906}, "Input Tokens per Minute": {"unit": "tokens/min", "min": 1239033.3333333333, "p50": 1239033.3333333333, "p90": 1239033.3333333333, "p95": 1239033.3333333333, "p99": 1239033.3333333333, "max": 1239033.3333333333}, "Output Tokens per Minute": {"unit": "tokens/min", "min": 53060.606060606064, "p50": 53060.606060606064, "p90": 53060.606060606064, "p95": 53060.606060606064, "p99": 53060.606060606064, "max": 53060.606060606064}}
{"target_qps": 5.0, "actual_qps": 4.999874447734166, "success_rate": 100.0, "input_tokens": 3945, "output_tokens": 178, "model": "meta-llama/Llama-3.1-8B-Instruct", "input_tokens_per_minute": 1183679.0, "output_tokens_per_minute": 53486.0, "slo_seconds": 5.0, "slo_attainment": 100.0, "ttft_slo_ms": 1000, "ttft_slo_attainment": 100.0, "tpot_slo_ms": 50, "tpot_slo_attainment": 100.0, "Latency": {"unit": "s", "min": 0.4111945501063019, "p50": 3.081652438500896, "p90": 3.8279007724020633, "p95": 3.9769630184862765, "p99": 4.363815651088952, "max": 4.925221818033606}, "Throughput": {"unit": "tokens/s", "min": 27.722261461698945, "p50": 61.605172942715235, "p90": 75.23753940834246, "p95": 77.6841861545328, "p99": 84.91717619050428, "max": 87.494652624023}, "TTFT": {"unit": "s", "min": 0.03161665494553745, "p50": 0.22650849143974483, "p90": 0.3498582682106645, "p95": 0.4031827174127105, "p99": 0.6171801616461007, "max": 0.907319578807801}, "TPOT": {"unit": "ms", "min": 9.65011959506458, "p50": 14.757958665032502, "p90": 18.417374073789837, "p95": 19.17361389089788, "p99": 21.608467327377106, "max": 23.324254381905625}, "Input Tokens per Minute": {"unit": "tokens/min", "min": 1183679.0, "p50": 1183679.0, "p90": 1183679.0, "p95": 1183679.0, "p99": 1183679.0, "max": 1183679.0}, "Output Tokens per Minute": {"unit": "tokens/min", "min": 53486.0, "p50": 53486.0, "p90": 53486.0, "p95": 53486.0, "p99": 53486.0, "max": 53486.0}}
{"target_qps": 5.0, "actual_qps": 4.999657987400172, "success_rate": 100.0, "input_tokens": 4078, "output_tokens": 175, "model": "meta-llama/Llama-3.1-8B-Instruct", "input_tokens_per_minute": 1230452.3629536447, "output_tokens_per_minute": 52841.23057111491, "slo_seconds": 5.0, "slo_attainment": 99.66887417218543, "ttft_slo_ms": 1000, "ttft_slo_attainment": 100.0, "tpot_slo_ms": 50, "tpot_slo_attainment": 100.0, "Latency": {"unit": "s", "min": 0.3297889679670334, "p50": 3.079242638545111, "p90": 3.795082519971766, "p95": 3.910588597122114, "p99": 4.145371959826443, "max": 5.078795358072966}, "Throughput": {"unit": "tokens/s", "min": 28.741495746901585, "p50": 60.245197582177894, "p90": 75.72845103931134, "p95": 79.23997740051666, "p99": 88.23746389527341, "max": 92.86613533570332}, "TTFT": {"unit": "s", "min": 0.025647792033851147, "p50": 0.16012629691977054, "p90": 0.2208906686631963, "p95": 0.31704412364633755, "p99": 0.5658141935360622, "max": 0.7636452161241323}, "TPOT": {"unit": "ms", "min": 10.229764840445451, "p50": 15.597179477060934, "p90": 18.646819996483735, "p95": 19.791601955640274, "p99": 24.158262357279316, "max": 29.566026797207694}, "Input Tokens per Minute": {"unit": "tokens/min", "min": 1230452.3629536447, "p50": 1230452.3629536447, "p90": 1230452.3629536447, "p95": 1230452.3629536447, "p99": 1230452.3629536447, "max": 1230452.3629536447}, "Output Tokens per Minute": {"unit": "tokens/min", "min": 52841.23057111491, "p50": 52841.23057111491, "p90": 52841.23057111491, "p95": 52841.23057111491, "p99": 52841.23057111491, "max": 52841.23057111491}}
{"target_qps": 5.0, "actual_qps": 4.99995895316761, "success_rate": 100.0, "input_tokens": 4237, "output_tokens": 179, "model": "meta-llama/Llama-3.1-8B-Instruct", "input_tokens_per_minute": 1271247.9865771814,