{"target_qps": 5.0, "actual_qps": 4.998819571833581, "success_rate": 100.0, "input_tokens": 4061, "output_tokens": 178, "model": "meta-llama/Llama-3.1-8B-Instruct", "input_tokens_per_minute": 1218385.8657243815, "output_tokens_per_minute": 53587.63250883392, "slo_seconds": 5.0, "slo_attainment": 100.0, "ttft_slo_ms": 1000, "ttft_slo_attainment": 99.64664310954063, "tpot_slo_ms": 50, "tpot_slo_attainment": 100.0, "Latency": {"unit": "s", "min": 0.2950149830430746, "p50": 3.1444239660631865, "p90": 3.8409334296360615, "p95": 4.081203707703389, "p99": 4.429349343068898, "max": 4.628819328965619}, "Throughput": {"unit": "tokens/s", "min": 26.447338212200865, "p50": 60.78763785081158, "p90": 73.45244454158734, "p95": 79.2992246089297, "p99": 89.10920336134868, "max": 91.84467007395749}, "TTFT": {"unit": "s", "min": 0.04615236399695277, "p50": 0.19438565894961357, "p90": 0.3546892987098545, "p95": 0.440825292165391, "p99": 0.6354645264009015, "max": 1.7427245671860874}, "TPOT": {"unit": "ms", "min": 9.42914872818316, "p50": 15.08044628145632, "p90": 18.37901423811613, "p95": 19.2970890673539, "p99": 21.586613181647955, "max": 25.3603915663679}, "Input Tokens per Minute": {"unit": "tokens/min", "min": 1218385.8657243815, "p50": 1218385.8657243815, "p90": 1218385.8657243815, "p95": 1218385.8657243815, "p99": 1218385.8657243815, "max": 1218385.8657243815}, "Output Tokens per Minute": {"unit": "tokens/min", "min": 53587.63250883392, "p50": 53587.63250883392, "p90": 53587.63250883392, "p95": 53587.63250883392, "p99": 53587.63250883392, "max": 53587.63250883392}}
{"target_qps": 5.0, "actual_qps": 4.99906903360821, "success_rate": 100.0, "input_tokens": 4142, "output_tokens": 176, "model": "meta-llama/Llama-3.1-8B-Instruct", "input_tokens_per_minute": 1254831.6823112678, "output_tokens_per_minute": 53351.40152626544, "slo_seconds": 5.0, "slo_attainment": 99.00990099009901, "ttft_slo_ms": 1000, "ttft_slo_attainment": 100.0, "tpot_slo_ms": 50, "tpot_slo_attainment": 100.0, "Latency": {"unit": "s", "min": 0.3499284239951521, "p50": 3.26219344092533, "p90": 4.031028535217047, "p95": 4.325099139544181, "p99": 4.994356704354287, "max": 5.1634452568832785}, "Throughput": {"unit": "tokens/s", "min": 20.448966789795037, "p50": 57.878034217126945, "p90": 71.68086851992751, "p95": 77.10607858334262, "p99": 84.9126000162984, "max": 90.65124243361865}, "TTFT": {"unit": "s", "min": 0.04792674002237618, "p50": 0.2275526139419526, "p90": 0.3863367175217719, "p95": 0.4616836251225322, "p99": 0.6432578097376973, "max": 0.7145012700930238}, "TPOT": {"unit": "ms", "min": 9.143403029370615, "p50": 15.886002346573763, "p90": 19.84279175047521, "p95": 21.22356061093584, "p99": 24.702912557579996, "max": 30.481701662730693}, "Input Tokens per Minute": {"unit": "tokens/min", "min": 1254831.6823112678, "p50": 1254831.6823112678, "p90": 1254831.6823112678, "p95": 1254831.6823112678, "p99": 1254831.6823112678, "max": 1254831.6823112678}, "Output Tokens per Minute": {"unit": "tokens/min", "min": 53351.40152626544, "p50": 53351.40152626544, "p90": 53351.40152626544, "p95": 53351.40152626544, "p99": 53351.40152626544, "max": 53351.40152626544}}
{"target_qps": 5.0, "actual_qps": 4.998783638402959, "success_rate": 100.0, "input_tokens": 4103, "output_tokens": 177, "model": "meta-llama/Llama-3.1-8B-Instruct", "input_tokens_per_minute": 1231055.5555555555, "output_tokens_per_minute": 53284.84848484849, "slo_seconds": 5.0, "slo_attainment": 100.0, "ttft_slo_ms": 1000, "ttft_slo_attainment": 100.0, "tpot_slo_ms": 50, "tpot_slo_attainment": 100.0, "Latency": {"unit": "s", "min": 0.29800373082980514, "p50": 3.122141315136105, "p90": 3.7396309109404684, "p95": 3.896011068020016, "p99": 4.213812380665913, "max": 4.777047167066485}, "Throughput": {"unit": "tokens/s", "min": 25.779412763984926, "p50": 62.03479927275683, "p90": 73.33345320360834, "p95": 77.37070380152285, "p99": 83.40628128226557, "max": 86.81115649449353}, "TTFT": {"unit": "s", "min": 0.03238383587449789, "p50": 0.21417347807437181, "p90": 0.3316029059235007, "p95": 0.39129384616389873, "p99": 0.5644938944187028, "max": 0.7202548801433295}, "TPOT": {"unit": "ms", "min": 9.995946960730684, "p50": 14.867308949724064, "p90": 18.1949873095495, "p95": 19.163377292471207, "p99": 22.489667114321943, "max": 23.356359116733074}, "Input Tokens per Minute": {"unit": "tokens/min", "min": 1231055.5555555555, "p50": 1231055.5555555555, "p90": 1231055.5555555555, "p95": 1231055.5555555555, "p99": 1231055.5555555555, "max": 1231055.5555555555}, "Output Tokens per Minute": {"unit": "tokens/min", "min": 53284.84848484849, "p50": 53284.84848484849, "p90": 53284.84848484849, "p95": 53284.84848484849, "p99": 53284.84848484849, "max": 53284.84848484849}}
{"target_qps": 5.0, "actual_qps": 4.999942091673278, "success_rate": 100.0, "input_tokens": 3968, "output_tokens": 180, "model": "meta-llama/Llama-3.1-8B-Instruct", "input_tokens_per_minute": 1202228.4599271931, "output_tokens_per_minute": 54559.723899712946, "slo_seconds": 5.0, "slo_attainment": 99.66996699669967, "ttft_slo_ms": 1000, "ttft_slo_attainment": 99.66996699669967, "tpot_slo_ms": 50, "tpot_slo_attainment": 100.0, "Latency": {"unit": "s", "min": 0.3196923059877008, "p50": 3.161185779143125, "p90": 3.856459324853495, "p95": 4.004632517625577, "p99": 4.3505831303307785, "max": 5.306925205979496}, "Throughput": {"unit": "tokens/s", "min": 19.947775106143162, "p50": 59.61239595929447, "p90": 74.28704112100682, "p95": 78.05509034695129, "p99": 86.00190136205617, "max": 90.69487728588608}, "TTFT": {"unit": "s", "min": 0.023711964022368193, "p50": 0.2072332799434662, "p90": 0.3373849235475063, "p95": 0.4212728566024452, "p99": 0.6763882608525457, "max": 1.0918180539738387}, "TPOT": {"unit": "ms", "min": 9.362083817110724, "p50": 15.515418153028099, "p90": 18.777427655274995, "p95": 19.654681152856, "p99": 27.343930580754662, "max": 36.89567582886212}, "Input Tokens per Minute": {"unit": "tokens/min", "min": 1202228.4599271931, "p50": 1202228.4599271931, "p90": 1202228.4599271931, "p95": 1202228.4599271931, "p99": 1202228.4599271931, "max": 1202228.4599271931}, "Output Tokens per Minute": {"unit": "tokens/min", "min": 54559.723899712946, "p50": 54559.723899712946, "p90": 54559.723899712946, "p95": 54559.723899712946, "p99": 54559.723899712946, "max": 54559.723899712946}}
{"target_qps": 5.0, "actual_qps": 4.999983015469694, "success_rate": 100.0, "input_tokens": 4066, "output_tokens": 174, "model": "meta-llama/Llama-3.1-8B-Instruct", "input_tokens_per_minute": 1220058.7248322149, "output_tokens_per_minute": 52306.711409395975, "slo_seconds": 5.0, "slo_attainment": 99.66442953020133, "ttft_slo_ms": 1000, "ttft_slo_attainment": 100.0, "tpot_slo_ms": 50, "tpot_slo_attainment": 100.0, "Latency": {"unit": "s", "min": 0.23744667205028236, "p50": 3.168401855509728, "p90": 3.8553198444889865, "p95": 4.086858678830322, "p99": 4.578684767049271, "max": 5.262915594968945}, "Throughput": {"unit": "tokens/s", "min": 33.896000386651075, "p50": 59.74509931861803, "p90": 73.8484694148426, "p95": 78.01638023726129, "p99": 84.94009215664234, "max": 93.4526837191239}, "TTFT": {"unit": "s", "min": 0.02392566599883139, "p50": 0.14555458805989474, "p90": 0.20497127980925142, "p95": 0.21306669998448335, "p99": 0.36017693151952185, "max": 0.6196459010243416}, "TPOT": {"unit": "ms", "min": 8.793541942449176, "p50": 15.668666559150857, "p90": 19.38794051278289, "p95": 20.32751441444502, "p99": 24.57975923880492, "max": 27.037098625442013}, "Input Tokens per Minute": {"unit": "tokens/min", "min": 1220058.7248322149, "p50": 1220058.7248322149, "p90": 1220058.7248322149, "p95": 1220058.7248322149, "p99": 1220058.7248322149, "max": 1220058.7248322149}, "Output Tokens per Minute": {"unit": "tokens/min", "min": 52306.711409395975, "p50": 52306.711409395975, "p90": 52306.711409395975, "p95": 52306.711409395975, "p99": 52306.711409395975, "max": 52306.711409395975}}
{"target_qps": 5.0, "actual_qps": 4.999956425135267,