{"target_qps": 5.0, "actual_qps": 4.99614410547964, "success_rate": 100.0, "input_tokens": 4053, "output_tokens": 178, "model": "meta-llama/Llama-3.1-8B-Instruct", "input_tokens_per_minute": 1216003.886925795, "output_tokens_per_minute": 53632.1554770318, "slo_seconds": 5.0, "slo_attainment": 99.64664310954063, "ttft_slo_ms": 1000, "ttft_slo_attainment": 99.64664310954063, "tpot_slo_ms": 50, "tpot_slo_attainment": 100.0, "Latency": {"unit": "s", "min": 0.31795603409409523, "p50": 2.7677343499381095, "p90": 3.571329333819449, "p95": 3.7668680643895636, "p99": 4.244049635441043, "max": 5.45052103092894}, "Throughput": {"unit": "tokens/s", "min": 26.679058394421602, "p50": 67.94676198595567, "p90": 86.66398349831896, "p95": 90.71981402563529, "p99": 99.61339336341875, "max": 102.41063334283437}, "TTFT": {"unit": "s", "min": 0.04287544102407992, "p50": 0.1850010370835662, "p90": 0.3348069109022618, "p95": 0.42481167572550455, "p99": 0.5857470090268182, "max": 2.706171850906685}, "TPOT": {"unit": "ms", "min": 7.746173233232077, "p50": 13.35222360294256, "p90": 17.892379879551306, "p95": 18.923123891409208, "p99": 20.940618844525588, "max": 25.799852453120465}, "Input Tokens per Minute": {"unit": "tokens/min", "min": 1216003.886925795, "p50": 1216003.886925795, "p90": 1216003.886925795, "p95": 1216003.886925795, "p99": 1216003.886925795, "max": 1216003.886925795}, "Output Tokens per Minute": {"unit": "tokens/min", "min": 53632.1554770318, "p50": 53632.1554770318, "p90": 53632.1554770318, "p95": 53632.1554770318, "p99": 53632.1554770318, "max": 53632.1554770318}}
{"target_qps": 5.0, "actual_qps": 4.998652375636444, "success_rate": 100.0, "input_tokens": 4162, "output_tokens": 174, "model": "meta-llama/Llama-3.1-8B-Instruct", "input_tokens_per_minute": 1251823.8747807678, "output_tokens_per_minute": 52404.55552237595, "slo_seconds": 5.0, "slo_attainment": 99.33554817275747, "ttft_slo_ms": 1000, "ttft_slo_attainment": 100.0, "tpot_slo_ms": 50, "tpot_slo_attainment": 100.0, "Latency": {"unit": "s", "min": 0.2964558210223913, "p50": 3.2819125331006944, "p90": 3.92199406796135, "p95": 4.229539702180773, "p99": 4.818076441064477, "max": 5.521404433995485}, "Throughput": {"unit": "tokens/s", "min": 20.39489004704957, "p50": 57.939765645219985, "p90": 72.2892385066031, "p95": 77.06678744900024, "p99": 82.35937714804767, "max": 86.18213084724182}, "TTFT": {"unit": "s", "min": 0.04122916515916586, "p50": 0.23218328808434308, "p90": 0.3740335567854345, "p95": 0.4784833451267332, "p99": 0.6808221598621458, "max": 0.7513440998736769}, "TPOT": {"unit": "ms", "min": 4.003782455887024, "p50": 15.866641351840828, "p90": 19.67545594476784, "p95": 21.311460034781366, "p99": 26.74016845646553, "max": 31.853831522166725}, "Input Tokens per Minute": {"unit": "tokens/min", "min": 1251823.8747807678, "p50": 1251823.8747807678, "p90": 1251823.8747807678, "p95": 1251823.8747807678, "p99": 1251823.8747807678, "max": 1251823.8747807678}, "Output Tokens per Minute": {"unit": "tokens/min", "min": 52404.55552237595, "p50": 52404.55552237595, "p90": 52404.55552237595, "p95": 52404.55552237595, "p99": 52404.55552237595, "max": 52404.55552237595}}
{"target_qps": 5.0, "actual_qps": 4.994489440625152, "success_rate": 100.0, "input_tokens": 4099, "output_tokens": 179, "model": "meta-llama/Llama-3.1-8B-Instruct", "input_tokens_per_minute": 1229988.0, "output_tokens_per_minute": 53723.0, "slo_seconds": 5.0, "slo_attainment": 100.0, "ttft_slo_ms": 1000, "ttft_slo_attainment": 100.0, "tpot_slo_ms": 50, "tpot_slo_attainment": 100.0, "Latency": {"unit": "s", "min": 0.4364368221722543, "p50": 3.138892128947191, "p90": 3.936550373886712, "p95": 4.198439214832615, "p99": 4.751509359048214, "max": 4.862424317048863}, "Throughput": {"unit": "tokens/s", "min": 22.540821709210107, "p50": 60.162804169170975, "p90": 73.11363320809642, "p95": 76.09636865336378, "p99": 81.55348786565638, "max": 83.01797682542393}, "TTFT": {"unit": "s", "min": 0.03867744794115424, "p50": 0.2351614278741181, "p90": 0.3654687619535254, "p95": 0.46218317328020947, "p99": 0.7593745248229241, "max": 0.9204384859185666}, "TPOT": {"unit": "ms", "min": 9.20723401941359, "p50": 15.36488404729165, "p90": 19.2268360967762, "p95": 20.73653458129594, "p99": 23.55480611405297, "max": 28.554278975611343}, "Input Tokens per Minute": {"unit": "tokens/min", "min": 1229988.0, "p50": 1229988.0, "p90": 1229988.0, "p95": 1229988.0, "p99": 1229988.0, "max": 1229988.0}, "Output Tokens per Minute": {"unit": "tokens/min", "min": 53723.0, "p50": 53723.0, "p90": 53723.0, "p95": 53723.0, "p99": 53723.0, "max": 53723.0}}
{"target_qps": 5.0, "actual_qps": 4.999983906060416, "success_rate": 100.0, "input_tokens": 3959, "output_tokens": 180, "model": "meta-llama/Llama-3.1-8B-Instruct", "input_tokens_per_minute": 1187855.5183946488, "output_tokens_per_minute": 54007.023411371236, "slo_seconds": 5.0, "slo_attainment": 100.0, "ttft_slo_ms": 1000, "ttft_slo_attainment": 100.0, "tpot_slo_ms": 50, "tpot_slo_attainment": 100.0, "Latency": {"unit": "s", "min": 0.22786003211513162, "p50": 3.16446616104804, "p90": 3.9034997208509594, "p95": 4.109029729105532, "p99": 4.353518481478095, "max": 4.519444697070867}, "Throughput": {"unit": "tokens/s", "min": 28.449050660121944, "p50": 60.90299019876525, "p90": 74.98327801717956, "p95": 79.03949422249924, "p99": 87.64842846682869, "max": 90.37537014456721}, "TTFT": {"unit": "s", "min": 0.03140688198618591, "p50": 0.20230517419986427, "p90": 0.37218405585736036, "p95": 0.48314497862011196, "p99": 0.702639782116748, "max": 0.7583048969972879}, "TPOT": {"unit": "ms", "min": 8.871154430523221, "p50": 15.094103375870978, "p90": 18.381043674480452, "p95": 19.268536987719145, "p99": 20.648112458509733, "max": 24.589560380012824}, "Input Tokens per Minute": {"unit": "tokens/min", "min": 1187855.5183946488, "p50": 1187855.5183946488, "p90": 1187855.5183946488, "p95": 1187855.5183946488, "p99": 1187855.5183946488, "max": 1187855.5183946488}, "Output Tokens per Minute": {"unit": "tokens/min", "min": 54007.023411371236, "p50": 54007.023411371236, "p90": 54007.023411371236, "p95": 54007.023411371236, "p99": 54007.023411371236, "max": 54007.023411371236}}
{"target_qps": 5.0, "actual_qps": 4.999883587194599, "success_rate": 100.0, "input_tokens": 4062, "output_tokens": 172, "model": "meta-llama/Llama-3.1-8B-Instruct", "input_tokens_per_minute": 1218854.0, "output_tokens_per_minute": 51860.0, "slo_seconds": 5.0, "slo_attainment": 100.0, "ttft_slo_ms": 1000, "ttft_slo_attainment": 100.0, "tpot_slo_ms": 50, "tpot_slo_attainment": 100.0, "Latency": {"unit": "s", "min": 0.2113021018449217, "p50": 3.0571615234948695, "p90": 3.794239964988083, "p95": 4.107409004843794, "p99": 4.374640590383204, "max": 4.859305855818093}, "Throughput": {"unit": "tokens/s", "min": 27.81711426753257, "p50": 62.419342856303615, "p90": 76.93838105093704, "p95": 81.31952278929207, "p99": 89.18927574365186, "max": 95.53455519479671}, "TTFT": {"unit": "s", "min": 0.02236384409479797, "p50": 0.050850598607212305, "p90": 0.20173784487415106, "p95": 0.3163149113417603, "p99": 0.4752043812093324, "max": 0.5362784881144762}, "TPOT": {"unit": "ms", "min": 9.519611545387775, "p50": 15.56672075887365, "p90": 19.028244308757053, "p95": 20.120215487909793, "p99": 22.934565418844468, "max": 24.290650384500623}, "Input Tokens per Minute": {"unit": "tokens/min", "min": 1218854.0, "p50": 1218854.0, "p90": 1218854.0, "p95": 1218854.0, "p99": 1218854.0, "max": 1218854.0}, "Output Tokens per Minute": {"unit": "tokens/min", "min": 51860.0, "p50": 51860.0, "p90": 51860.0, "p95": 51860.0, "p99": 51860.0, "max": 51860.0}}
{"target_qps": 5.0, "actual_qps": 4.999937632705066, "success_rate": 100.0, "input_tokens": 4261, "output_tokens": 175, "model": "meta-llama/Llama-3.1-8B-Instruct", "input_tokens_per_minute": 1289800.9266963543, "output_tokens_per_minute": 53242.256334952246, "slo_seconds": 5.0, "slo_attainment": 99.33993399339934, "ttft_slo_ms": 1000, "ttft_slo_attainment": 100.0,