{"actual_qps": 5.24121515203894, "success_rate": 100.0, "input_tokens": 3921, "output_tokens": 172, "model": "meta-llama/Llama-3.1-8B-Instruct", "input_tokens_per_minute": 1135264.1734854602, "output_tokens_per_minute": 49894.37159401946, "slo_seconds": 5.0, "slo_attainment": 34.82758620689655, "ttft_slo_ms": 1000, "ttft_slo_attainment": 19.655172413793103, "tpot_slo_ms": 50, "tpot_slo_attainment": 98.27586206896551, "Latency": {"unit": "s", "min": 0.9819511969108135, "p50": 6.310443093534559, "p90": 9.850492413132452, "p95": 10.887236761802342, "p99": 14.76876942806179, "max": 15.824320488842204}, "Throughput": {"unit": "tokens/s", "min": 3.01565755535739, "p50": 25.27796269708493, "p90": 50.10406732877113, "p95": 54.044918854756006, "p99": 66.74236831278807, "max": 74.325382036491}, "TTFT": {"unit": "s", "min": 0.1614250128623098, "p50": 2.220382541534491, "p90": 4.721120811253788, "p95": 6.401701272279025, "p99": 8.80551078123041, "max": 10.432757130125538}, "TPOT": {"unit": "ms", "min": 7.552835281854074, "p50": 22.28750208224259, "p90": 34.65472343136163, "p95": 37.709927471084825, "p99": 57.04347632764675, "max": 79.36568442696276}, "Input Tokens per Minute": {"unit": "tokens/min", "min": 1135264.1734854602, "p50": 1135264.1734854602, "p90": 1135264.1734854602, "p95": 1135264.1734854602, "p99": 1135264.1734854602, "max": 1135264.1734854602}, "Output Tokens per Minute": {"unit": "tokens/min", "min": 49894.37159401946, "p50": 49894.37159401946, "p90": 49894.37159401946, "p95": 49894.37159401946, "p99": 49894.37159401946, "max": 49894.37159401946}}
{"actual_qps": 5.201902892908682, "success_rate": 100.0, "input_tokens": 3997, "output_tokens": 177, "model": "meta-llama/Llama-3.1-8B-Instruct", "input_tokens_per_minute": 1227996.9702385296, "output_tokens_per_minute": 54631.79542312126, "slo_seconds": 5.0, "slo_attainment": 75.32051282051282, "ttft_slo_ms": 1000, "ttft_slo_attainment": 54.166666666666664, "tpot_slo_ms": 50, "tpot_slo_attainment": 100.0, "Latency": {"unit": "s", "min": 0.9779486921615899, "p50": 4.1362205455079675, "p90": 5.565189850190654, "p95": 6.024185731168836, "p99": 7.12646512049483, "max": 7.471520355902612}, "Throughput": {"unit": "tokens/s", "min": 8.574397831717183, "p50": 43.72883743499962, "p90": 58.48298097480506, "p95": 60.6454552131788, "p99": 67.39016366431896, "max": 68.74328717453199}, "TTFT": {"unit": "s", "min": 0.2092912420630455, "p50": 0.9603291664971039, "p90": 1.8648957714438452, "p95": 2.110019437596201, "p99": 2.911521416632456, "max": 3.1510544628836215}, "TPOT": {"unit": "ms", "min": 10.043944651260972, "p50": 16.946604136110373, "p90": 22.27394046377737, "p95": 24.068486722754827, "p99": 29.427510802189456, "max": 31.27720838192682}, "Input Tokens per Minute": {"unit": "tokens/min", "min": 1227996.9702385296, "p50": 1227996.9702385296, "p90": 1227996.9702385296, "p95": 1227996.9702385296, "p99": 1227996.9702385296, "max": 1227996.9702385296}, "Output Tokens per Minute": {"unit": "tokens/min", "min": 54631.79542312126, "p50": 54631.79542312126, "p90": 54631.79542312126, "p95": 54631.79542312126, "p99": 54631.79542312126, "max": 54631.79542312126}}
{"actual_qps": 5.0886958118479475, "success_rate": 100.0, "input_tokens": 3962, "output_tokens": 181, "model": "meta-llama/Llama-3.1-8B-Instruct", "input_tokens_per_minute": 1205520.8113919708, "output_tokens_per_minute": 55070.92135818194, "slo_seconds": 5.0, "slo_attainment": 77.66990291262135, "ttft_slo_ms": 1000, "ttft_slo_attainment": 58.57605177993528, "tpot_slo_ms": 50, "tpot_slo_attainment": 100.0, "Latency": {"unit": "s", "min": 0.690404259134084, "p50": 4.2149923839606345, "p90": 5.66376622468233, "p95": 6.239913310762492, "p99": 6.810925671737641, "max": 7.554502800107002}, "Throughput": {"unit": "tokens/s", "min": 8.600102099257281, "p50": 44.78442644958663, "p90": 56.889773311975006, "p95": 61.61995057210228, "p99": 67.00170797546971, "max": 74.12931526667025}, "TTFT": {"unit": "s", "min": 0.1302652950398624, "p50": 0.8972964379936457, "p90": 1.5443279150873421, "p95": 1.8043178379535671, "p99": 2.202411718862134, "max": 2.2692443060223013}, "TPOT": {"unit": "ms", "min": 9.575919160852209, "p50": 17.11420802020435, "p90": 23.964732230645478, "p95": 25.953660934318755, "p99": 33.224260799047045, "max": 41.173250802482166}, "Input Tokens per Minute": {"unit": "tokens/min", "min": 1205520.8113919708, "p50": 1205520.8113919708, "p90": 1205520.8113919708, "p95": 1205520.8113919708, "p99": 1205520.8113919708, "max": 1205520.8113919708}, "Output Tokens per Minute": {"unit": "tokens/min", "min": 55070.92135818194, "p50": 55070.92135818194, "p90": 55070.92135818194, "p95": 55070.92135818194, "p99": 55070.92135818194, "max": 55070.92135818194}}
{"actual_qps": 5.032688946231267, "success_rate": 100.0, "input_tokens": 3927, "output_tokens": 175, "model": "meta-llama/Llama-3.1-8B-Instruct", "input_tokens_per_minute": 1218053.6231125705, "output_tokens_per_minute": 54501.82989974007, "slo_seconds": 5.0, "slo_attainment": 71.74603174603175, "ttft_slo_ms": 1000, "ttft_slo_attainment": 62.53968253968254, "tpot_slo_ms": 50, "tpot_slo_attainment": 100.0, "Latency": {"unit": "s", "min": 0.6914929661434144, "p50": 4.329797642072663, "p90": 6.176174923405052, "p95": 6.6451149945612995, "p99": 7.2124312035134075, "max": 8.177224212093279}, "Throughput": {"unit": "tokens/s", "min": 5.851085491887481, "p50": 42.17648125513362, "p90": 54.511329625724606, "p95": 57.30627516987562, "p99": 70.26959017390988, "max": 80.15425616126988}, "TTFT": {"unit": "s", "min": 0.08717600698582828, "p50": 0.8410500360187143, "p90": 1.583710684068501, "p95": 1.9842217051191262, "p99": 2.5133403503475713, "max": 3.3477162558119744}, "TPOT": {"unit": "ms", "min": 7.655227914588844, "p50": 19.22438772928775, "p90": 25.969275062548085, "p95": 27.169059257224276, "p99": 31.59241412329166, "max": 39.13977617562255}, "Input Tokens per Minute": {"unit": "tokens/min", "min": 1218053.6231125705, "p50": 1218053.6231125705, "p90": 1218053.6231125705, "p95": 1218053.6231125705, "p99": 1218053.6231125705, "max": 1218053.6231125705}, "Output Tokens per Minute": {"unit": "tokens/min", "min": 54501.82989974007, "p50": 54501.82989974007, "p90": 54501.82989974007, "p95": 54501.82989974007, "p99": 54501.82989974007, "max": 54501.82989974007}}
{"actual_qps": 4.999989585335242, "success_rate": 100.0, "input_tokens": 3897, "output_tokens": 181, "model": "meta-llama/Llama-3.1-8B-Instruct", "input_tokens_per_minute": 1150039.243884636, "output_tokens_per_minute": 53521.85573044562, "slo_seconds": 5.0, "slo_attainment": 81.0, "ttft_slo_ms": 1000, "ttft_slo_attainment": 85.33333333333334, "tpot_slo_ms": 50, "tpot_slo_attainment": 100.0, "Latency": {"unit": "s", "min": 0.5180395769421011, "p50": 3.9792986285174266, "p90": 5.662231870437973, "p95": 6.1397363964351825, "p99": 7.531676596452015, "max": 8.14288722584024}, "Throughput": {"unit": "tokens/s", "min": 14.231449442732732, "p50": 46.306080343449416, "p90": 61.72950004944788, "p95": 65.86873420352569, "p99": 72.22199075980191, "max": 82.17297431185324}, "TTFT": {"unit": "s", "min": 0.1268940109293908, "p50": 0.5691927609732375, "p90": 1.1670597872463988, "p95": 1.3810407506302, "p99": 2.103815423131452, "max": 3.234178455779329}, "TPOT": {"unit": "ms", "min": 8.017301121178795, "p50": 18.26110655025359, "p90": 24.14979336204405, "p95": 25.428433435613382, "p99": 29.240160943432855, "max": 32.29352283342999}, "Input Tokens per Minute": {"unit": "tokens/min", "min": 1150039.243884636, "p50": 1150039.243884636, "p90": 1150039.243884636, "p95": 1150039.243884636, "p99": 1150039.243884636, "max": 1150039.243884636}, "Output Tokens per Minute": {"unit": "tokens/min", "min": 53521.85573044562, "p50": 53521.85573044562, "p90": 53521.85573044562, "p95": 53521.85573044562, "p99": 53521.85573044562, "max": 53521.85573044562}}
{"actual_qps": 5.065641006838544, "success_rate": 100.0, "input_tokens": 4000, "output_tokens": 178, "model": "meta-llama/Llama-3.1-8B-Instruct",