{"actual_qps": 5.239909013147925, "success_rate": 100.0, "input_tokens": 4146, "output_tokens": 177, "model": "meta-llama/Llama-3.1-8B-Instruct", "input_tokens_per_minute": 1254514.0483363403, "output_tokens_per_minute": 53696.419328527605, "slo_seconds": 5.0, "slo_attainment": 99.3485342019544, "ttft_slo_ms": 1000, "ttft_slo_attainment": 88.59934853420195, "tpot_slo_ms": 50, "tpot_slo_attainment": 100.0, "Latency": {"unit": "s", "min": 0.4023457991424948, "p50": 2.389773896895349, "p90": 3.368623292120174, "p95": 3.776325681456364, "p99": 4.77489371128846, "max": 7.251127393916249}, "Throughput": {"unit": "tokens/s", "min": 7.9034276043745315, "p50": 76.66052900370333, "p90": 93.31663715238008, "p95": 98.62474681384822, "p99": 107.104662763818, "max": 120.0353599474122}, "TTFT": {"unit": "s", "min": 0.09944774699397385, "p50": 0.5886308250483125, "p90": 1.0557760224677624, "p95": 1.3508587917545807, "p99": 1.7978192526800558, "max": 5.532448844984174}, "TPOT": {"unit": "ms", "min": 4.903685178279001, "p50": 9.658244612799892, "p90": 13.471986922603946, "p95": 15.264144048467273, "p99": 18.597055596140475, "max": 25.59275147231186}, "Input Tokens per Minute": {"unit": "tokens/min", "min": 1254514.0483363403, "p50": 1254514.0483363403, "p90": 1254514.0483363403, "p95": 1254514.0483363403, "p99": 1254514.0483363403, "max": 1254514.0483363403}, "Output Tokens per Minute": {"unit": "tokens/min", "min": 53696.419328527605, "p50": 53696.419328527605, "p90": 53696.419328527605, "p95": 53696.419328527605, "p99": 53696.419328527605, "max": 53696.419328527605}}
{"actual_qps": 5.103745928535928, "success_rate": 100.0, "input_tokens": 4210, "output_tokens": 175, "model": "meta-llama/Llama-3.1-8B-Instruct", "input_tokens_per_minute": 1186748.7196982165, "output_tokens_per_minute": 49510.734015893264, "slo_seconds": 5.0, "slo_attainment": 54.1958041958042, "ttft_slo_ms": 1000, "ttft_slo_attainment": 35.66433566433567, "tpot_slo_ms": 50, "tpot_slo_attainment": 100.0, "Latency": {"unit": "s", "min": 0.6487715120892972, "p50": 4.856982895522378, "p90": 6.387405170942657, "p95": 6.679269377316814, "p99": 7.314705867518201, "max": 8.156145977089182}, "Throughput": {"unit": "tokens/s", "min": 5.4404431090011025, "p50": 37.17535708477958, "p90": 58.710675312720355, "p95": 65.15072362579288, "p99": 74.09006444491422, "max": 75.12904367973823}, "TTFT": {"unit": "s", "min": 0.13590417779050767, "p50": 1.2485484884819016, "p90": 2.139017474022694, "p95": 2.7119332076399587, "p99": 3.332090720755505, "max": 4.722810907056555}, "TPOT": {"unit": "ms", "min": 11.111076421633214, "p50": 18.74966173662088, "p90": 25.230336294267488, "p95": 28.444943295255882, "p99": 37.975384194321634, "max": 49.55076693338068}, "Input Tokens per Minute": {"unit": "tokens/min", "min": 1186748.7196982165, "p50": 1186748.7196982165, "p90": 1186748.7196982165, "p95": 1186748.7196982165, "p99": 1186748.7196982165, "max": 1186748.7196982165}, "Output Tokens per Minute": {"unit": "tokens/min", "min": 49510.734015893264, "p50": 49510.734015893264, "p90": 49510.734015893264, "p95": 49510.734015893264, "p99": 49510.734015893264, "max": 49510.734015893264}}
{"actual_qps": 4.996624573825795, "success_rate": 100.0, "input_tokens": 4280, "output_tokens": 178, "model": "meta-llama/Llama-3.1-8B-Instruct", "input_tokens_per_minute": 1253083.9966790217, "output_tokens_per_minute": 52155.9846349445, "slo_seconds": 5.0, "slo_attainment": 73.06397306397307, "ttft_slo_ms": 1000, "ttft_slo_attainment": 42.08754208754209, "tpot_slo_ms": 50, "tpot_slo_attainment": 99.66329966329967, "Latency": {"unit": "s", "min": 0.6114565180614591, "p50": 4.196440068073571, "p90": 5.929468532232568, "p95": 6.354458183981477, "p99": 7.18050542715006, "max": 8.346813432872295}, "Throughput": {"unit": "tokens/s", "min": 6.032968058854942, "p50": 42.79441737154641, "p90": 59.57607707996165, "p95": 62.956086943307625, "p99": 68.21189476220002, "max": 73.0083455905016}, "TTFT": {"unit": "s", "min": 0.16719215107150376, "p50": 1.1278380618896335, "p90": 2.104731737356635, "p95": 3.0066076519433405, "p99": 3.8080480472371128, "max": 5.379410938825458}, "TPOT": {"unit": "ms", "min": 11.296865297481418, "p50": 16.67243398459226, "p90": 22.384055780952586, "p95": 23.553912623922635, "p99": 28.41196419056189, "max": 53.349769121268764}, "Input Tokens per Minute": {"unit": "tokens/min", "min": 1253083.9966790217, "p50": 1253083.9966790217, "p90": 1253083.9966790217, "p95": 1253083.9966790217, "p99": 1253083.9966790217, "max": 1253083.9966790217}, "Output Tokens per Minute": {"unit": "tokens/min", "min": 52155.9846349445, "p50": 52155.9846349445, "p90": 52155.9846349445, "p95": 52155.9846349445, "p99": 52155.9846349445, "max": 52155.9846349445}}
{"actual_qps": 5.230736100751129, "success_rate": 100.0, "input_tokens": 4360, "output_tokens": 175, "model": "meta-llama/Llama-3.1-8B-Instruct", "input_tokens_per_minute": 1435300.7649181818, "output_tokens_per_minute": 57656.41075451413, "slo_seconds": 5.0, "slo_attainment": 69.46107784431138, "ttft_slo_ms": 1000, "ttft_slo_attainment": 63.772455089820355, "tpot_slo_ms": 50, "tpot_slo_attainment": 100.0, "Latency": {"unit": "s", "min": 0.5700202849693596, "p50": 4.21549060754478, "p90": 6.3950019349576905, "p95": 7.715643917035776, "p99": 9.008219008685561, "max": 11.148264860967174}, "Throughput": {"unit": "tokens/s", "min": 5.5401017481064025, "p50": 42.372215955093125, "p90": 58.81783047605653, "p95": 62.048278152833625, "p99": 67.4273463133409, "max": 74.17213626417984}, "TTFT": {"unit": "s", "min": 0.04921218194067478, "p50": 0.7418635265203193, "p90": 2.2979480322217567, "p95": 3.1523257674882186, "p99": 4.240216977295936, "max": 5.979587621055543}, "TPOT": {"unit": "ms", "min": 5.840377347982105, "p50": 18.219730293790075, "p90": 25.14211198048264, "p95": 27.602881160583504, "p99": 32.062790200353064, "max": 36.845913292684905}, "Input Tokens per Minute": {"unit": "tokens/min", "min": 1435300.7649181818, "p50": 1435300.7649181818, "p90": 1435300.7649181818, "p95": 1435300.7649181818, "p99": 1435300.7649181818, "max": 1435300.7649181818}, "Output Tokens per Minute": {"unit": "tokens/min", "min": 57656.41075451413, "p50": 57656.41075451413, "p90": 57656.41075451413, "p95": 57656.41075451413, "p99": 57656.41075451413, "max": 57656.41075451413}}
{"actual_qps": 5.099993990075406, "success_rate": 100.0, "input_tokens": 4222, "output_tokens": 175, "model": "meta-llama/Llama-3.1-8B-Instruct", "input_tokens_per_minute": 1273423.0566735673, "output_tokens_per_minute": 53049.89011612164, "slo_seconds": 5.0, "slo_attainment": 83.66013071895425, "ttft_slo_ms": 1000, "ttft_slo_attainment": 98.0392156862745, "tpot_slo_ms": 50, "tpot_slo_attainment": 100.0, "Latency": {"unit": "s", "min": 0.5415547238662839, "p50": 3.8955931194359437, "p90": 5.3768370965262875, "p95": 5.794416811433621, "p99": 6.204208614793606, "max": 6.341785840922967}, "Throughput": {"unit": "tokens/s", "min": 14.088781258503632, "p50": 46.69189099002531, "p90": 63.34087475818047, "p95": 68.62258972749906, "p99": 78.06992106032573, "max": 86.1684701726871}, "TTFT": {"unit": "s", "min": 0.04115525400266051, "p50": 0.4480346189811826, "p90": 0.7413910415489227, "p95": 0.894449423707556, "p99": 1.0393044564523735, "max": 1.1167366281151772}, "TPOT": {"unit": "ms", "min": 11.039199501781457, "p50": 18.574039248071667, "p90": 25.28631550446162, "p95": 26.640748379321476, "p99": 31.83113003868635, "max": 34.0326351708629}, "Input Tokens per Minute": {"unit": "tokens/min", "min": 1273423.0566735673, "p50": 1273423.0566735673, "p90": 1273423.0566735673, "p95": 1273423.0566735673, "p99": 1273423.0566735673, "max": 1273423.0566735673}, "Output Tokens per Minute": {"unit": "tokens/min", "min": 53049.89011612164, "p50": 53049.89011612164, "p90": 53049.89011612164, "p95": 53049.89011612164, "p99": 53049.89011612164, "max": 53049.89011612164}}
{"actual_qps": 5.229585578470043, "success_rate": 100.0, "input_tokens": 4259, "output_tokens": 174,