{"actual_qps": 5.046990114412311, "success_rate": 100.0, "input_tokens": 4154, "output_tokens": 179, "model": "meta-llama/Llama-3.1-8B-Instruct", "input_tokens_per_minute": 1175604.508479774, "output_tokens_per_minute": 50840.89628630384, "slo_seconds": 5.0, "slo_attainment": 79.2982456140351, "ttft_slo_ms": 1000, "ttft_slo_attainment": 62.807017543859644, "tpot_slo_ms": 50, "tpot_slo_attainment": 100.0, "Latency": {"unit": "s", "min": 0.6533963098190725, "p50": 3.9621241190470755, "p90": 5.914344538236037, "p95": 6.346431676112116, "p99": 6.849820259949196, "max": 7.2721498920582235}, "Throughput": {"unit": "tokens/s", "min": 11.21884031399765, "p50": 46.59632589709719, "p90": 62.74072868642543, "p95": 66.43074660391976, "p99": 74.50833659368821, "max": 80.66599575505272}, "TTFT": {"unit": "s", "min": 0.15366686508059502, "p50": 0.8489500400610268, "p90": 1.4413979258853942, "p95": 1.5809733820147813, "p99": 1.9707431120239214, "max": 3.4531370310578495}, "TPOT": {"unit": "ms", "min": 8.51478709161959, "p50": 16.39583450742066, "p90": 24.96530070091275, "p95": 27.031386010442397, "p99": 32.8182481494444, "max": 37.84590079966518}, "Input Tokens per Minute": {"unit": "tokens/min", "min": 1175604.508479774, "p50": 1175604.508479774, "p90": 1175604.508479774, "p95": 1175604.508479774, "p99": 1175604.508479774, "max": 1175604.508479774}, "Output Tokens per Minute": {"unit": "tokens/min", "min": 50840.89628630384, "p50": 50840.89628630384, "p90": 50840.89628630384, "p95": 50840.89628630384, "p99": 50840.89628630384, "max": 50840.89628630384}}
{"actual_qps": 4.931767139122121, "success_rate": 100.0, "input_tokens": 4004, "output_tokens": 183, "model": "meta-llama/Llama-3.1-8B-Instruct", "input_tokens_per_minute": 1180714.710076931, "output_tokens_per_minute": 54147.088498958205, "slo_seconds": 5.0, "slo_attainment": 90.9090909090909, "ttft_slo_ms": 1000, "ttft_slo_attainment": 70.03367003367003, "tpot_slo_ms": 50, "tpot_slo_attainment": 100.0, "Latency": {"unit": "s", "min": 0.7746175080537796, "p50": 3.8248951178975403, "p90": 4.939856342459097, "p95": 5.296905460022389, "p99": 6.024830584805459, "max": 6.434607615927234}, "Throughput": {"unit": "tokens/s", "min": 13.334406514410944, "p50": 49.417584925875374, "p90": 63.86176831434082, "p95": 65.53024482758602, "p99": 72.0548804269691, "max": 73.67410879421757}, "TTFT": {"unit": "s", "min": 0.1892834638711065, "p50": 0.7719288689550012, "p90": 1.3153164289426058, "p95": 1.4002233732491731, "p99": 1.5729157160129403, "max": 1.778238293947652}, "TPOT": {"unit": "ms", "min": 10.966491477152136, "p50": 16.13218674960373, "p90": 20.44059621923645, "p95": 22.232009005984146, "p99": 24.448846376281068, "max": 26.00170368078988}, "Input Tokens per Minute": {"unit": "tokens/min", "min": 1180714.710076931, "p50": 1180714.710076931, "p90": 1180714.710076931, "p95": 1180714.710076931, "p99": 1180714.710076931, "max": 1180714.710076931}, "Output Tokens per Minute": {"unit": "tokens/min", "min": 54147.088498958205, "p50": 54147.088498958205, "p90": 54147.088498958205, "p95": 54147.088498958205, "p99": 54147.088498958205, "max": 54147.088498958205}}
{"actual_qps": 5.3140336577581415, "success_rate": 100.0, "input_tokens": 4162, "output_tokens": 177, "model": "meta-llama/Llama-3.1-8B-Instruct", "input_tokens_per_minute": 1297739.0216471804, "output_tokens_per_minute": 55428.85851293321, "slo_seconds": 5.0, "slo_attainment": 77.07006369426752, "ttft_slo_ms": 1000, "ttft_slo_attainment": 67.19745222929936, "tpot_slo_ms": 50, "tpot_slo_attainment": 100.0, "Latency": {"unit": "s", "min": 0.6478499360382557, "p50": 4.1604348908877, "p90": 5.64379762543831, "p95": 6.122727554896839, "p99": 7.468406191240065, "max": 8.14548624213785}, "Throughput": {"unit": "tokens/s", "min": 13.689968620738785, "p50": 43.315189962426345, "p90": 57.72285633515736, "p95": 59.54054322390577, "p99": 64.70039566761447, "max": 73.45814253834071}, "TTFT": {"unit": "s", "min": 0.19263310288079083, "p50": 0.8032752149738371, "p90": 1.395836548646912, "p95": 1.5587571109528637, "p99": 1.8189639480877668, "max": 2.2393693141639233}, "TPOT": {"unit": "ms", "min": 9.345284257179651, "p50": 17.787306311530948, "p90": 23.62058898457443, "p95": 27.241602584183777, "p99": 30.136346589450977, "max": 33.09226769189804}, "Input Tokens per Minute": {"unit": "tokens/min", "min": 1297739.0216471804, "p50": 1297739.0216471804, "p90": 1297739.0216471804, "p95": 1297739.0216471804, "p99": 1297739.0216471804, "max": 1297739.0216471804}, "Output Tokens per Minute": {"unit": "tokens/min", "min": 55428.85851293321, "p50": 55428.85851293321, "p90": 55428.85851293321, "p95": 55428.85851293321, "p99": 55428.85851293321, "max": 55428.85851293321}}
{"actual_qps": 4.807611370077097, "success_rate": 100.0, "input_tokens": 4133, "output_tokens": 176, "model": "meta-llama/Llama-3.1-8B-Instruct", "input_tokens_per_minute": 1151608.6642962948, "output_tokens_per_minute": 49165.620168256006, "slo_seconds": 5.0, "slo_attainment": 73.85159010600707, "ttft_slo_ms": 1000, "ttft_slo_attainment": 73.85159010600707, "tpot_slo_ms": 50, "tpot_slo_attainment": 100.0, "Latency": {"unit": "s", "min": 0.7588240790646523, "p50": 4.252316837897524, "p90": 5.800482500111684, "p95": 6.076180901611223, "p99": 6.506249752403237, "max": 7.020031403051689}, "Throughput": {"unit": "tokens/s", "min": 11.617177123939166, "p50": 43.42929384062944, "p90": 58.12944596821287, "p95": 62.5850203145217, "p99": 71.00673632147462, "max": 81.33684321042104}, "TTFT": {"unit": "s", "min": 0.1199436669703573, "p50": 0.781108973082155, "p90": 1.270288413949311, "p95": 1.3807529791258275, "p99": 1.5650318908272314, "max": 1.9569634511135519}, "TPOT": {"unit": "ms", "min": 9.06421218744733, "p50": 18.43211253819491, "p90": 25.00051256788698, "p95": 26.579253697047125, "p99": 30.024013966672964, "max": 33.847741425103905}, "Input Tokens per Minute": {"unit": "tokens/min", "min": 1151608.6642962948, "p50": 1151608.6642962948, "p90": 1151608.6642962948, "p95": 1151608.6642962948, "p99": 1151608.6642962948, "max": 1151608.6642962948}, "Output Tokens per Minute": {"unit": "tokens/min", "min": 49165.620168256006, "p50": 49165.620168256006, "p90": 49165.620168256006, "p95": 49165.620168256006, "p99": 49165.620168256006, "max": 49165.620168256006}}
{"actual_qps": 5.066641801121674, "success_rate": 100.0, "input_tokens": 3945, "output_tokens": 175, "model": "meta-llama/Llama-3.1-8B-Instruct", "input_tokens_per_minute": 1235343.7996144935, "output_tokens_per_minute": 54804.80063128706, "slo_seconds": 5.0, "slo_attainment": 66.0377358490566, "ttft_slo_ms": 1000, "ttft_slo_attainment": 56.91823899371069, "tpot_slo_ms": 50, "tpot_slo_attainment": 100.0, "Latency": {"unit": "s", "min": 1.144042057916522, "p50": 4.625853832461871, "p90": 6.169006520579569, "p95": 6.671425854251719, "p99": 7.970721000654154, "max": 9.655941342003644}, "Throughput": {"unit": "tokens/s", "min": 8.574609231254525, "p50": 39.778560112743065, "p90": 53.05614724666244, "p95": 56.4553192732447, "p99": 65.15228998121839, "max": 77.71557102076274}, "TTFT": {"unit": "s", "min": 0.17350004287436604, "p50": 0.9457422605482861, "p90": 1.499746680399403, "p95": 1.6667868289863674, "p99": 2.6058281093323576, "max": 4.109896107111126}, "TPOT": {"unit": "ms", "min": 10.484054120697419, "p50": 19.677131746816052, "p90": 26.590647265179335, "p95": 28.455026821179512, "p99": 33.465805242802666, "max": 36.81619073419521}, "Input Tokens per Minute": {"unit": "tokens/min", "min": 1235343.7996144935, "p50": 1235343.7996144935, "p90": 1235343.7996144935, "p95": 1235343.7996144935, "p99": 1235343.7996144935, "max": 1235343.7996144935}, "Output Tokens per Minute": {"unit": "tokens/min", "min": 54804.80063128706, "p50": 54804.80063128706, "p90": 54804.80063128706, "p95": 54804.80063128706, "p99": 54804.80063128706, "max": 54804.80063128706}}
{"actual_qps": 5.032806372100909, "success_rate": 100.0, "input_tokens": 4097, "output_tokens": 171,