{"actual_qps": 5.601449152367459, "success_rate": 100.0, "input_tokens": 4291, "output_tokens": 179, "model": "meta-llama/Llama-3.1-8B-Instruct", "input_tokens_per_minute": 1263175.837969782, "output_tokens_per_minute": 52857.13030323361, "slo_seconds": 5.0, "slo_attainment": 71.28378378378379, "ttft_slo_ms": 1000, "ttft_slo_attainment": 39.86486486486486, "tpot_slo_ms": 50, "tpot_slo_attainment": 100.0, "Latency": {"unit": "s", "min": 0.8531415050383657, "p50": 3.7908336168620735, "p90": 5.922810954041779, "p95": 6.063218325551134, "p99": 7.70194423442008, "max": 13.791761338943616}, "Throughput": {"unit": "tokens/s", "min": 4.184839430736571, "p50": 47.627079449973294, "p90": 73.67463572732902, "p95": 80.97913345591463, "p99": 89.77789843069678, "max": 95.22178066626236}, "TTFT": {"unit": "s", "min": 0.14405848900787532, "p50": 1.2288017586106434, "p90": 3.3605665790382773, "p95": 4.711517710820772, "p99": 4.971341385843698, "max": 10.73602743493393}, "TPOT": {"unit": "ms", "min": 5.0238838238227705, "p50": 12.73781051227458, "p90": 15.904695391925143, "p95": 20.878498047302436, "p99": 38.72652853595686, "max": 48.007736352327115}, "Input Tokens per Minute": {"unit": "tokens/min", "min": 1263175.837969782, "p50": 1263175.837969782, "p90": 1263175.837969782, "p95": 1263175.837969782, "p99": 1263175.837969782, "max": 1263175.837969782}, "Output Tokens per Minute": {"unit": "tokens/min", "min": 52857.13030323361, "p50": 52857.13030323361, "p90": 52857.13030323361, "p95": 52857.13030323361, "p99": 52857.13030323361, "max": 52857.13030323361}}
{"actual_qps": 4.611635558851665, "success_rate": 100.0, "input_tokens": 4251, "output_tokens": 178, "model": "meta-llama/Llama-3.1-8B-Instruct", "input_tokens_per_minute": 1281549.1460169237, "output_tokens_per_minute": 53712.04875648526, "slo_seconds": 5.0, "slo_attainment": 61.63934426229508, "ttft_slo_ms": 1000, "ttft_slo_attainment": 44.26229508196721, "tpot_slo_ms": 50, "tpot_slo_attainment": 100.0, "Latency": {"unit": "s", "min": 0.7171090729534626, "p50": 4.663991705980152, "p90": 6.044349739374594, "p95": 6.519661841169, "p99": 7.181604548916216, "max": 7.861490711104125}, "Throughput": {"unit": "tokens/s", "min": 6.630928997687106, "p50": 39.39007420454887, "p90": 55.10756984680513, "p95": 58.7706771730917, "p99": 66.74448380474806, "max": 69.57991029526524}, "TTFT": {"unit": "s", "min": 0.34584622201509774, "p50": 1.0851519349962473, "p90": 2.1110723055899143, "p95": 2.364365386683494, "p99": 2.616579908998683, "max": 4.3853746929671615}, "TPOT": {"unit": "ms", "min": 6.099089747294784, "p50": 18.07206224124783, "p90": 24.830777686903616, "p95": 27.20495518905359, "p99": 31.566834406698078, "max": 36.4587712202869}, "Input Tokens per Minute": {"unit": "tokens/min", "min": 1281549.1460169237, "p50": 1281549.1460169237, "p90": 1281549.1460169237, "p95": 1281549.1460169237, "p99": 1281549.1460169237, "max": 1281549.1460169237}, "Output Tokens per Minute": {"unit": "tokens/min", "min": 53712.04875648526, "p50": 53712.04875648526, "p90": 53712.04875648526, "p95": 53712.04875648526, "p99": 53712.04875648526, "max": 53712.04875648526}}
{"actual_qps": 4.699076003602395, "success_rate": 100.0, "input_tokens": 4261, "output_tokens": 183, "model": "meta-llama/Llama-3.1-8B-Instruct", "input_tokens_per_minute": 1170715.7322158022, "output_tokens_per_minute": 50372.89520933673, "slo_seconds": 5.0, "slo_attainment": 73.02158273381295, "ttft_slo_ms": 1000, "ttft_slo_attainment": 51.798561151079134, "tpot_slo_ms": 50, "tpot_slo_attainment": 100.0, "Latency": {"unit": "s", "min": 0.9086286760866642, "p50": 4.179712408455089, "p90": 5.624347176146694, "p95": 5.957515853480433, "p99": 7.473816220748706, "max": 8.60587344900705}, "Throughput": {"unit": "tokens/s", "min": 10.683254689753978, "p50": 44.18705437242019, "p90": 60.37612039622475, "p95": 62.91780987779566, "p99": 67.67640994360104, "max": 71.19608473301591}, "TTFT": {"unit": "s", "min": 0.18661124492064118, "p50": 0.981187749421224, "p90": 1.7500457421876494, "p95": 1.9496395782218314, "p99": 2.403501868171153, "max": 2.9661340578459203}, "TPOT": {"unit": "ms", "min": 10.594372454842057, "p50": 17.327344821925138, "p90": 22.948851199684917, "p95": 25.0124089105265, "p99": 30.218302150416054, "max": 32.956047595858024}, "Input Tokens per Minute": {"unit": "tokens/min", "min": 1170715.7322158022, "p50": 1170715.7322158022, "p90": 1170715.7322158022, "p95": 1170715.7322158022, "p99": 1170715.7322158022, "max": 1170715.7322158022}, "Output Tokens per Minute": {"unit": "tokens/min", "min": 50372.89520933673, "p50": 50372.89520933673, "p90": 50372.89520933673, "p95": 50372.89520933673, "p99": 50372.89520933673, "max": 50372.89520933673}}
{"actual_qps": 4.82129867490265, "success_rate": 100.0, "input_tokens": 4284, "output_tokens": 184, "model": "meta-llama/Llama-3.1-8B-Instruct", "input_tokens_per_minute": 1298339.3274265954, "output_tokens_per_minute": 55913.28948979959, "slo_seconds": 5.0, "slo_attainment": 76.2987012987013, "ttft_slo_ms": 1000, "ttft_slo_attainment": 62.33766233766234, "tpot_slo_ms": 50, "tpot_slo_attainment": 100.0, "Latency": {"unit": "s", "min": 0.9366431620437652, "p50": 4.250775084947236, "p90": 5.646291533950716, "p95": 6.010752540652174, "p99": 7.376052382984199, "max": 7.985786370933056}, "Throughput": {"unit": "tokens/s", "min": 7.2306930966377925, "p50": 44.26155986603412, "p90": 57.80862355214133, "p95": 62.420898959351916, "p99": 69.35049768995567, "max": 83.23603391136145}, "TTFT": {"unit": "s", "min": 0.1089494579937309, "p50": 0.8458566995104775, "p90": 1.5849012060556562, "p95": 1.8933603301993571, "p99": 3.2180980134615713, "max": 4.122847907943651}, "TPOT": {"unit": "ms", "min": 11.239174909037937, "p50": 17.36962967774545, "p90": 23.00523183350662, "p95": 25.036323056193584, "p99": 28.87475239380904, "max": 33.92277299685197}, "Input Tokens per Minute": {"unit": "tokens/min", "min": 1298339.3274265954, "p50": 1298339.3274265954, "p90": 1298339.3274265954, "p95": 1298339.3274265954, "p99": 1298339.3274265954, "max": 1298339.3274265954}, "Output Tokens per Minute": {"unit": "tokens/min", "min": 55913.28948979959, "p50": 55913.28948979959, "p90": 55913.28948979959, "p95": 55913.28948979959, "p99": 55913.28948979959, "max": 55913.28948979959}}
{"actual_qps": 5.499940602472853, "success_rate": 100.0, "input_tokens": 4128, "output_tokens": 183, "model": "meta-llama/Llama-3.1-8B-Instruct", "input_tokens_per_minute": 1271540.7783021773, "output_tokens_per_minute": 56484.95776125233, "slo_seconds": 5.0, "slo_attainment": 79.2332268370607, "ttft_slo_ms": 1000, "ttft_slo_attainment": 95.52715654952077, "tpot_slo_ms": 50, "tpot_slo_attainment": 100.0, "Latency": {"unit": "s", "min": 0.5853243840392679, "p50": 4.07965774810873, "p90": 5.522478048456833, "p95": 5.870158044807612, "p99": 6.465852414416149, "max": 8.06866086483933}, "Throughput": {"unit": "tokens/s", "min": 16.56227717516886, "p50": 46.22315094051383, "p90": 60.52678172684817, "p95": 65.3130410851515, "p99": 72.969035862193, "max": 77.47558000014146}, "TTFT": {"unit": "s", "min": 0.057587501127272844, "p50": 0.4279128978960216, "p90": 0.830329995136708, "p95": 0.9924452421721071, "p99": 1.6285533959977316, "max": 2.2696354479994625}, "TPOT": {"unit": "ms", "min": 11.348461074726515, "p50": 19.369371195590528, "p90": 25.47732222984409, "p95": 26.52631032973265, "p99": 29.13954458358562, "max": 32.12865840177983}, "Input Tokens per Minute": {"unit": "tokens/min", "min": 1271540.7783021773, "p50": 1271540.7783021773, "p90": 1271540.7783021773, "p95": 1271540.7783021773, "p99": 1271540.7783021773, "max": 1271540.7783021773}, "Output Tokens per Minute": {"unit": "tokens/min", "min": 56484.95776125233, "p50": 56484.95776125233, "p90": 56484.95776125233, "p95": 56484.95776125233, "p99": 56484.95776125233, "max": 56484.95776125233}}
{"actual_qps": 4.6557711064183325, "success_rate": 100.0, "input_tokens": 4231, "output_tokens": 182, "model": "meta-llama/Llama-3.1-8B-Instruct",