{"actual_qps": 5.779662314825709, "success_rate": 100.0, "input_tokens": 3847, "output_tokens": 169, "model": "meta-llama/Llama-3.1-8B-Instruct", "input_tokens_per_minute": 1201660.7571321575, "output_tokens_per_minute": 52914.45044175062, "slo_seconds": 5.0, "slo_attainment": 88.95899053627761, "ttft_slo_ms": 1000, "ttft_slo_attainment": 70.97791798107255, "tpot_slo_ms": 50, "tpot_slo_attainment": 100.0, "Latency": {"unit": "s", "min": 0.3708276920951903, "p50": 3.107027007965371, "p90": 5.092028061766179, "p95": 6.133243218343704, "p99": 6.84555346342735, "max": 7.9059418248943985}, "Throughput": {"unit": "tokens/s", "min": 5.796214160513187, "p50": 53.43249375282976, "p90": 80.24530330059962, "p95": 87.66700543205333, "p99": 96.12566351659953, "max": 101.09893526121775}, "TTFT": {"unit": "s", "min": 0.12871781294234097, "p50": 0.7293538190424442, "p90": 1.4341322581749418, "p95": 1.949665140733123, "p99": 2.8755937647819487, "max": 3.565302028087899}, "TPOT": {"unit": "ms", "min": 6.638032600416669, "p50": 13.921081737835127, "p90": 22.92537353605258, "p95": 25.004661643075533, "p99": 34.82582645409659, "max": 42.5788244465366}, "Input Tokens per Minute": {"unit": "tokens/min", "min": 1201660.7571321575, "p50": 1201660.7571321575, "p90": 1201660.7571321575, "p95": 1201660.7571321575, "p99": 1201660.7571321575, "max": 1201660.7571321575}, "Output Tokens per Minute": {"unit": "tokens/min", "min": 52914.45044175062, "p50": 52914.45044175062, "p90": 52914.45044175062, "p95": 52914.45044175062, "p99": 52914.45044175062, "max": 52914.45044175062}}
{"actual_qps": 5.4548018722942855, "success_rate": 100.0, "input_tokens": 4119, "output_tokens": 173, "model": "meta-llama/Llama-3.1-8B-Instruct", "input_tokens_per_minute": 1375798.3703889092, "output_tokens_per_minute": 58008.763026403525, "slo_seconds": 5.0, "slo_attainment": 68.14159292035397, "ttft_slo_ms": 1000, "ttft_slo_attainment": 46.902654867256636, "tpot_slo_ms": 50, "tpot_slo_attainment": 99.70501474926253, "Latency": {"unit": "s", "min": 0.5830946629866958, "p50": 4.33892913791351, "p90": 6.133893589721993, "p95": 6.944222525111397, "p99": 8.226667109173723, "max": 9.583944397047162}, "Throughput": {"unit": "tokens/s", "min": 5.38803982753201, "p50": 41.0379554606913, "p90": 58.803192855576384, "p95": 63.81230769506712, "p99": 68.89931157814809, "max": 72.82636716738283}, "TTFT": {"unit": "s", "min": 0.1821137589868158, "p50": 1.0529182679019868, "p90": 1.9806130205281078, "p95": 2.416188060422425, "p99": 4.112093921066264, "max": 5.116336047183722}, "TPOT": {"unit": "ms", "min": 6.929604960605502, "p50": 17.422264334387503, "p90": 24.272606731292328, "p95": 26.421494376486436, "p99": 36.42991381210531, "max": 52.11655874534146}, "Input Tokens per Minute": {"unit": "tokens/min", "min": 1375798.3703889092, "p50": 1375798.3703889092, "p90": 1375798.3703889092, "p95": 1375798.3703889092, "p99": 1375798.3703889092, "max": 1375798.3703889092}, "Output Tokens per Minute": {"unit": "tokens/min", "min": 58008.763026403525, "p50": 58008.763026403525, "p90": 58008.763026403525, "p95": 58008.763026403525, "p99": 58008.763026403525, "max": 58008.763026403525}}
{"actual_qps": 5.6415428535850305, "success_rate": 100.0, "input_tokens": 4085, "output_tokens": 172, "model": "meta-llama/Llama-3.1-8B-Instruct", "input_tokens_per_minute": 1407042.771258831, "output_tokens_per_minute": 59285.39946427292, "slo_seconds": 5.0, "slo_attainment": 72.28571428571429, "ttft_slo_ms": 1000, "ttft_slo_attainment": 54.0, "tpot_slo_ms": 50, "tpot_slo_attainment": 99.71428571428571, "Latency": {"unit": "s", "min": 0.7431743410415947, "p50": 4.181276095914654, "p90": 5.823835629108363, "p95": 6.324955423129723, "p99": 7.273553026486188, "max": 8.26597455283627}, "Throughput": {"unit": "tokens/s", "min": 6.965846740298466, "p50": 41.689343014475284, "p90": 58.45878908908624, "p95": 61.82985952612394, "p99": 67.44971590953043, "max": 75.49327745490366}, "TTFT": {"unit": "s", "min": 0.2785657159984112, "p50": 0.9545557870296761, "p90": 1.584790037479252, "p95": 1.7624621897120962, "p99": 2.2673807835788455, "max": 3.5346866238396615}, "TPOT": {"unit": "ms", "min": 11.178764268543905, "p50": 17.856934145865168, "p90": 23.890385171420082, "p95": 27.054801039985062, "p99": 32.07128379273029, "max": 66.53544946354539}, "Input Tokens per Minute": {"unit": "tokens/min", "min": 1407042.771258831, "p50": 1407042.771258831, "p90": 1407042.771258831, "p95": 1407042.771258831, "p99": 1407042.771258831, "max": 1407042.771258831}, "Output Tokens per Minute": {"unit": "tokens/min", "min": 59285.39946427292, "p50": 59285.39946427292, "p90": 59285.39946427292, "p95": 59285.39946427292, "p99": 59285.39946427292, "max": 59285.39946427292}}
{"actual_qps": 5.67682396610451, "success_rate": 100.0, "input_tokens": 4133, "output_tokens": 175, "model": "meta-llama/Llama-3.1-8B-Instruct", "input_tokens_per_minute": 1391001.7657473525, "output_tokens_per_minute": 58939.034972797, "slo_seconds": 5.0, "slo_attainment": 78.94736842105263, "ttft_slo_ms": 1000, "ttft_slo_attainment": 68.42105263157895, "tpot_slo_ms": 50, "tpot_slo_attainment": 100.0, "Latency": {"unit": "s", "min": 0.5517539870925248, "p50": 4.180233869468793, "p90": 5.700865248148331, "p95": 5.897572925197892, "p99": 6.495669572241604, "max": 7.080830140970647}, "Throughput": {"unit": "tokens/s", "min": 8.568582045423252, "p50": 43.88252125792161, "p90": 60.11841104517744, "p95": 63.87915632429235, "p99": 72.13189195390166, "max": 78.00124331423494}, "TTFT": {"unit": "s", "min": 0.0823238450102508, "p50": 0.7877510411199182, "p90": 1.3261745173949748, "p95": 1.6434920401428825, "p99": 2.1377671755989924, "max": 2.452212917152792}, "TPOT": {"unit": "ms", "min": 5.45608253949987, "p50": 17.87700933660663, "p90": 23.838101102895664, "p95": 25.004186926611677, "p99": 28.53242928887619, "max": 33.45315735916503}, "Input Tokens per Minute": {"unit": "tokens/min", "min": 1391001.7657473525, "p50": 1391001.7657473525, "p90": 1391001.7657473525, "p95": 1391001.7657473525, "p99": 1391001.7657473525, "max": 1391001.7657473525}, "Output Tokens per Minute": {"unit": "tokens/min", "min": 58939.034972797, "p50": 58939.034972797, "p90": 58939.034972797, "p95": 58939.034972797, "p99": 58939.034972797, "max": 58939.034972797}}
{"actual_qps": 6.183212578903001, "success_rate": 100.0, "input_tokens": 3971, "output_tokens": 172, "model": "meta-llama/Llama-3.1-8B-Instruct", "input_tokens_per_minute": 1449947.6886503778, "output_tokens_per_minute": 62813.003731151235, "slo_seconds": 5.0, "slo_attainment": 75.74123989218329, "ttft_slo_ms": 1000, "ttft_slo_attainment": 81.6711590296496, "tpot_slo_ms": 50, "tpot_slo_attainment": 100.0, "Latency": {"unit": "s", "min": 0.6677551760803908, "p50": 4.239869092125446, "p90": 5.689990618964657, "p95": 6.13491856388282, "p99": 7.2681969036813845, "max": 8.657102395081893}, "Throughput": {"unit": "tokens/s", "min": 11.965939137403367, "p50": 42.293808806264515, "p90": 55.531911878687445, "p95": 58.5875430064484, "p99": 69.39964250340138, "max": 71.93455161096274}, "TTFT": {"unit": "s", "min": 0.10245213913731277, "p50": 0.5844267369247973, "p90": 1.3563392790965736, "p95": 1.5522159601096064, "p99": 2.455332953040488, "max": 3.6405758990440518}, "TPOT": {"unit": "ms", "min": 7.897754540093817, "p50": 19.822854356812176, "p90": 25.666985934572157, "p95": 27.035544217321785, "p99": 30.41319061742264, "max": 32.48985842635323}, "Input Tokens per Minute": {"unit": "tokens/min", "min": 1449947.6886503778, "p50": 1449947.6886503778, "p90": 1449947.6886503778, "p95": 1449947.6886503778, "p99": 1449947.6886503778, "max": 1449947.6886503778}, "Output Tokens per Minute": {"unit": "tokens/min", "min": 62813.003731151235, "p50": 62813.003731151235, "p90": 62813.003731151235, "p95": 62813.003731151235, "p99": 62813.003731151235, "max": 62813.003731151235}}
{"actual_qps": 5.672121458714326, "success_rate": 100.0, "input_tokens": 3920, "output_tokens": 179,