{"actual_qps": 5.446087448194012, "success_rate": 100.0, "input_tokens": 4128, "output_tokens": 174, "model": "meta-llama/Llama-3.1-8B-Instruct", "input_tokens_per_minute": 1245945.8935768201, "output_tokens_per_minute": 52560.239926625436, "slo_seconds": 5.0, "slo_attainment": 88.0794701986755, "ttft_slo_ms": 1000, "ttft_slo_attainment": 61.920529801324506, "tpot_slo_ms": 50, "tpot_slo_attainment": 99.66887417218543, "Latency": {"unit": "s", "min": 0.5548889441415668, "p50": 3.2801884058862925, "p90": 5.1862860567634925, "p95": 5.809077173646074, "p99": 6.516942628880497, "max": 10.409450127976015}, "Throughput": {"unit": "tokens/s", "min": 6.929464510468587, "p50": 53.50089886647517, "p90": 83.79733548495417, "p95": 87.90985136345178, "p99": 97.1823756837341, "max": 104.55318432944566}, "TTFT": {"unit": "s", "min": 0.15767472493462265, "p50": 0.8016995111247525, "p90": 2.527536633005366, "p95": 3.031126256519927, "p99": 3.8703963953745553, "max": 8.252889952156693}, "TPOT": {"unit": "ms", "min": 4.387176566524431, "p50": 12.808411630764416, "p90": 19.46321239672308, "p95": 22.964706001206576, "p99": 34.385961692357995, "max": 50.636799956493554}, "Input Tokens per Minute": {"unit": "tokens/min", "min": 1245945.8935768201, "p50": 1245945.8935768201, "p90": 1245945.8935768201, "p95": 1245945.8935768201, "p99": 1245945.8935768201, "max": 1245945.8935768201}, "Output Tokens per Minute": {"unit": "tokens/min", "min": 52560.239926625436, "p50": 52560.239926625436, "p90": 52560.239926625436, "p95": 52560.239926625436, "p99": 52560.239926625436, "max": 52560.239926625436}}
{"actual_qps": 5.532070062014551, "success_rate": 100.0, "input_tokens": 3880, "output_tokens": 174, "model": "meta-llama/Llama-3.1-8B-Instruct", "input_tokens_per_minute": 1272927.3572210055, "output_tokens_per_minute": 57323.702792303324, "slo_seconds": 5.0, "slo_attainment": 55.98802395209581, "ttft_slo_ms": 1000, "ttft_slo_attainment": 30.83832335329341, "tpot_slo_ms": 50, "tpot_slo_attainment": 100.0, "Latency": {"unit": "s", "min": 0.8983847920317203, "p50": 4.767483232892118, "p90": 7.507393376296386, "p95": 8.392474597657564, "p99": 9.694302740935239, "max": 14.688665635883808}, "Throughput": {"unit": "tokens/s", "min": 3.198771646518389, "p50": 37.55546564124177, "p90": 56.19010288284071, "p95": 60.34158392412, "p99": 66.06777279001497, "max": 74.96321731997989}, "TTFT": {"unit": "s", "min": 0.22284948593005538, "p50": 1.4360899990424514, "p90": 3.503376415022649, "p95": 4.192161062837107, "p99": 5.652096269642937, "max": 9.860546543030068}, "TPOT": {"unit": "ms", "min": 10.64609835186421, "p50": 18.001180934686765, "p90": 25.734334426052193, "p95": 29.734507404900658, "p99": 46.82912035681245, "max": 49.68710635405253}, "Input Tokens per Minute": {"unit": "tokens/min", "min": 1272927.3572210055, "p50": 1272927.3572210055, "p90": 1272927.3572210055, "p95": 1272927.3572210055, "p99": 1272927.3572210055, "max": 1272927.3572210055}, "Output Tokens per Minute": {"unit": "tokens/min", "min": 57323.702792303324, "p50": 57323.702792303324, "p90": 57323.702792303324, "p95": 57323.702792303324, "p99": 57323.702792303324, "max": 57323.702792303324}}
{"actual_qps": 5.500636532506169, "success_rate": 100.0, "input_tokens": 4073, "output_tokens": 176, "model": "meta-llama/Llama-3.1-8B-Instruct", "input_tokens_per_minute": 1316244.4478308507, "output_tokens_per_minute": 57173.4530787847, "slo_seconds": 5.0, "slo_attainment": 68.08510638297872, "ttft_slo_ms": 1000, "ttft_slo_attainment": 31.914893617021278, "tpot_slo_ms": 50, "tpot_slo_attainment": 100.0, "Latency": {"unit": "s", "min": 0.984039535978809, "p50": 4.433451579883695, "p90": 6.0355237621814, "p95": 6.784333352418615, "p99": 7.850036486778407, "max": 8.828783153090626}, "Throughput": {"unit": "tokens/s", "min": 6.59791863160521, "p50": 41.08676541339342, "p90": 54.498498380000335, "p95": 57.47440315530472, "p99": 65.24411543078155, "max": 69.08124137530771}, "TTFT": {"unit": "s", "min": 0.24286344088613987, "p50": 1.223719984991476, "p90": 2.214196093892679, "p95": 2.5364746154285966, "p99": 3.2408714759442945, "max": 4.084661007858813}, "TPOT": {"unit": "ms", "min": 10.364307142380211, "p50": 17.00872018109614, "p90": 23.98561279958666, "p95": 26.35493384911311, "p99": 34.874945067875885, "max": 37.401122357696295}, "Input Tokens per Minute": {"unit": "tokens/min", "min": 1316244.4478308507, "p50": 1316244.4478308507, "p90": 1316244.4478308507, "p95": 1316244.4478308507, "p99": 1316244.4478308507, "max": 1316244.4478308507}, "Output Tokens per Minute": {"unit": "tokens/min", "min": 57173.4530787847, "p50": 57173.4530787847, "p90": 57173.4530787847, "p95": 57173.4530787847, "p99": 57173.4530787847, "max": 57173.4530787847}}
{"actual_qps": 5.678190700130206, "success_rate": 100.0, "input_tokens": 3998, "output_tokens": 177, "model": "meta-llama/Llama-3.1-8B-Instruct", "input_tokens_per_minute": 1393791.9584676146, "output_tokens_per_minute": 61879.31338715874, "slo_seconds": 5.0, "slo_attainment": 56.901408450704224, "ttft_slo_ms": 1000, "ttft_slo_attainment": 27.887323943661972, "tpot_slo_ms": 50, "tpot_slo_attainment": 100.0, "Latency": {"unit": "s", "min": 0.7640936130192131, "p50": 4.781488469103351, "p90": 7.002229313086719, "p95": 7.694361504889094, "p99": 10.513096378264015, "max": 12.409036167897284}, "Throughput": {"unit": "tokens/s", "min": 4.084616700349684, "p50": 36.98468092026797, "p90": 52.74926853787393, "p95": 58.84819101354742, "p99": 64.7988579477723, "max": 71.2753471292535}, "TTFT": {"unit": "s", "min": 0.15792898391373456, "p50": 1.3769141340162605, "p90": 3.040948079992086, "p95": 3.7692178900586444, "p99": 6.476678755157613, "max": 8.112144483951852}, "TPOT": {"unit": "ms", "min": 8.654557081172243, "p50": 17.966451312531717, "p90": 23.181150782965688, "p95": 24.73757012850189, "p99": 29.106817316128183, "max": 30.682412414428068}, "Input Tokens per Minute": {"unit": "tokens/min", "min": 1393791.9584676146, "p50": 1393791.9584676146, "p90": 1393791.9584676146, "p95": 1393791.9584676146, "p99": 1393791.9584676146, "max": 1393791.9584676146}, "Output Tokens per Minute": {"unit": "tokens/min", "min": 61879.31338715874, "p50": 61879.31338715874, "p90": 61879.31338715874, "p95": 61879.31338715874, "p99": 61879.31338715874, "max": 61879.31338715874}}
{"actual_qps": 5.852486328509563, "success_rate": 100.0, "input_tokens": 4120, "output_tokens": 174, "model": "meta-llama/Llama-3.1-8B-Instruct", "input_tokens_per_minute": 1444450.6625301738, "output_tokens_per_minute": 61050.48490212792, "slo_seconds": 5.0, "slo_attainment": 72.54901960784314, "ttft_slo_ms": 1000, "ttft_slo_attainment": 83.75350140056022, "tpot_slo_ms": 50, "tpot_slo_attainment": 100.0, "Latency": {"unit": "s", "min": 0.6388185790274292, "p50": 4.331313504138961, "p90": 5.82182996510528, "p95": 6.112228674953803, "p99": 6.709573192307725, "max": 8.49405394308269}, "Throughput": {"unit": "tokens/s", "min": 9.73570020625432, "p50": 41.901135229433585, "p90": 55.76189724727145, "p95": 59.69174573044528, "p99": 68.96344947421242, "max": 81.33489716111424}, "TTFT": {"unit": "s", "min": 0.17514500487595797, "p50": 0.6415323899127543, "p90": 1.1422855846118185, "p95": 1.3435454564169045, "p99": 1.810393325993791, "max": 2.9565527010709047}, "TPOT": {"unit": "ms", "min": 11.051248553110726, "p50": 19.66135351258756, "p90": 25.66184104752526, "p95": 26.90628244108696, "p99": 29.16116418517355, "max": 32.12001343213376}, "Input Tokens per Minute": {"unit": "tokens/min", "min": 1444450.6625301738, "p50": 1444450.6625301738, "p90": 1444450.6625301738, "p95": 1444450.6625301738, "p99": 1444450.6625301738, "max": 1444450.6625301738}, "Output Tokens per Minute": {"unit": "tokens/min", "min": 61050.48490212792, "p50": 61050.48490212792, "p90": 61050.48490212792, "p95": 61050.48490212792, "p99": 61050.48490212792, "max": 61050.48490212792}}
{"actual_qps": 5.64989150457259, "success_rate": 100.0, "input_tokens": 3957, "output_tokens": 177,