{"actual_qps": 6.417279586511224, "success_rate": 100.0, "input_tokens": 3960, "output_tokens": 174, "model": "meta-llama/Llama-3.1-8B-Instruct", "input_tokens_per_minute": 1392035.3006322323, "output_tokens_per_minute": 61494.322093080715, "slo_seconds": 5.0, "slo_attainment": 24.15730337078652, "ttft_slo_ms": 1000, "ttft_slo_attainment": 4.213483146067416, "tpot_slo_ms": 50, "tpot_slo_attainment": 98.87640449438202, "Latency": {"unit": "s", "min": 1.4284158418886364, "p50": 6.741962673026137, "p90": 9.731505264993757, "p95": 10.533878805697896, "p99": 12.963250245118976, "max": 18.540101442020386}, "Throughput": {"unit": "tokens/s", "min": 1.7937055777233801, "p50": 26.326703166204126, "p90": 41.07866136801803, "p95": 47.53312097335548, "p99": 53.8292488680848, "max": 65.37812454850076}, "TTFT": {"unit": "s", "min": 0.4459597689565271, "p50": 3.1021026395028457, "p90": 6.180321584455669, "p95": 6.869041388621554, "p99": 9.511295059451367, "max": 14.835447083925828}, "TPOT": {"unit": "ms", "min": 5.0127308059018105, "p50": 19.436669213599032, "p90": 27.58966603763308, "p95": 30.629429465742437, "p99": 49.8840617566473, "max": 78.42728601056426}, "Input Tokens per Minute": {"unit": "tokens/min", "min": 1392035.3006322323, "p50": 1392035.3006322323, "p90": 1392035.3006322323, "p95": 1392035.3006322323, "p99": 1392035.3006322323, "max": 1392035.3006322323}, "Output Tokens per Minute": {"unit": "tokens/min", "min": 61494.322093080715, "p50": 61494.322093080715, "p90": 61494.322093080715, "p95": 61494.322093080715, "p99": 61494.322093080715, "max": 61494.322093080715}}
{"actual_qps": 5.345882196857498, "success_rate": 100.0, "input_tokens": 3956, "output_tokens": 175, "model": "meta-llama/Llama-3.1-8B-Instruct", "input_tokens_per_minute": 1296958.8608260471, "output_tokens_per_minute": 57481.05416705485, "slo_seconds": 5.0, "slo_attainment": 86.74698795180723, "ttft_slo_ms": 1000, "ttft_slo_attainment": 58.734939759036145, "tpot_slo_ms": 50, "tpot_slo_attainment": 100.0, "Latency": {"unit": "s", "min": 0.8558424501679838, "p50": 3.9811285039177164, "p90": 5.218784629018047, "p95": 5.621333785552997, "p99": 7.4016193839092725, "max": 7.7692308109253645}, "Throughput": {"unit": "tokens/s", "min": 11.843635530479139, "p50": 45.39737638165353, "p90": 58.41997232127525, "p95": 61.31789645555795, "p99": 65.43860777519882, "max": 66.02638652422864}, "TTFT": {"unit": "s", "min": 0.18363062595017254, "p50": 0.9098531838972121, "p90": 1.513920377055184, "p95": 1.7727216387516818, "p99": 2.961769617144018, "max": 3.69039364811033}, "TPOT": {"unit": "ms", "min": 8.05117713753134, "p50": 16.600059640790388, "p90": 20.785584861432334, "p95": 22.287202797743525, "p99": 27.66754160985757, "max": 32.96545349793242}, "Input Tokens per Minute": {"unit": "tokens/min", "min": 1296958.8608260471, "p50": 1296958.8608260471, "p90": 1296958.8608260471, "p95": 1296958.8608260471, "p99": 1296958.8608260471, "max": 1296958.8608260471}, "Output Tokens per Minute": {"unit": "tokens/min", "min": 57481.05416705485, "p50": 57481.05416705485, "p90": 57481.05416705485, "p95": 57481.05416705485, "p99": 57481.05416705485, "max": 57481.05416705485}}
{"actual_qps": 5.449159756168738, "success_rate": 100.0, "input_tokens": 3914, "output_tokens": 176, "model": "meta-llama/Llama-3.1-8B-Instruct", "input_tokens_per_minute": 1275991.6616362676, "output_tokens_per_minute": 57608.12302705281, "slo_seconds": 5.0, "slo_attainment": 69.18429003021149, "ttft_slo_ms": 1000, "ttft_slo_attainment": 41.69184290030212, "tpot_slo_ms": 50, "tpot_slo_attainment": 99.69788519637463, "Latency": {"unit": "s", "min": 0.8645722500514239, "p50": 4.330603559035808, "p90": 6.112865677801892, "p95": 6.499389033997431, "p99": 7.678129502129741, "max": 8.365989491110668}, "Throughput": {"unit": "tokens/s", "min": 9.188191190287933, "p50": 41.2333572381454, "p90": 54.450216908023904, "p95": 58.6245974303811, "p99": 65.61084532957871, "max": 69.82846234310816}, "TTFT": {"unit": "s", "min": 0.3069011610932648, "p50": 1.1171353389509022, "p90": 1.9499224000610411, "p95": 2.219670388964005, "p99": 2.8107173240510726, "max": 3.9613791299052536}, "TPOT": {"unit": "ms", "min": 8.968353298876215, "p50": 17.196752402621012, "p90": 24.08256470436352, "p95": 26.976012778008396, "p99": 32.570048646546795, "max": 55.22494759960947}, "Input Tokens per Minute": {"unit": "tokens/min", "min": 1275991.6616362676, "p50": 1275991.6616362676, "p90": 1275991.6616362676, "p95": 1275991.6616362676, "p99": 1275991.6616362676, "max": 1275991.6616362676}, "Output Tokens per Minute": {"unit": "tokens/min", "min": 57608.12302705281, "p50": 57608.12302705281, "p90": 57608.12302705281, "p95": 57608.12302705281, "p99": 57608.12302705281, "max": 57608.12302705281}}
{"actual_qps": 5.67905536678515, "success_rate": 100.0, "input_tokens": 4120, "output_tokens": 175, "model": "meta-llama/Llama-3.1-8B-Instruct", "input_tokens_per_minute": 1412254.7948546212, "output_tokens_per_minute": 60047.44267452811, "slo_seconds": 5.0, "slo_attainment": 69.82758620689656, "ttft_slo_ms": 1000, "ttft_slo_attainment": 72.12643678160919, "tpot_slo_ms": 50, "tpot_slo_attainment": 100.0, "Latency": {"unit": "s", "min": 0.6692188980523497, "p50": 4.326903029577807, "p90": 5.878244030941278, "p95": 6.207570812490303, "p99": 6.724530018859077, "max": 6.932171134045348}, "Throughput": {"unit": "tokens/s", "min": 11.480484778253976, "p50": 41.80742085596252, "p90": 59.75221288973069, "p95": 67.12267103600234, "p99": 74.40299814257351, "max": 87.50060097658061}, "TTFT": {"unit": "s", "min": 0.08330780593678355, "p50": 0.7445903358748183, "p90": 1.408340054168366, "p95": 1.6686801315750917, "p99": 2.0452192823239597, "max": 2.268409251002595}, "TPOT": {"unit": "ms", "min": 10.278474238208112, "p50": 19.0453452611548, "p90": 25.24294935941378, "p95": 26.334518400002175, "p99": 28.07303846650116, "max": 29.80221142449106}, "Input Tokens per Minute": {"unit": "tokens/min", "min": 1412254.7948546212, "p50": 1412254.7948546212, "p90": 1412254.7948546212, "p95": 1412254.7948546212, "p99": 1412254.7948546212, "max": 1412254.7948546212}, "Output Tokens per Minute": {"unit": "tokens/min", "min": 60047.44267452811, "p50": 60047.44267452811, "p90": 60047.44267452811, "p95": 60047.44267452811, "p99": 60047.44267452811, "max": 60047.44267452811}}
{"actual_qps": 5.483325184756427, "success_rate": 100.0, "input_tokens": 3940, "output_tokens": 173, "model": "meta-llama/Llama-3.1-8B-Instruct", "input_tokens_per_minute": 1307671.3038403988, "output_tokens_per_minute": 57565.77714701994, "slo_seconds": 5.0, "slo_attainment": 75.37091988130564, "ttft_slo_ms": 1000, "ttft_slo_attainment": 75.96439169139467, "tpot_slo_ms": 50, "tpot_slo_attainment": 100.0, "Latency": {"unit": "s", "min": 0.6340217650867999, "p50": 4.226093550911173, "p90": 5.7458162242081015, "p95": 6.2098245683591795, "p99": 8.022365318359803, "max": 9.559868882177398}, "Throughput": {"unit": "tokens/s", "min": 9.705227266712225, "p50": 42.538214154467795, "p90": 58.432659023260385, "p95": 61.91121527052562, "p99": 69.8360995778166, "max": 76.10769105553236}, "TTFT": {"unit": "s", "min": 0.10154663678258657, "p50": 0.7075094939209521, "p90": 1.3753021720796825, "p95": 1.630749217001721, "p99": 3.4844035099353516, "max": 4.868469636887312}, "TPOT": {"unit": "ms", "min": 10.72427412452897, "p50": 18.94843618586734, "p90": 24.598123034200253, "p95": 26.559514372726383, "p99": 31.00824204566326, "max": 37.15697007386812}, "Input Tokens per Minute": {"unit": "tokens/min", "min": 1307671.3038403988, "p50": 1307671.3038403988, "p90": 1307671.3038403988, "p95": 1307671.3038403988, "p99": 1307671.3038403988, "max": 1307671.3038403988}, "Output Tokens per Minute": {"unit": "tokens/min", "min": 57565.77714701994, "p50": 57565.77714701994, "p90": 57565.77714701994, "p95": 57565.77714701994, "p99": 57565.77714701994, "max": 57565.77714701994}}
{"actual_qps": 5.149991662765497, "success_rate": 100.0, "input_tokens": 4123, "output_tokens": 174,