{"actual_qps": 5.60901329356103, "success_rate": 100.0, "input_tokens": 4008, "output_tokens": 179, "model": "meta-llama/Llama-3.1-8B-Instruct", "input_tokens_per_minute": 1233136.262280949, "output_tokens_per_minute": 55198.66490563959, "slo_seconds": 5.0, "slo_attainment": 28.802588996763756, "ttft_slo_ms": 1000, "ttft_slo_attainment": 6.472491909385113, "tpot_slo_ms": 50, "tpot_slo_attainment": 98.38187702265373, "Latency": {"unit": "s", "min": 1.375914033036679, "p50": 5.845607212046161, "p90": 7.664477362995967, "p95": 8.433366256672889, "p99": 11.170787224592642, "max": 13.151146278018132}, "Throughput": {"unit": "tokens/s", "min": 3.929756342410696, "p50": 31.292764575536456, "p90": 42.74904147201061, "p95": 46.55165891522446, "p99": 58.723536363192736, "max": 68.55599902212447}, "TTFT": {"unit": "s", "min": 0.21721875201910734, "p50": 1.9881941431667656, "p90": 3.950803395779803, "p95": 4.965754439961165, "p99": 7.820455281436445, "max": 10.800182319944724}, "TPOT": {"unit": "ms", "min": 9.8675812071521, "p50": 19.752253668298525, "p90": 27.499473558729463, "p95": 31.338419948870488, "p99": 54.80681206366027, "max": 96.14404641530093}, "Input Tokens per Minute": {"unit": "tokens/min", "min": 1233136.262280949, "p50": 1233136.262280949, "p90": 1233136.262280949, "p95": 1233136.262280949, "p99": 1233136.262280949, "max": 1233136.262280949}, "Output Tokens per Minute": {"unit": "tokens/min", "min": 55198.66490563959, "p50": 55198.66490563959, "p90": 55198.66490563959, "p95": 55198.66490563959, "p99": 55198.66490563959, "max": 55198.66490563959}}
{"actual_qps": 5.630087744919222, "success_rate": 100.0, "input_tokens": 3949, "output_tokens": 177, "model": "meta-llama/Llama-3.1-8B-Instruct", "input_tokens_per_minute": 1303173.9227939725, "output_tokens_per_minute": 58436.37137226508, "slo_seconds": 5.0, "slo_attainment": 54.92537313432836, "ttft_slo_ms": 1000, "ttft_slo_attainment": 17.313432835820898, "tpot_slo_ms": 50, "tpot_slo_attainment": 100.0, "Latency": {"unit": "s", "min": 1.1050741430372, "p50": 4.83713878178969, "p90": 6.999765288550408, "p95": 8.04309756846633, "p99": 10.725851145884972, "max": 11.97946147993207}, "Throughput": {"unit": "tokens/s", "min": 5.870057399322928, "p50": 37.8062555891627, "p90": 51.73816714444274, "p95": 54.315017163096265, "p99": 58.63634110493064, "max": 72.227145106271}, "TTFT": {"unit": "s", "min": 0.2932851598598063, "p50": 1.631252634106204, "p90": 3.5238667632453144, "p95": 4.874795279954561, "p99": 7.093147092824822, "max": 8.426992415916175}, "TPOT": {"unit": "ms", "min": 10.738382186160315, "p50": 16.621944663025925, "p90": 22.037905731224388, "p95": 23.573302169314925, "p99": 27.202858449924804, "max": 32.19557741163846}, "Input Tokens per Minute": {"unit": "tokens/min", "min": 1303173.9227939725, "p50": 1303173.9227939725, "p90": 1303173.9227939725, "p95": 1303173.9227939725, "p99": 1303173.9227939725, "max": 1303173.9227939725}, "Output Tokens per Minute": {"unit": "tokens/min", "min": 58436.37137226508, "p50": 58436.37137226508, "p90": 58436.37137226508, "p95": 58436.37137226508, "p99": 58436.37137226508, "max": 58436.37137226508}}
{"actual_qps": 5.448950521051351, "success_rate": 100.0, "input_tokens": 4028, "output_tokens": 176, "model": "meta-llama/Llama-3.1-8B-Instruct", "input_tokens_per_minute": 1305331.7400970254, "output_tokens_per_minute": 57281.1364583076, "slo_seconds": 5.0, "slo_attainment": 63.829787234042556, "ttft_slo_ms": 1000, "ttft_slo_attainment": 32.52279635258359, "tpot_slo_ms": 50, "tpot_slo_attainment": 100.0, "Latency": {"unit": "s", "min": 0.772700103931129, "p50": 4.588834207970649, "p90": 6.201698143593967, "p95": 6.634036481147631, "p99": 7.7077930463105435, "max": 8.566351313143969}, "Throughput": {"unit": "tokens/s", "min": 6.532261251670132, "p50": 39.31390306775411, "p90": 51.98680024680366, "p95": 55.45307915943229, "p99": 61.12422680796721, "max": 65.91747079851957}, "TTFT": {"unit": "s", "min": 0.2324513979256153, "p50": 1.1825615300331265, "p90": 2.06560227824375, "p95": 2.3742462059482925, "p99": 2.726427990859374, "max": 3.5878740458283573}, "TPOT": {"unit": "ms", "min": 7.585783041297243, "p50": 18.296271205725308, "p90": 24.247969543308617, "p95": 26.46308832675517, "p99": 31.601751426459458, "max": 33.25360439201767}, "Input Tokens per Minute": {"unit": "tokens/min", "min": 1305331.7400970254, "p50": 1305331.7400970254, "p90": 1305331.7400970254, "p95": 1305331.7400970254, "p99": 1305331.7400970254, "max": 1305331.7400970254}, "Output Tokens per Minute": {"unit": "tokens/min", "min": 57281.1364583076, "p50": 57281.1364583076, "p90": 57281.1364583076, "p95": 57281.1364583076, "p99": 57281.1364583076, "max": 57281.1364583076}}
{"actual_qps": 5.3396761018252725, "success_rate": 100.0, "input_tokens": 4172, "output_tokens": 177, "model": "meta-llama/Llama-3.1-8B-Instruct", "input_tokens_per_minute": 1380811.0272289102, "output_tokens_per_minute": 58652.05461707044, "slo_seconds": 5.0, "slo_attainment": 65.17857142857143, "ttft_slo_ms": 1000, "ttft_slo_attainment": 45.23809523809524, "tpot_slo_ms": 50, "tpot_slo_attainment": 100.0, "Latency": {"unit": "s", "min": 0.9041192370932549, "p50": 4.628734483500011, "p90": 6.504149098880589, "p95": 7.189756736799609, "p99": 8.329992091003804, "max": 9.69324068701826}, "Throughput": {"unit": "tokens/s", "min": 3.314838760967289, "p50": 39.98724784395662, "p90": 52.990166092421745, "p95": 57.14034213185194, "p99": 64.78290988303706, "max": 66.51983121678084}, "TTFT": {"unit": "s", "min": 0.20642886497080326, "p50": 1.0581689020618796, "p90": 2.0073796414071694, "p95": 2.6819652648991905, "p99": 4.348916624276886, "max": 5.056020795833319}, "TPOT": {"unit": "ms", "min": 7.472361044751273, "p50": 18.922113886090848, "p90": 24.95692694593295, "p95": 27.163714431074155, "p99": 31.88630030511159, "max": 39.76351273155249}, "Input Tokens per Minute": {"unit": "tokens/min", "min": 1380811.0272289102, "p50": 1380811.0272289102, "p90": 1380811.0272289102, "p95": 1380811.0272289102, "p99": 1380811.0272289102, "max": 1380811.0272289102}, "Output Tokens per Minute": {"unit": "tokens/min", "min": 58652.05461707044, "p50": 58652.05461707044, "p90": 58652.05461707044, "p95": 58652.05461707044, "p99": 58652.05461707044, "max": 58652.05461707044}}
{"actual_qps": 5.4918473552731575, "success_rate": 100.0, "input_tokens": 4217, "output_tokens": 176, "model": "meta-llama/Llama-3.1-8B-Instruct", "input_tokens_per_minute": 1393925.2857556897, "output_tokens_per_minute": 58453.2560206241, "slo_seconds": 5.0, "slo_attainment": 68.75, "ttft_slo_ms": 1000, "ttft_slo_attainment": 66.96428571428571, "tpot_slo_ms": 50, "tpot_slo_attainment": 100.0, "Latency": {"unit": "s", "min": 0.5594203229993582, "p50": 4.4341925765620545, "p90": 5.942216294934042, "p95": 6.5023158202529885, "p99": 7.845293057942756, "max": 9.276321951067075}, "Throughput": {"unit": "tokens/s", "min": 9.666058427309206, "p50": 41.33067909355048, "p90": 54.07396521493219, "p95": 56.62216007171977, "p99": 67.32328089646116, "max": 78.24171389620838}, "TTFT": {"unit": "s", "min": 0.19843764510005713, "p50": 0.8095033150166273, "p90": 1.3422402035212144, "p95": 1.6785182052408345, "p99": 2.758341125643346, "max": 4.132994741899893}, "TPOT": {"unit": "ms", "min": 7.010034174131958, "p50": 19.304291575669716, "p90": 24.59292012787902, "p95": 26.337672922278443, "p99": 30.059504027357885, "max": 32.86766598272759}, "Input Tokens per Minute": {"unit": "tokens/min", "min": 1393925.2857556897, "p50": 1393925.2857556897, "p90": 1393925.2857556897, "p95": 1393925.2857556897, "p99": 1393925.2857556897, "max": 1393925.2857556897}, "Output Tokens per Minute": {"unit": "tokens/min", "min": 58453.2560206241, "p50": 58453.2560206241, "p90": 58453.2560206241, "p95": 58453.2560206241, "p99": 58453.2560206241, "max": 58453.2560206241}}
{"actual_qps": 5.283314445309617, "success_rate": 100.0, "input_tokens": 3998, "output_tokens": 176, "model": "meta-llama/Llama-3.1-8B-Instruct",