{"actual_qps": 5.062276149905049, "success_rate": 100.0, "input_tokens": 4154, "output_tokens": 178, "model": "meta-llama/Llama-3.1-8B-Instruct", "input_tokens_per_minute": 1179165.1122920795, "output_tokens_per_minute": 50780.77090543441, "slo_seconds": 5.0, "slo_attainment": 88.0701754385965, "ttft_slo_ms": 1000, "ttft_slo_attainment": 82.10526315789474, "tpot_slo_ms": 50, "tpot_slo_attainment": 100.0, "Latency": {"unit": "s", "min": 0.5402062379289418, "p50": 4.026376112829894, "p90": 5.136492278194055, "p95": 5.628087301086635, "p99": 6.035682077053934, "max": 9.247915060957894}, "Throughput": {"unit": "tokens/s", "min": 10.38590982239751, "p50": 46.61368551475906, "p90": 59.27294406014395, "p95": 63.15843060415225, "p99": 66.54882350281805, "max": 68.04103256754786}, "TTFT": {"unit": "s", "min": 0.09641734696924686, "p50": 0.6230866911355406, "p90": 1.269898614194244, "p95": 1.5130501434206967, "p99": 1.7315164063684656, "max": 5.678889449918643}, "TPOT": {"unit": "ms", "min": 10.074499765323708, "p50": 17.57313654729956, "p90": 21.868691818751206, "p95": 22.955800184802197, "p99": 27.451995232637312, "max": 34.43993160035461}, "Input Tokens per Minute": {"unit": "tokens/min", "min": 1179165.1122920795, "p50": 1179165.1122920795, "p90": 1179165.1122920795, "p95": 1179165.1122920795, "p99": 1179165.1122920795, "max": 1179165.1122920795}, "Output Tokens per Minute": {"unit": "tokens/min", "min": 50780.77090543441, "p50": 50780.77090543441, "p90": 50780.77090543441, "p95": 50780.77090543441, "p99": 50780.77090543441, "max": 50780.77090543441}}
{"actual_qps": 4.919010629996257, "success_rate": 100.0, "input_tokens": 4013, "output_tokens": 180, "model": "meta-llama/Llama-3.1-8B-Instruct", "input_tokens_per_minute": 1188362.1344540238, "output_tokens_per_minute": 53339.783667427415, "slo_seconds": 5.0, "slo_attainment": 96.3455149501661, "ttft_slo_ms": 1000, "ttft_slo_attainment": 88.03986710963456, "tpot_slo_ms": 50, "tpot_slo_attainment": 100.0, "Latency": {"unit": "s", "min": 0.5211962591856718, "p50": 3.7481401269324124, "p90": 4.5770751379895955, "p95": 4.904846540885046, "p99": 5.350194037891924, "max": 5.9955989450681955}, "Throughput": {"unit": "tokens/s", "min": 11.501587685094202, "p50": 51.516653951367054, "p90": 63.80984686052019, "p95": 67.25498858251336, "p99": 73.74300197662866, "max": 83.35897034535655}, "TTFT": {"unit": "s", "min": 0.10183097003027797, "p50": 0.571399494074285, "p90": 1.0191841591149569, "p95": 1.180891334079206, "p99": 1.4840342849493027, "max": 1.6113483291119337}, "TPOT": {"unit": "ms", "min": 9.283065488561988, "p50": 16.102571322362703, "p90": 20.083108361127167, "p95": 21.734966166392343, "p99": 27.722466298762487, "max": 36.60809649789536}, "Input Tokens per Minute": {"unit": "tokens/min", "min": 1188362.1344540238, "p50": 1188362.1344540238, "p90": 1188362.1344540238, "p95": 1188362.1344540238, "p99": 1188362.1344540238, "max": 1188362.1344540238}, "Output Tokens per Minute": {"unit": "tokens/min", "min": 53339.783667427415, "p50": 53339.783667427415, "p90": 53339.783667427415, "p95": 53339.783667427415, "p99": 53339.783667427415, "max": 53339.783667427415}}
{"actual_qps": 5.2990915791079685, "success_rate": 100.0, "input_tokens": 4161, "output_tokens": 180, "model": "meta-llama/Llama-3.1-8B-Instruct", "input_tokens_per_minute": 1297865.2138904964, "output_tokens_per_minute": 56171.16618605326, "slo_seconds": 5.0, "slo_attainment": 88.32807570977917, "ttft_slo_ms": 1000, "ttft_slo_attainment": 90.22082018927445, "tpot_slo_ms": 50, "tpot_slo_attainment": 100.0, "Latency": {"unit": "s", "min": 0.8788348308298737, "p50": 4.027848080964759, "p90": 5.027321253344417, "p95": 5.324322433210909, "p99": 6.413232625387609, "max": 6.867353911977261}, "Throughput": {"unit": "tokens/s", "min": 8.089749580320824, "p50": 47.80414997849923, "p90": 58.76685651721437, "p95": 60.47714295286791, "p99": 62.82838217756558, "max": 69.23802928992659}, "TTFT": {"unit": "s", "min": 0.13871767604723573, "p50": 0.5615084480959922, "p90": 0.9868171909824015, "p95": 1.1909088554792104, "p99": 1.565247234841808, "max": 1.7580976109020412}, "TPOT": {"unit": "ms", "min": 10.224205121630803, "p50": 17.871721281468794, "p90": 22.52807311863457, "p95": 24.31943290081189, "p99": 28.320804107513027, "max": 41.982751669517405}, "Input Tokens per Minute": {"unit": "tokens/min", "min": 1297865.2138904964, "p50": 1297865.2138904964, "p90": 1297865.2138904964, "p95": 1297865.2138904964, "p99": 1297865.2138904964, "max": 1297865.2138904964}, "Output Tokens per Minute": {"unit": "tokens/min", "min": 56171.16618605326, "p50": 56171.16618605326, "p90": 56171.16618605326, "p95": 56171.16618605326, "p99": 56171.16618605326, "max": 56171.16618605326}}
{"actual_qps": 4.887364909313262, "success_rate": 100.0, "input_tokens": 4145, "output_tokens": 180, "model": "meta-llama/Llama-3.1-8B-Instruct", "input_tokens_per_minute": 1178738.582057499, "output_tokens_per_minute": 51423.33712598087, "slo_seconds": 5.0, "slo_attainment": 91.00346020761245, "ttft_slo_ms": 1000, "ttft_slo_attainment": 97.57785467128028, "tpot_slo_ms": 50, "tpot_slo_attainment": 100.0, "Latency": {"unit": "s", "min": 0.32540721795521677, "p50": 3.789396827109158, "p90": 4.965222549485043, "p95": 5.282115971529855, "p99": 5.72430602548644, "max": 6.024439039174467}, "Throughput": {"unit": "tokens/s", "min": 13.886434759313952, "p50": 49.989531181336, "p90": 65.44353765864466, "p95": 69.56366893520881, "p99": 77.90165707379987, "max": 84.1082953236591}, "TTFT": {"unit": "s", "min": 0.07963392208330333, "p50": 0.4273489019833505, "p90": 0.7252643914893269, "p95": 0.817642660858109, "p99": 1.1098625057283789, "max": 1.221690305043012}, "TPOT": {"unit": "ms", "min": 8.62293691127835, "p50": 17.594503317187407, "p90": 23.065779418130738, "p95": 24.74284755772719, "p99": 27.209346620365977, "max": 46.46433377638459}, "Input Tokens per Minute": {"unit": "tokens/min", "min": 1178738.582057499, "p50": 1178738.582057499, "p90": 1178738.582057499, "p95": 1178738.582057499, "p99": 1178738.582057499, "max": 1178738.582057499}, "Output Tokens per Minute": {"unit": "tokens/min", "min": 51423.33712598087, "p50": 51423.33712598087, "p90": 51423.33712598087, "p95": 51423.33712598087, "p99": 51423.33712598087, "max": 51423.33712598087}}
{"actual_qps": 5.049984929589709, "success_rate": 100.0, "input_tokens": 3936, "output_tokens": 177, "model": "meta-llama/Llama-3.1-8B-Instruct", "input_tokens_per_minute": 1227734.8793386398, "output_tokens_per_minute": 55447.08782131781, "slo_seconds": 5.0, "slo_attainment": 94.00630914826499, "ttft_slo_ms": 1000, "ttft_slo_attainment": 99.6845425867508, "tpot_slo_ms": 50, "tpot_slo_attainment": 100.0, "Latency": {"unit": "s", "min": 0.6059773301240057, "p50": 3.7498540489468724, "p90": 4.775124628702179, "p95": 5.114034838275984, "p99": 5.641274390080942, "max": 5.936723778955638}, "Throughput": {"unit": "tokens/s", "min": 13.043257936608812, "p50": 50.669948146392215, "p90": 65.191559210961, "p95": 70.22654273546179, "p99": 75.30427055272374, "max": 92.2660561719691}, "TTFT": {"unit": "s", "min": 0.10795548092573881, "p50": 0.46756790298968554, "p90": 0.6966988617554308, "p95": 0.7333957900293171, "p99": 0.8601192757114764, "max": 1.0518781279679388}, "TPOT": {"unit": "ms", "min": 9.377833550468415, "p50": 16.984127045389098, "p90": 21.74851175856276, "p95": 23.074967803049773, "p99": 25.88573587586974, "max": 37.87473175674677}, "Input Tokens per Minute": {"unit": "tokens/min", "min": 1227734.8793386398, "p50": 1227734.8793386398, "p90": 1227734.8793386398, "p95": 1227734.8793386398, "p99": 1227734.8793386398, "max": 1227734.8793386398}, "Output Tokens per Minute": {"unit": "tokens/min", "min": 55447.08782131781, "p50": 55447.08782131781, "p90": 55447.08782131781, "p95": 55447.08782131781, "p99": 55447.08782131781, "max": 55447.08782131781}}
{"actual_qps": 4.967243693505578, "success_rate": 100.0, "input_tokens": 4095, "output_tokens": 174,