{"actual_qps": 5.61275321911959, "success_rate": 100.0, "input_tokens": 4277, "output_tokens": 183, "model": "meta-llama/Llama-3.1-8B-Instruct", "input_tokens_per_minute": 1295565.5884389423, "output_tokens_per_minute": 55479.57470418393, "slo_seconds": 5.0, "slo_attainment": 73.68421052631578, "ttft_slo_ms": 1000, "ttft_slo_attainment": 52.960526315789465, "tpot_slo_ms": 50, "tpot_slo_attainment": 99.67105263157895, "Latency": {"unit": "s", "min": 0.7742570610716939, "p50": 3.996007564361207, "p90": 6.277328832470812, "p95": 6.369867392303422, "p99": 6.79978726488538, "max": 14.334250885993242}, "Throughput": {"unit": "tokens/s", "min": 4.904681886456826, "p50": 46.61539955103275, "p90": 65.23845223438994, "p95": 72.43464159977897, "p99": 84.52364405526275, "max": 95.60055546696188}, "TTFT": {"unit": "s", "min": 0.14693790208548307, "p50": 0.8766348054632545, "p90": 2.2197962544858454, "p95": 2.599628419021608, "p99": 4.574599142316704, "max": 9.483050604118034}, "TPOT": {"unit": "ms", "min": 6.284968603411737, "p50": 15.884443348268956, "p90": 23.255151642566013, "p95": 24.997424312210942, "p99": 39.969017580712645, "max": 69.37795170341377}, "Input Tokens per Minute": {"unit": "tokens/min", "min": 1295565.5884389423, "p50": 1295565.5884389423, "p90": 1295565.5884389423, "p95": 1295565.5884389423, "p99": 1295565.5884389423, "max": 1295565.5884389423}, "Output Tokens per Minute": {"unit": "tokens/min", "min": 55479.57470418393, "p50": 55479.57470418393, "p90": 55479.57470418393, "p95": 55479.57470418393, "p99": 55479.57470418393, "max": 55479.57470418393}}
{"actual_qps": 4.592818285539155, "success_rate": 100.0, "input_tokens": 4277, "output_tokens": 177, "model": "meta-llama/Llama-3.1-8B-Instruct", "input_tokens_per_minute": 1267017.499847197, "output_tokens_per_minute": 52587.441310974355, "slo_seconds": 5.0, "slo_attainment": 88.03986710963456, "ttft_slo_ms": 1000, "ttft_slo_attainment": 86.37873754152824, "tpot_slo_ms": 50, "tpot_slo_attainment": 99.66777408637874, "Latency": {"unit": "s", "min": 0.420594739029184, "p50": 4.054354256950319, "p90": 5.054252183996141, "p95": 5.278645309852436, "p99": 6.040369641035795, "max": 7.0150909391231835}, "Throughput": {"unit": "tokens/s", "min": 13.199314555835606, "p50": 46.84571889333815, "p90": 60.192868630396916, "p95": 64.49574032537214, "p99": 71.39694140940449, "max": 78.93366588403087}, "TTFT": {"unit": "s", "min": 0.090651631122455, "p50": 0.6187358049210161, "p90": 1.1436144460458308, "p95": 1.3150355340912938, "p99": 1.9950245339423418, "max": 2.490571195958182}, "TPOT": {"unit": "ms", "min": 3.691157983941218, "p50": 18.002101968387873, "p90": 22.366908206908622, "p95": 23.883067768759766, "p99": 41.06757319532335, "max": 52.34934793620864}, "Input Tokens per Minute": {"unit": "tokens/min", "min": 1267017.499847197, "p50": 1267017.499847197, "p90": 1267017.499847197, "p95": 1267017.499847197, "p99": 1267017.499847197, "max": 1267017.499847197}, "Output Tokens per Minute": {"unit": "tokens/min", "min": 52587.441310974355, "p50": 52587.441310974355, "p90": 52587.441310974355, "p95": 52587.441310974355, "p99": 52587.441310974355, "max": 52587.441310974355}}
{"actual_qps": 4.698931614327792, "success_rate": 100.0, "input_tokens": 4278, "output_tokens": 181, "model": "meta-llama/Llama-3.1-8B-Instruct", "input_tokens_per_minute": 1170597.841111282, "output_tokens_per_minute": 49566.02299598753, "slo_seconds": 5.0, "slo_attainment": 87.41007194244604, "ttft_slo_ms": 1000, "ttft_slo_attainment": 89.20863309352518, "tpot_slo_ms": 50, "tpot_slo_attainment": 99.64028776978418, "Latency": {"unit": "s", "min": 0.7791124929208308, "p50": 3.810276194475591, "p90": 5.091803555702791, "p95": 5.492888721788766, "p99": 6.152665542024191, "max": 6.874159447848797}, "Throughput": {"unit": "tokens/s", "min": 12.424868136055075, "p50": 48.16174274114145, "p90": 62.6250621374483, "p95": 66.75343651370724, "p99": 71.27854947222747, "max": 75.57163739417649}, "TTFT": {"unit": "s", "min": 0.1718069869093597, "p50": 0.5858217511558905, "p90": 1.0152978881960735, "p95": 1.2581370371277427, "p99": 1.6755065956688493, "max": 2.3898412401322275}, "TPOT": {"unit": "ms", "min": 1.3760490342974663, "p50": 17.285218853212637, "p90": 22.075182846394735, "p95": 23.86884475226313, "p99": 31.696146876734165, "max": 52.27224793120781}, "Input Tokens per Minute": {"unit": "tokens/min", "min": 1170597.841111282, "p50": 1170597.841111282, "p90": 1170597.841111282, "p95": 1170597.841111282, "p99": 1170597.841111282, "max": 1170597.841111282}, "Output Tokens per Minute": {"unit": "tokens/min", "min": 49566.02299598753, "p50": 49566.02299598753, "p90": 49566.02299598753, "p95": 49566.02299598753, "p99": 49566.02299598753, "max": 49566.02299598753}}
{"actual_qps": 4.825851299012313, "success_rate": 100.0, "input_tokens": 4252, "output_tokens": 185, "model": "meta-llama/Llama-3.1-8B-Instruct", "input_tokens_per_minute": 1272210.993152795, "output_tokens_per_minute": 55420.882134703046, "slo_seconds": 5.0, "slo_attainment": 92.76315789473685, "ttft_slo_ms": 1000, "ttft_slo_attainment": 92.76315789473685, "tpot_slo_ms": 50, "tpot_slo_attainment": 100.0, "Latency": {"unit": "s", "min": 0.4704342898912728, "p50": 3.90392226644326, "p90": 4.852907292707823, "p95": 5.15103182492312, "p99": 5.636948823595882, "max": 5.670879171928391}, "Throughput": {"unit": "tokens/s", "min": 13.736791508944306, "p50": 48.59438270639228, "p90": 61.31492536012859, "p95": 66.82462458470961, "p99": 74.90484384188181, "max": 78.46162824376879}, "TTFT": {"unit": "s", "min": 0.05751499906182289, "p50": 0.49768061051145196, "p90": 0.9300378248328341, "p95": 1.1066927223699152, "p99": 1.3930348594416864, "max": 1.6134345130994916}, "TPOT": {"unit": "ms", "min": 10.41087758494541, "p50": 17.35733111171512, "p90": 21.79972554457644, "p95": 23.05574914407892, "p99": 26.854115124158994, "max": 31.596233821747933}, "Input Tokens per Minute": {"unit": "tokens/min", "min": 1272210.993152795, "p50": 1272210.993152795, "p90": 1272210.993152795, "p95": 1272210.993152795, "p99": 1272210.993152795, "max": 1272210.993152795}, "Output Tokens per Minute": {"unit": "tokens/min", "min": 55420.882134703046, "p50": 55420.882134703046, "p90": 55420.882134703046, "p95": 55420.882134703046, "p99": 55420.882134703046, "max": 55420.882134703046}}
{"actual_qps": 5.499890984373033, "success_rate": 100.0, "input_tokens": 4114, "output_tokens": 178, "model": "meta-llama/Llama-3.1-8B-Instruct", "input_tokens_per_minute": 1271485.6559221286, "output_tokens_per_minute": 55269.31913128026, "slo_seconds": 5.0, "slo_attainment": 94.26751592356688, "ttft_slo_ms": 1000, "ttft_slo_attainment": 99.36305732484077, "tpot_slo_ms": 50, "tpot_slo_attainment": 99.68152866242038, "Latency": {"unit": "s", "min": 0.6667674670461565, "p50": 3.7825711520854384, "p90": 4.780734887858853, "p95": 5.080954038933848, "p99": 5.654947864147834, "max": 6.011650980915874}, "Throughput": {"unit": "tokens/s", "min": 14.435163722959278, "p50": 50.5588137073384, "p90": 64.7781069443772, "p95": 69.96498593434576, "p99": 79.40913473389627, "max": 89.18122995059352}, "TTFT": {"unit": "s", "min": 0.05998943210579455, "p50": 0.3925810839282349, "p90": 0.6217940479284152, "p95": 0.6817458734847602, "p99": 0.8950946930190552, "max": 1.1300264250021428}, "TPOT": {"unit": "ms", "min": 10.420535412621707, "p50": 17.846920299367163, "p90": 22.886097909012182, "p95": 25.201759409526794, "p99": 28.84530350250904, "max": 50.917117204517126}, "Input Tokens per Minute": {"unit": "tokens/min", "min": 1271485.6559221286, "p50": 1271485.6559221286, "p90": 1271485.6559221286, "p95": 1271485.6559221286, "p99": 1271485.6559221286, "max": 1271485.6559221286}, "Output Tokens per Minute": {"unit": "tokens/min", "min": 55269.31913128026, "p50": 55269.31913128026, "p90": 55269.31913128026, "p95": 55269.31913128026, "p99": 55269.31913128026, "max": 55269.31913128026}}
{"actual_qps": 4.655836784711899, "success_rate": 100.0, "input_tokens": 4254,