{"actual_qps": 5.827588849364184, "success_rate": 100.0, "input_tokens": 3881, "output_tokens": 170, "model": "meta-llama/Llama-3.1-8B-Instruct", "input_tokens_per_minute": 1210632.909843997, "output_tokens_per_minute": 53166.483747361235, "slo_seconds": 5.0, "slo_attainment": 92.03821656050955, "ttft_slo_ms": 1000, "ttft_slo_attainment": 88.21656050955414, "tpot_slo_ms": 50, "tpot_slo_attainment": 100.0, "Latency": {"unit": "s", "min": 0.506125062936917, "p50": 3.560932793421671, "p90": 4.767230216553434, "p95": 5.258555808605158, "p99": 6.028344816814643, "max": 6.6414740341715515}, "Throughput": {"unit": "tokens/s", "min": 11.679665468490699, "p50": 49.89526691749374, "p90": 65.20366199287513, "p95": 71.25603871270062, "p99": 79.24231890088642, "max": 88.63522574988951}, "TTFT": {"unit": "s", "min": 0.1313020079396665, "p50": 0.6047650064574555, "p90": 1.0269261442823334, "p95": 1.2705026576644738, "p99": 1.763375025773421, "max": 3.432882640045136}, "TPOT": {"unit": "ms", "min": 7.629478330550305, "p50": 16.108186336950254, "p90": 22.119930250003897, "p95": 24.488066265813146, "p99": 29.75272680234136, "max": 37.438363057414165}, "Input Tokens per Minute": {"unit": "tokens/min", "min": 1210632.909843997, "p50": 1210632.909843997, "p90": 1210632.909843997, "p95": 1210632.909843997, "p99": 1210632.909843997, "max": 1210632.909843997}, "Output Tokens per Minute": {"unit": "tokens/min", "min": 53166.483747361235, "p50": 53166.483747361235, "p90": 53166.483747361235, "p95": 53166.483747361235, "p99": 53166.483747361235, "max": 53166.483747361235}}
{"actual_qps": 5.443482603162432, "success_rate": 100.0, "input_tokens": 4087, "output_tokens": 175, "model": "meta-llama/Llama-3.1-8B-Instruct", "input_tokens_per_minute": 1383149.5789869248, "output_tokens_per_minute": 59343.47007299411, "slo_seconds": 5.0, "slo_attainment": 88.37209302325581, "ttft_slo_ms": 1000, "ttft_slo_attainment": 87.20930232558139, "tpot_slo_ms": 50, "tpot_slo_attainment": 100.0, "Latency": {"unit": "s", "min": 0.49079668219201267, "p50": 3.7925352335441858, "p90": 5.028619192005135, "p95": 5.266594424692448, "p99": 5.9600702435034325, "max": 6.153294788207859}, "Throughput": {"unit": "tokens/s", "min": 8.323039257258685, "p50": 49.070599309675444, "p90": 63.42220358111552, "p95": 65.93485279966775, "p99": 72.9562018596133, "max": 77.80033178689862}, "TTFT": {"unit": "s", "min": 0.12512732413597405, "p50": 0.563480646465905, "p90": 1.08170677756425, "p95": 1.4448575529386283, "p99": 2.1478172390582024, "max": 2.994027788983658}, "TPOT": {"unit": "ms", "min": 5.796623238198021, "p50": 16.79568541243242, "p90": 21.6065881604179, "p95": 22.69073301026925, "p99": 26.600270526024634, "max": 36.55657494057189}, "Input Tokens per Minute": {"unit": "tokens/min", "min": 1383149.5789869248, "p50": 1383149.5789869248, "p90": 1383149.5789869248, "p95": 1383149.5789869248, "p99": 1383149.5789869248, "max": 1383149.5789869248}, "Output Tokens per Minute": {"unit": "tokens/min", "min": 59343.47007299411, "p50": 59343.47007299411, "p90": 59343.47007299411, "p95": 59343.47007299411, "p99": 59343.47007299411, "max": 59343.47007299411}}
{"actual_qps": 5.646355681681569, "success_rate": 100.0, "input_tokens": 4091, "output_tokens": 176, "model": "meta-llama/Llama-3.1-8B-Instruct", "input_tokens_per_minute": 1404724.4615718564, "output_tokens_per_minute": 60494.471514988094, "slo_seconds": 5.0, "slo_attainment": 91.97707736389685, "ttft_slo_ms": 1000, "ttft_slo_attainment": 94.55587392550143, "tpot_slo_ms": 50, "tpot_slo_attainment": 100.0, "Latency": {"unit": "s", "min": 0.7007024609483778, "p50": 3.847877309890464, "p90": 4.9317753414157774, "p95": 5.219997073430567, "p99": 5.810686750877645, "max": 7.097936196019873}, "Throughput": {"unit": "tokens/s", "min": 10.63574520030521, "p50": 47.64209303000327, "p90": 59.53248108209369, "p95": 63.74777980871432, "p99": 68.54960473917099, "max": 84.30048480066633}, "TTFT": {"unit": "s", "min": 0.09706861688755453, "p50": 0.5936695819254965, "p90": 0.9270350678823888, "p95": 1.053544023633002, "p99": 1.2878991046547885, "max": 1.3676580369938165}, "TPOT": {"unit": "ms", "min": 10.193089266593134, "p50": 17.64007706771649, "p90": 22.19714205789748, "p95": 23.8482627318002, "p99": 28.668198839923328, "max": 45.87511200224981}, "Input Tokens per Minute": {"unit": "tokens/min", "min": 1404724.4615718564, "p50": 1404724.4615718564, "p90": 1404724.4615718564, "p95": 1404724.4615718564, "p99": 1404724.4615718564, "max": 1404724.4615718564}, "Output Tokens per Minute": {"unit": "tokens/min", "min": 60494.471514988094, "p50": 60494.471514988094, "p90": 60494.471514988094, "p95": 60494.471514988094, "p99": 60494.471514988094, "max": 60494.471514988094}}
{"actual_qps": 5.674621238601298, "success_rate": 100.0, "input_tokens": 4143, "output_tokens": 173, "model": "meta-llama/Llama-3.1-8B-Instruct", "input_tokens_per_minute": 1410214.8368263594, "output_tokens_per_minute": 59143.766403998576, "slo_seconds": 5.0, "slo_attainment": 94.50867052023122, "ttft_slo_ms": 1000, "ttft_slo_attainment": 97.39884393063583, "tpot_slo_ms": 50, "tpot_slo_attainment": 100.0, "Latency": {"unit": "s", "min": 0.32145243999548256, "p50": 3.8167058014078066, "p90": 4.783012966858223, "p95": 5.06653506110888, "p99": 5.842312281706836, "max": 6.1381944990716875}, "Throughput": {"unit": "tokens/s", "min": 10.447731127356793, "p50": 48.05683995228374, "p90": 62.530740490294725, "p95": 67.76817329638821, "p99": 76.64134587528274, "max": 87.9277601141283}, "TTFT": {"unit": "s", "min": 0.046122011030092835, "p50": 0.5147058560978621, "p90": 0.825393054401502, "p95": 0.9230125788017176, "p99": 1.1627484780852684, "max": 1.2399387201294303}, "TPOT": {"unit": "ms", "min": 8.649128807208887, "p50": 17.5785986535794, "p90": 22.377293017027334, "p95": 25.028172966941447, "p99": 26.962917917442518, "max": 47.335107988842275}, "Input Tokens per Minute": {"unit": "tokens/min", "min": 1410214.8368263594, "p50": 1410214.8368263594, "p90": 1410214.8368263594, "p95": 1410214.8368263594, "p99": 1410214.8368263594, "max": 1410214.8368263594}, "Output Tokens per Minute": {"unit": "tokens/min", "min": 59143.766403998576, "p50": 59143.766403998576, "p90": 59143.766403998576, "p95": 59143.766403998576, "p99": 59143.766403998576, "max": 59143.766403998576}}
{"actual_qps": 6.183070295626282, "success_rate": 100.0, "input_tokens": 3952, "output_tokens": 176, "model": "meta-llama/Llama-3.1-8B-Instruct", "input_tokens_per_minute": 1450521.530058306, "output_tokens_per_minute": 64787.60851743403, "slo_seconds": 5.0, "slo_attainment": 94.10187667560321, "ttft_slo_ms": 1000, "ttft_slo_attainment": 98.65951742627345, "tpot_slo_ms": 50, "tpot_slo_attainment": 100.0, "Latency": {"unit": "s", "min": 0.408248248975724, "p50": 3.7156362819951028, "p90": 4.7254630791023375, "p95": 5.066575269866734, "p99": 5.6720382301975025, "max": 5.898518952075392}, "Throughput": {"unit": "tokens/s", "min": 16.254940726346923, "p50": 51.05384988394748, "p90": 65.74029767606147, "p95": 69.76289043199615, "p99": 80.72960452612939, "max": 91.21873859304772}, "TTFT": {"unit": "s", "min": 0.07284868392162025, "p50": 0.4351189199369401, "p90": 0.7201690287329257, "p95": 0.8373019223567099, "p99": 1.0445575777068719, "max": 1.371855105040595}, "TPOT": {"unit": "ms", "min": 8.129160045287929, "p50": 16.893316738906517, "p90": 21.426215511629703, "p95": 22.674211710410653, "p99": 25.309971688904938, "max": 42.10672202752903}, "Input Tokens per Minute": {"unit": "tokens/min", "min": 1450521.530058306, "p50": 1450521.530058306, "p90": 1450521.530058306, "p95": 1450521.530058306, "p99": 1450521.530058306, "max": 1450521.530058306}, "Output Tokens per Minute": {"unit": "tokens/min", "min": 64787.60851743403, "p50": 64787.60851743403, "p90": 64787.60851743403, "p95": 64787.60851743403, "p99": 64787.60851743403, "max": 64787.60851743403}}
{"actual_qps": 5.671949132929593, "success_rate": 100.0, "input_tokens": 3930, "output_tokens": 173,