{"actual_qps": 5.352044653653918, "success_rate": 100.0, "input_tokens": 4152, "output_tokens": 175, "model": "meta-llama/Llama-3.1-8B-Instruct", "input_tokens_per_minute": 1271360.5889433988, "output_tokens_per_minute": 53731.20407134767, "slo_seconds": 5.0, "slo_attainment": 45.928338762214985, "ttft_slo_ms": 1000, "ttft_slo_attainment": 33.876221498371336, "tpot_slo_ms": 50, "tpot_slo_attainment": 95.11400651465797, "Latency": {"unit": "s", "min": 0.6595840540248901, "p50": 5.935649052960798, "p90": 12.830591666139663, "p95": 13.516829890059304, "p99": 14.059280127813109, "max": 23.78505520685576}, "Throughput": {"unit": "tokens/s", "min": 1.809091858681368, "p50": 29.562592390694203, "p90": 63.42898850041044, "p95": 70.7871107826411, "p99": 79.42994044533437, "max": 88.74572476135327}, "TTFT": {"unit": "s", "min": 0.13997784396633506, "p50": 2.022464409004897, "p90": 6.2064599533099685, "p95": 6.3942097501829265, "p99": 6.615382979377173, "max": 16.952591398963705}, "TPOT": {"unit": "ms", "min": 0.5761598209467004, "p50": 17.93564129129389, "p90": 37.814806430079045, "p95": 49.52871809214111, "p99": 126.38028389549788, "max": 251.7486996690018}, "Input Tokens per Minute": {"unit": "tokens/min", "min": 1271360.5889433988, "p50": 1271360.5889433988, "p90": 1271360.5889433988, "p95": 1271360.5889433988, "p99": 1271360.5889433988, "max": 1271360.5889433988}, "Output Tokens per Minute": {"unit": "tokens/min", "min": 53731.20407134767, "p50": 53731.20407134767, "p90": 53731.20407134767, "p95": 53731.20407134767, "p99": 53731.20407134767, "max": 53731.20407134767}}
{"actual_qps": 5.156363823856078, "success_rate": 100.0, "input_tokens": 4232, "output_tokens": 178, "model": "meta-llama/Llama-3.1-8B-Instruct", "input_tokens_per_minute": 1232391.0553621228, "output_tokens_per_minute": 51843.36173668304, "slo_seconds": 5.0, "slo_attainment": 89.72602739726028, "ttft_slo_ms": 1000, "ttft_slo_attainment": 82.87671232876713, "tpot_slo_ms": 50, "tpot_slo_attainment": 99.65753424657534, "Latency": {"unit": "s", "min": 0.6988591391127557, "p50": 4.1709633795544505, "p90": 5.020104237878696, "p95": 5.277029322541784, "p99": 6.035235996711996, "max": 6.640385817037895}, "Throughput": {"unit": "tokens/s", "min": 5.798355309456046, "p50": 46.13444738611059, "p90": 58.929790519672466, "p95": 61.84972192818254, "p99": 69.86902276771046, "max": 74.8241768844035}, "TTFT": {"unit": "s", "min": 0.1305676349438727, "p50": 0.6468808951321989, "p90": 1.2523342031985552, "p95": 1.4801964186015535, "p99": 1.9608610261743835, "max": 2.60881526209414}, "TPOT": {"unit": "ms", "min": 11.227895355071215, "p50": 18.146598261158594, "p90": 22.19779710729967, "p95": 24.3050263573921, "p99": 38.52916277318889, "max": 69.9666762827999}, "Input Tokens per Minute": {"unit": "tokens/min", "min": 1232391.0553621228, "p50": 1232391.0553621228, "p90": 1232391.0553621228, "p95": 1232391.0553621228, "p99": 1232391.0553621228, "max": 1232391.0553621228}, "Output Tokens per Minute": {"unit": "tokens/min", "min": 51843.36173668304, "p50": 51843.36173668304, "p90": 51843.36173668304, "p95": 51843.36173668304, "p99": 51843.36173668304, "max": 51843.36173668304}}
{"actual_qps": 5.14096651304081, "success_rate": 100.0, "input_tokens": 4268, "output_tokens": 178, "model": "meta-llama/Llama-3.1-8B-Instruct", "input_tokens_per_minute": 1341756.7823072677, "output_tokens_per_minute": 56137.38334482877, "slo_seconds": 5.0, "slo_attainment": 88.40125391849529, "ttft_slo_ms": 1000, "ttft_slo_attainment": 83.38557993730407, "tpot_slo_ms": 50, "tpot_slo_attainment": 100.0, "Latency": {"unit": "s", "min": 0.6660075839608908, "p50": 3.89554088213481, "p90": 5.068300570687279, "p95": 5.447443462279625, "p99": 5.969688567216506, "max": 7.6827026209793985}, "Throughput": {"unit": "tokens/s", "min": 6.885928368512188, "p50": 46.67977338027986, "p90": 62.90828142428867, "p95": 65.86476976413192, "p99": 74.40408150351003, "max": 88.86026659402262}, "TTFT": {"unit": "s", "min": 0.13008156418800354, "p50": 0.6596980150789022, "p90": 1.144139293534681, "p95": 1.2396567825460807, "p99": 1.7584506195643899, "max": 2.5468500040005893}, "TPOT": {"unit": "ms", "min": 6.53049206637122, "p50": 17.21423176402722, "p90": 22.481125413706927, "p95": 23.855803943538664, "p99": 31.30660931837167, "max": 36.34375287219882}, "Input Tokens per Minute": {"unit": "tokens/min", "min": 1341756.7823072677, "p50": 1341756.7823072677, "p90": 1341756.7823072677, "p95": 1341756.7823072677, "p99": 1341756.7823072677, "max": 1341756.7823072677}, "Output Tokens per Minute": {"unit": "tokens/min", "min": 56137.38334482877, "p50": 56137.38334482877, "p90": 56137.38334482877, "p95": 56137.38334482877, "p99": 56137.38334482877, "max": 56137.38334482877}}
{"actual_qps": 5.084721222581005, "success_rate": 100.0, "input_tokens": 4347, "output_tokens": 172, "model": "meta-llama/Llama-3.1-8B-Instruct", "input_tokens_per_minute": 1369021.8235962768, "output_tokens_per_minute": 54460.316712616965, "slo_seconds": 5.0, "slo_attainment": 91.5625, "ttft_slo_ms": 1000, "ttft_slo_attainment": 87.5, "tpot_slo_ms": 50, "tpot_slo_attainment": 99.6875, "Latency": {"unit": "s", "min": 0.453180372947827, "p50": 3.931954165920615, "p90": 4.919477249146439, "p95": 5.295307534805033, "p99": 5.740659745992161, "max": 5.9621076309122145}, "Throughput": {"unit": "tokens/s", "min": 11.734734504311117, "p50": 46.8788677797272, "p90": 60.22448832554157, "p95": 64.37391464778769, "p99": 73.9715579521387, "max": 85.68013486167887}, "TTFT": {"unit": "s", "min": 0.05311900703236461, "p50": 0.5208902744343504, "p90": 1.0461473052855588, "p95": 1.3187933473265732, "p99": 1.9257893154001795, "max": 2.088517335942015}, "TPOT": {"unit": "ms", "min": 4.32344212415902, "p50": 17.93531298583737, "p90": 23.041087061391405, "p95": 26.255509258460844, "p99": 31.150537496777375, "max": 53.56159188565524}, "Input Tokens per Minute": {"unit": "tokens/min", "min": 1369021.8235962768, "p50": 1369021.8235962768, "p90": 1369021.8235962768, "p95": 1369021.8235962768, "p99": 1369021.8235962768, "max": 1369021.8235962768}, "Output Tokens per Minute": {"unit": "tokens/min", "min": 54460.316712616965, "p50": 54460.316712616965, "p90": 54460.316712616965, "p95": 54460.316712616965, "p99": 54460.316712616965, "max": 54460.316712616965}}
{"actual_qps": 5.098354237983776, "success_rate": 100.0, "input_tokens": 4220, "output_tokens": 173, "model": "meta-llama/Llama-3.1-8B-Instruct", "input_tokens_per_minute": 1270367.581202709, "output_tokens_per_minute": 52212.72116042948, "slo_seconds": 5.0, "slo_attainment": 94.44444444444444, "ttft_slo_ms": 1000, "ttft_slo_attainment": 99.67320261437908, "tpot_slo_ms": 50, "tpot_slo_attainment": 100.0, "Latency": {"unit": "s", "min": 0.3510473840869963, "p50": 3.6664402588503435, "p90": 4.7589154010638595, "p95": 5.005431377270725, "p99": 5.867983857996295, "max": 6.003446253016591}, "Throughput": {"unit": "tokens/s", "min": 18.79495844756007, "p50": 51.26585083825187, "p90": 67.43847155982624, "p95": 70.23198232550337, "p99": 82.25012711165961, "max": 84.40943614434822}, "TTFT": {"unit": "s", "min": 0.038979270961135626, "p50": 0.2509959085145965, "p90": 0.5148823759518564, "p95": 0.6297751188394614, "p99": 0.8132514434633773, "max": 1.1179112021345645}, "TPOT": {"unit": "ms", "min": 0.9974298837523048, "p50": 17.969730778728337, "p90": 23.48900127081884, "p95": 25.588623989237725, "p99": 34.99649373552252, "max": 43.349617769220664}, "Input Tokens per Minute": {"unit": "tokens/min", "min": 1270367.581202709, "p50": 1270367.581202709, "p90": 1270367.581202709, "p95": 1270367.581202709, "p99": 1270367.581202709, "max": 1270367.581202709}, "Output Tokens per Minute": {"unit": "tokens/min", "min": 52212.72116042948, "p50": 52212.72116042948, "p90": 52212.72116042948, "p95": 52212.72116042948, "p99": 52212.72116042948, "max": 52212.72116042948}}
{"actual_qps": 5.266638916663668, "success_rate": 100.0, "input_tokens": 4265, "output_tokens": 173,