{"actual_qps": 5.396785810398308, "success_rate": 100.0, "input_tokens": 4127, "output_tokens": 172, "model": "meta-llama/Llama-3.1-8B-Instruct", "input_tokens_per_minute": 1242399.5077094012, "output_tokens_per_minute": 51823.997318751455, "slo_seconds": 5.0, "slo_attainment": 93.0921052631579, "ttft_slo_ms": 1000, "ttft_slo_attainment": 88.81578947368422, "tpot_slo_ms": 50, "tpot_slo_attainment": 100.0, "Latency": {"unit": "s", "min": 0.6852185258176178, "p50": 3.370602196548134, "p90": 4.540171283436939, "p95": 5.235932605725246, "p99": 5.677169685643166, "max": 6.346172638004646}, "Throughput": {"unit": "tokens/s", "min": 14.4150927753501, "p50": 53.492283171685486, "p90": 73.10236272530508, "p95": 79.8680043857737, "p99": 88.10055767512563, "max": 94.42172501208432}, "TTFT": {"unit": "s", "min": 0.10795598989352584, "p50": 0.6049528995063156, "p90": 1.0172439505811781, "p95": 1.1849992835777812, "p99": 1.576746080813461, "max": 4.5635857849847525}, "TPOT": {"unit": "ms", "min": 6.054923255843195, "p50": 14.781784929625278, "p90": 22.14022918111073, "p95": 24.415257040074266, "p99": 30.410920285715026, "max": 35.826393587771676}, "Input Tokens per Minute": {"unit": "tokens/min", "min": 1242399.5077094012, "p50": 1242399.5077094012, "p90": 1242399.5077094012, "p95": 1242399.5077094012, "p99": 1242399.5077094012, "max": 1242399.5077094012}, "Output Tokens per Minute": {"unit": "tokens/min", "min": 51823.997318751455, "p50": 51823.997318751455, "p90": 51823.997318751455, "p95": 51823.997318751455, "p99": 51823.997318751455, "max": 51823.997318751455}}
{"actual_qps": 5.51447077546469, "success_rate": 100.0, "input_tokens": 3888, "output_tokens": 178, "model": "meta-llama/Llama-3.1-8B-Instruct", "input_tokens_per_minute": 1259225.5966067018, "output_tokens_per_minute": 57789.178552116486, "slo_seconds": 5.0, "slo_attainment": 92.96636085626912, "ttft_slo_ms": 1000, "ttft_slo_attainment": 83.18042813455658, "tpot_slo_ms": 50, "tpot_slo_attainment": 100.0, "Latency": {"unit": "s", "min": 0.5671858999412507, "p50": 3.820017835125327, "p90": 4.8514974456280475, "p95": 5.1901183005422356, "p99": 5.8335513753443955, "max": 5.919888411881402}, "Throughput": {"unit": "tokens/s", "min": 10.064731897354143, "p50": 47.95184150531734, "p90": 63.657106776721754, "p95": 65.68194822452412, "p99": 72.1175240533539, "max": 78.18887459852482}, "TTFT": {"unit": "s", "min": 0.13450540998019278, "p50": 0.6439290810376406, "p90": 1.1026526016183211, "p95": 1.3104835760314015, "p99": 1.6234488959144806, "max": 2.3587554870173335}, "TPOT": {"unit": "ms", "min": 10.609423045546341, "p50": 16.719026979990304, "p90": 21.30893685564811, "p95": 23.321006247181742, "p99": 33.41407904853874, "max": 43.54919427229712}, "Input Tokens per Minute": {"unit": "tokens/min", "min": 1259225.5966067018, "p50": 1259225.5966067018, "p90": 1259225.5966067018, "p95": 1259225.5966067018, "p99": 1259225.5966067018, "max": 1259225.5966067018}, "Output Tokens per Minute": {"unit": "tokens/min", "min": 57789.178552116486, "p50": 57789.178552116486, "p90": 57789.178552116486, "p95": 57789.178552116486, "p99": 57789.178552116486, "max": 57789.178552116486}}
{"actual_qps": 5.526032759932421, "success_rate": 100.0, "input_tokens": 4055, "output_tokens": 178, "model": "meta-llama/Llama-3.1-8B-Instruct", "input_tokens_per_minute": 1309254.2961870583, "output_tokens_per_minute": 57647.57481433906, "slo_seconds": 5.0, "slo_attainment": 84.66257668711657, "ttft_slo_ms": 1000, "ttft_slo_attainment": 83.74233128834356, "tpot_slo_ms": 50, "tpot_slo_attainment": 99.69325153374233, "Latency": {"unit": "s", "min": 0.5411052589770406, "p50": 4.03027241199743, "p90": 5.226065963855945, "p95": 5.777593981358223, "p99": 6.380820196238346, "max": 7.026996758999303}, "Throughput": {"unit": "tokens/s", "min": 7.433164819470321, "p50": 46.358299905993135, "p90": 58.82221264303015, "p95": 61.87660160550168, "p99": 70.52347293357155, "max": 73.99084599351981}, "TTFT": {"unit": "s", "min": 0.1427589470986277, "p50": 0.6605895054526627, "p90": 1.1296168754342943, "p95": 1.6675737954792567, "p99": 1.989140963065438, "max": 2.0768646551296115}, "TPOT": {"unit": "ms", "min": 11.24439699968426, "p50": 17.397921301463153, "p90": 22.304138567663692, "p95": 25.173770024817923, "p99": 36.968889645921344, "max": 79.46219358264524}, "Input Tokens per Minute": {"unit": "tokens/min", "min": 1309254.2961870583, "p50": 1309254.2961870583, "p90": 1309254.2961870583, "p95": 1309254.2961870583, "p99": 1309254.2961870583, "max": 1309254.2961870583}, "Output Tokens per Minute": {"unit": "tokens/min", "min": 57647.57481433906, "p50": 57647.57481433906, "p90": 57647.57481433906, "p95": 57647.57481433906, "p99": 57647.57481433906, "max": 57647.57481433906}}
{"actual_qps": 5.608034903332046, "success_rate": 100.0, "input_tokens": 4013, "output_tokens": 177, "model": "meta-llama/Llama-3.1-8B-Instruct", "input_tokens_per_minute": 1409789.9153760101, "output_tokens_per_minute": 62397.2000783933, "slo_seconds": 5.0, "slo_attainment": 90.73033707865169, "ttft_slo_ms": 1000, "ttft_slo_attainment": 84.8314606741573, "tpot_slo_ms": 50, "tpot_slo_attainment": 100.0, "Latency": {"unit": "s", "min": 0.5587354868184775, "p50": 3.9520028369734064, "p90": 4.937416363507509, "p95": 5.39158962352667, "p99": 5.609070570592303, "max": 5.849543947959319}, "Throughput": {"unit": "tokens/s", "min": 10.04515691096709, "p50": 47.865138304245505, "p90": 59.588877104431745, "p95": 63.50329690439014, "p99": 73.00234024816213, "max": 81.34027240064785}, "TTFT": {"unit": "s", "min": 0.07413955102674663, "p50": 0.6219804644351825, "p90": 1.1370734324445948, "p95": 1.3603934132261202, "p99": 1.9267879274440929, "max": 2.331415489083156}, "TPOT": {"unit": "ms", "min": 7.9257513451225625, "p50": 17.6940909645347, "p90": 22.080260874755005, "p95": 23.563719898036414, "p99": 29.728173174696444, "max": 44.90919188699789}, "Input Tokens per Minute": {"unit": "tokens/min", "min": 1409789.9153760101, "p50": 1409789.9153760101, "p90": 1409789.9153760101, "p95": 1409789.9153760101, "p99": 1409789.9153760101, "max": 1409789.9153760101}, "Output Tokens per Minute": {"unit": "tokens/min", "min": 62397.2000783933, "p50": 62397.2000783933, "p90": 62397.2000783933, "p95": 62397.2000783933, "p99": 62397.2000783933, "max": 62397.2000783933}}
{"actual_qps": 5.899932447159353, "success_rate": 100.0, "input_tokens": 4107, "output_tokens": 172, "model": "meta-llama/Llama-3.1-8B-Instruct", "input_tokens_per_minute": 1386043.7523351857, "output_tokens_per_minute": 58209.42879456787, "slo_seconds": 5.0, "slo_attainment": 93.27485380116958, "ttft_slo_ms": 1000, "ttft_slo_attainment": 98.83040935672514, "tpot_slo_ms": 50, "tpot_slo_attainment": 100.0, "Latency": {"unit": "s", "min": 0.5025490499101579, "p50": 3.8239449774846435, "p90": 4.803454141505063, "p95": 5.178664853435476, "p99": 5.774068038733676, "max": 5.971890546847135}, "Throughput": {"unit": "tokens/s", "min": 15.065798610296161, "p50": 48.88454743095433, "p90": 63.21938139095888, "p95": 67.97221332951828, "p99": 72.29373146584092, "max": 79.47248049839395}, "TTFT": {"unit": "s", "min": 0.07307138084433973, "p50": 0.29109181580133736, "p90": 0.6205505777616059, "p95": 0.7256187724531626, "p99": 0.9746069390838947, "max": 1.1688178819604218}, "TPOT": {"unit": "ms", "min": 0.7355051037545005, "p50": 18.796720386988216, "p90": 24.15998628589214, "p95": 27.216907232548177, "p99": 32.787934304339146, "max": 38.314758882145675}, "Input Tokens per Minute": {"unit": "tokens/min", "min": 1386043.7523351857, "p50": 1386043.7523351857, "p90": 1386043.7523351857, "p95": 1386043.7523351857, "p99": 1386043.7523351857, "max": 1386043.7523351857}, "Output Tokens per Minute": {"unit": "tokens/min", "min": 58209.42879456787, "p50": 58209.42879456787, "p90": 58209.42879456787, "p95": 58209.42879456787, "p99": 58209.42879456787, "max": 58209.42879456787}}
{"actual_qps": 5.7377733410546625, "success_rate": 100.0, "input_tokens": 3981, "output_tokens": 177,