{"actual_qps": 6.393881082629525, "success_rate": 100.0, "input_tokens": 3965, "output_tokens": 176, "model": "meta-llama/Llama-3.1-8B-Instruct", "input_tokens_per_minute": 1411126.5810381582, "output_tokens_per_minute": 62838.46850044738, "slo_seconds": 5.0, "slo_attainment": 83.28690807799443, "ttft_slo_ms": 1000, "ttft_slo_attainment": 70.47353760445682, "tpot_slo_ms": 50, "tpot_slo_attainment": 99.72144846796658, "Latency": {"unit": "s", "min": 0.636377768125385, "p50": 4.1479087949264795, "p90": 5.300360116083175, "p95": 5.393222180008888, "p99": 5.925371375405234, "max": 8.393774816999212}, "Throughput": {"unit": "tokens/s", "min": 5.402793972083772, "p50": 45.066831488387415, "p90": 58.34193560531112, "p95": 62.42025059520169, "p99": 69.43040084136165, "max": 75.38000212791907}, "TTFT": {"unit": "s", "min": 0.19270615791901946, "p50": 0.7383541951421648, "p90": 1.6325215574819594, "p95": 1.9002982705831524, "p99": 2.243273399518803, "max": 4.9260079190135}, "TPOT": {"unit": "ms", "min": 9.800059697473769, "p50": 17.08754137192056, "p90": 22.42371364421768, "p95": 23.946777294261093, "p99": 30.37026228359903, "max": 93.0268919944544}, "Input Tokens per Minute": {"unit": "tokens/min", "min": 1411126.5810381582, "p50": 1411126.5810381582, "p90": 1411126.5810381582, "p95": 1411126.5810381582, "p99": 1411126.5810381582, "max": 1411126.5810381582}, "Output Tokens per Minute": {"unit": "tokens/min", "min": 62838.46850044738, "p50": 62838.46850044738, "p90": 62838.46850044738, "p95": 62838.46850044738, "p99": 62838.46850044738, "max": 62838.46850044738}}
{"actual_qps": 5.342468237881141, "success_rate": 100.0, "input_tokens": 3934, "output_tokens": 172, "model": "meta-llama/Llama-3.1-8B-Instruct", "input_tokens_per_minute": 1255996.156482676, "output_tokens_per_minute": 55036.9422802467, "slo_seconds": 5.0, "slo_attainment": 94.72049689440993, "ttft_slo_ms": 1000, "ttft_slo_attainment": 92.2360248447205, "tpot_slo_ms": 50, "tpot_slo_attainment": 100.0, "Latency": {"unit": "s", "min": 0.7260740729980171, "p50": 3.6618144400417805, "p90": 4.678627251647413, "p95": 5.018639503605663, "p99": 5.47037616115762, "max": 6.036762186093256}, "Throughput": {"unit": "tokens/s", "min": 16.364736145320755, "p50": 50.041361729737645, "p90": 63.32730534070301, "p95": 66.12670086690468, "p99": 72.93007281512037, "max": 78.06868100720786}, "TTFT": {"unit": "s", "min": 0.1444209001492709, "p50": 0.5595628139562905, "p90": 0.9377569285919891, "p95": 1.058360948471818, "p99": 1.3472342687426149, "max": 1.6220159628428519}, "TPOT": {"unit": "ms", "min": 9.442670251398036, "p50": 16.531183168493286, "p90": 20.90233831968271, "p95": 22.165190283068682, "p99": 24.931891867839216, "max": 30.319423346287188}, "Input Tokens per Minute": {"unit": "tokens/min", "min": 1255996.156482676, "p50": 1255996.156482676, "p90": 1255996.156482676, "p95": 1255996.156482676, "p99": 1255996.156482676, "max": 1255996.156482676}, "Output Tokens per Minute": {"unit": "tokens/min", "min": 55036.9422802467, "p50": 55036.9422802467, "p90": 55036.9422802467, "p95": 55036.9422802467, "p99": 55036.9422802467, "max": 55036.9422802467}}
{"actual_qps": 5.399687099243952, "success_rate": 100.0, "input_tokens": 3942, "output_tokens": 176, "model": "meta-llama/Llama-3.1-8B-Instruct", "input_tokens_per_minute": 1292715.618665399, "output_tokens_per_minute": 57978.853010733044, "slo_seconds": 5.0, "slo_attainment": 88.58858858858859, "ttft_slo_ms": 1000, "ttft_slo_attainment": 95.1951951951952, "tpot_slo_ms": 50, "tpot_slo_attainment": 100.0, "Latency": {"unit": "s", "min": 0.6330836550332606, "p50": 3.9479400210548192, "p90": 5.073469269601628, "p95": 5.368619022285565, "p99": 5.928008077833804, "max": 6.7282171591650695}, "Throughput": {"unit": "tokens/s", "min": 11.786079211603592, "p50": 47.52292664845856, "p90": 60.03899779811108, "p95": 63.55983181311181, "p99": 75.6391604336315, "max": 81.87680400778977}, "TTFT": {"unit": "s", "min": 0.13777999905869365, "p50": 0.5781472658272833, "p90": 0.866627243347466, "p95": 0.9862521865870802, "p99": 1.2745531849935652, "max": 1.293008967069909}, "TPOT": {"unit": "ms", "min": 9.651830633722094, "p50": 17.54379076368395, "p90": 22.739160956637047, "p95": 24.581314457917408, "p99": 29.53509186502155, "max": 35.20177568309009}, "Input Tokens per Minute": {"unit": "tokens/min", "min": 1292715.618665399, "p50": 1292715.618665399, "p90": 1292715.618665399, "p95": 1292715.618665399, "p99": 1292715.618665399, "max": 1292715.618665399}, "Output Tokens per Minute": {"unit": "tokens/min", "min": 57978.853010733044, "p50": 57978.853010733044, "p90": 57978.853010733044, "p95": 57978.853010733044, "p99": 57978.853010733044, "max": 57978.853010733044}}
{"actual_qps": 5.70863681744926, "success_rate": 100.0, "input_tokens": 4100, "output_tokens": 172, "model": "meta-llama/Llama-3.1-8B-Instruct", "input_tokens_per_minute": 1424841.3009648852, "output_tokens_per_minute": 59838.324819594, "slo_seconds": 5.0, "slo_attainment": 89.80169971671388, "ttft_slo_ms": 1000, "ttft_slo_attainment": 94.05099150141642, "tpot_slo_ms": 50, "tpot_slo_attainment": 100.0, "Latency": {"unit": "s", "min": 0.5033058028202504, "p50": 3.9189259191043675, "p90": 4.997822893178091, "p95": 5.402560713095591, "p99": 5.875607018489392, "max": 6.438439536141232}, "Throughput": {"unit": "tokens/s", "min": 12.86622279445623, "p50": 46.58678628257196, "p90": 61.39777665999302, "p95": 66.4980938418872, "p99": 75.66332206641914, "max": 84.74602280408925}, "TTFT": {"unit": "s", "min": 0.1160679841414094, "p50": 0.4892823970876634, "p90": 0.9169606243260204, "p95": 1.00641348650679, "p99": 1.4115219616610577, "max": 1.6959600008558482}, "TPOT": {"unit": "ms", "min": 9.68869770100961, "p50": 17.749936432207946, "p90": 22.960733405285946, "p95": 25.47535257454008, "p99": 30.159915674283173, "max": 42.86511508626458}, "Input Tokens per Minute": {"unit": "tokens/min", "min": 1424841.3009648852, "p50": 1424841.3009648852, "p90": 1424841.3009648852, "p95": 1424841.3009648852, "p99": 1424841.3009648852, "max": 1424841.3009648852}, "Output Tokens per Minute": {"unit": "tokens/min", "min": 59838.324819594, "p50": 59838.324819594, "p90": 59838.324819594, "p95": 59838.324819594, "p99": 59838.324819594, "max": 59838.324819594}}
{"actual_qps": 5.4666575215811575, "success_rate": 100.0, "input_tokens": 3949, "output_tokens": 176, "model": "meta-llama/Llama-3.1-8B-Instruct", "input_tokens_per_minute": 1302400.88370787, "output_tokens_per_minute": 58324.5518152428, "slo_seconds": 5.0, "slo_attainment": 94.02985074626866, "ttft_slo_ms": 1000, "ttft_slo_attainment": 98.80597014925372, "tpot_slo_ms": 50, "tpot_slo_attainment": 100.0, "Latency": {"unit": "s", "min": 0.45630901912227273, "p50": 3.700295927003026, "p90": 4.733481300994754, "p95": 5.064518400956878, "p99": 5.782222559144721, "max": 5.953173498855904}, "Throughput": {"unit": "tokens/s", "min": 20.31267171249685, "p50": 51.37153274692726, "p90": 67.11489867578244, "p95": 70.15912953108254, "p99": 78.18938310602755, "max": 90.64861356620155}, "TTFT": {"unit": "s", "min": 0.07636905601248145, "p50": 0.4378012439701706, "p90": 0.6639678257051855, "p95": 0.7577247177250683, "p99": 1.0446046315366422, "max": 1.2898099939338863}, "TPOT": {"unit": "ms", "min": 9.425197068291405, "p50": 16.931158040027746, "p90": 22.057923314456442, "p95": 23.613682966421937, "p99": 26.75010998172824, "max": 31.476857970119454}, "Input Tokens per Minute": {"unit": "tokens/min", "min": 1302400.88370787, "p50": 1302400.88370787, "p90": 1302400.88370787, "p95": 1302400.88370787, "p99": 1302400.88370787, "max": 1302400.88370787}, "Output Tokens per Minute": {"unit": "tokens/min", "min": 58324.5518152428, "p50": 58324.5518152428, "p90": 58324.5518152428, "p95": 58324.5518152428, "p99": 58324.5518152428, "max": 58324.5518152428}}
{"actual_qps": 5.166542129758941, "success_rate": 100.0, "input_tokens": 4133, "output_tokens": 176, "model": "meta-llama/Llama-3.1-8B-Instruct",