{"actual_qps": 6.398585758443852, "success_rate": 100.0, "input_tokens": 3960, "output_tokens": 174, "model": "meta-llama/Llama-3.1-8B-Instruct", "input_tokens_per_minute": 1398739.7750550238, "output_tokens_per_minute": 61770.657274577265, "slo_seconds": 5.0, "slo_attainment": 80.6179775280899, "ttft_slo_ms": 1000, "ttft_slo_attainment": 39.60674157303371, "tpot_slo_ms": 50, "tpot_slo_attainment": 100.0, "Latency": {"unit": "s", "min": 0.9531534109264612, "p50": 3.9334436744684353, "p90": 5.532449017046019, "p95": 5.81715112994425, "p99": 6.70503654385684, "max": 9.144268247066066}, "Throughput": {"unit": "tokens/s", "min": 5.317318237341043, "p50": 45.916570412735894, "p90": 60.93345238098126, "p95": 64.31017183598723, "p99": 71.26425170887357, "max": 88.40458788539617}, "TTFT": {"unit": "s", "min": 0.14938731584697962, "p50": 1.1545706754550338, "p90": 2.669589228462428, "p95": 3.002364252519328, "p99": 3.675882927072234, "max": 6.617330335080624}, "TPOT": {"unit": "ms", "min": 6.206227537768427, "p50": 14.377960817056858, "p90": 19.44064811070644, "p95": 22.27338887932453, "p99": 30.798067920428448, "max": 49.750996589222375}, "Input Tokens per Minute": {"unit": "tokens/min", "min": 1398739.7750550238, "p50": 1398739.7750550238, "p90": 1398739.7750550238, "p95": 1398739.7750550238, "p99": 1398739.7750550238, "max": 1398739.7750550238}, "Output Tokens per Minute": {"unit": "tokens/min", "min": 61770.657274577265, "p50": 61770.657274577265, "p90": 61770.657274577265, "p95": 61770.657274577265, "p99": 61770.657274577265, "max": 61770.657274577265}}
{"actual_qps": 5.31225845206192, "success_rate": 100.0, "input_tokens": 3958, "output_tokens": 176, "model": "meta-llama/Llama-3.1-8B-Instruct", "input_tokens_per_minute": 1312420.995625723, "output_tokens_per_minute": 58403.36292259483, "slo_seconds": 5.0, "slo_attainment": 94.65875370919882, "ttft_slo_ms": 1000, "ttft_slo_attainment": 63.50148367952523, "tpot_slo_ms": 50, "tpot_slo_attainment": 100.0, "Latency": {"unit": "s", "min": 0.8300436700228602, "p50": 3.5942785360384732, "p90": 4.51227817395702, "p95": 5.022874674247578, "p99": 5.584472588254137, "max": 5.879623632878065}, "Throughput": {"unit": "tokens/s", "min": 10.76217849223648, "p50": 51.874552928043094, "p90": 62.48195938290786, "p95": 64.66193023338752, "p99": 68.08715347681306, "max": 82.87606566889535}, "TTFT": {"unit": "s", "min": 0.17708585900254548, "p50": 0.8272852480877191, "p90": 1.4812445994932206, "p95": 1.7741466354578732, "p99": 2.2810651430953284, "max": 2.4771661879494786}, "TPOT": {"unit": "ms", "min": 6.015330874784427, "p50": 14.35687835679282, "p90": 17.627306050859655, "p95": 18.68410146884133, "p99": 22.906407847507463, "max": 23.69521486567941}, "Input Tokens per Minute": {"unit": "tokens/min", "min": 1312420.995625723, "p50": 1312420.995625723, "p90": 1312420.995625723, "p95": 1312420.995625723, "p99": 1312420.995625723, "max": 1312420.995625723}, "Output Tokens per Minute": {"unit": "tokens/min", "min": 58403.36292259483, "p50": 58403.36292259483, "p90": 58403.36292259483, "p95": 58403.36292259483, "p99": 58403.36292259483, "max": 58403.36292259483}}
{"actual_qps": 5.433214685863936, "success_rate": 100.0, "input_tokens": 3926, "output_tokens": 176, "model": "meta-llama/Llama-3.1-8B-Instruct", "input_tokens_per_minute": 1243868.2678049942, "output_tokens_per_minute": 55873.15389690904, "slo_seconds": 5.0, "slo_attainment": 95.65217391304348, "ttft_slo_ms": 1000, "ttft_slo_attainment": 71.73913043478261, "tpot_slo_ms": 50, "tpot_slo_attainment": 100.0, "Latency": {"unit": "s", "min": 0.533811530796811, "p50": 3.477723940392025, "p90": 4.552276163478382, "p95": 4.95096067021368, "p99": 5.915865148291927, "max": 6.134111616993323}, "Throughput": {"unit": "tokens/s", "min": 9.319269752971469, "p50": 53.44008392373107, "p90": 63.04564629353395, "p95": 66.00738132476822, "p99": 70.88996904810959, "max": 76.39265370372966}, "TTFT": {"unit": "s", "min": 0.16681040916591883, "p50": 0.7113215804565698, "p90": 1.3786934454459698, "p95": 1.6503668831195675, "p99": 2.0957792032090956, "max": 2.5873783479910344}, "TPOT": {"unit": "ms", "min": 6.380207646130161, "p50": 14.569164210481185, "p90": 17.61088004613442, "p95": 20.117328737602026, "p99": 24.102155696887788, "max": 34.93632239744414}, "Input Tokens per Minute": {"unit": "tokens/min", "min": 1243868.2678049942, "p50": 1243868.2678049942, "p90": 1243868.2678049942, "p95": 1243868.2678049942, "p99": 1243868.2678049942, "max": 1243868.2678049942}, "Output Tokens per Minute": {"unit": "tokens/min", "min": 55873.15389690904, "p50": 55873.15389690904, "p90": 55873.15389690904, "p95": 55873.15389690904, "p99": 55873.15389690904, "max": 55873.15389690904}}
{"actual_qps": 5.709902643664872, "success_rate": 100.0, "input_tokens": 4140, "output_tokens": 176, "model": "meta-llama/Llama-3.1-8B-Instruct", "input_tokens_per_minute": 1409219.198386378, "output_tokens_per_minute": 60143.619441427705, "slo_seconds": 5.0, "slo_attainment": 87.86127167630057, "ttft_slo_ms": 1000, "ttft_slo_attainment": 70.8092485549133, "tpot_slo_ms": 50, "tpot_slo_attainment": 99.71098265895954, "Latency": {"unit": "s", "min": 0.5955865860451013, "p50": 3.747406564070843, "p90": 5.323160083964467, "p95": 5.920496666803956, "p99": 6.648307644936723, "max": 7.821328880963847}, "Throughput": {"unit": "tokens/s", "min": 9.374569088696852, "p50": 49.40272359403139, "p90": 63.096011563964396, "p95": 67.66375792494199, "p99": 73.15798993720004, "max": 80.96541015000703}, "TTFT": {"unit": "s", "min": 0.1129380650818348, "p50": 0.7262946629198268, "p90": 1.5105515010654926, "p95": 1.6843871339806356, "p99": 2.2407218260574164, "max": 2.756632713833824}, "TPOT": {"unit": "ms", "min": 10.214275036317607, "p50": 15.481179112676138, "p90": 22.94654437161769, "p95": 25.86117862619562, "p99": 39.21003504210034, "max": 50.04806812697401}, "Input Tokens per Minute": {"unit": "tokens/min", "min": 1409219.198386378, "p50": 1409219.198386378, "p90": 1409219.198386378, "p95": 1409219.198386378, "p99": 1409219.198386378, "max": 1409219.198386378}, "Output Tokens per Minute": {"unit": "tokens/min", "min": 60143.619441427705, "p50": 60143.619441427705, "p90": 60143.619441427705, "p95": 60143.619441427705, "p99": 60143.619441427705, "max": 60143.619441427705}}
{"actual_qps": 5.466642975790857, "success_rate": 100.0, "input_tokens": 3921, "output_tokens": 174, "model": "meta-llama/Llama-3.1-8B-Instruct", "input_tokens_per_minute": 1277061.0293662944, "output_tokens_per_minute": 56899.20677940915, "slo_seconds": 5.0, "slo_attainment": 63.74622356495468, "ttft_slo_ms": 1000, "ttft_slo_attainment": 55.2870090634441, "tpot_slo_ms": 50, "tpot_slo_attainment": 98.79154078549848, "Latency": {"unit": "s", "min": 0.60224385606125, "p50": 4.415028644027188, "p90": 7.580220672069117, "p95": 9.196003716089763, "p99": 12.412057950464074, "max": 14.30624897312373}, "Throughput": {"unit": "tokens/s", "min": 2.654793848915169, "p50": 40.54928509101104, "p90": 58.696807182691614, "p95": 64.17864146247301, "p99": 78.89998853223804, "max": 90.93755639223464}, "TTFT": {"unit": "s", "min": 0.10415103496052325, "p50": 0.9466534338425845, "p90": 3.315481411991641, "p95": 4.525882582529448, "p99": 6.95768615968991, "max": 8.912664741976187}, "TPOT": {"unit": "ms", "min": 3.6161203758530718, "p50": 18.564382487271523, "p90": 30.257249068069672, "p95": 32.26164786620869, "p99": 50.29947660469114, "max": 67.42749298086429}, "Input Tokens per Minute": {"unit": "tokens/min", "min": 1277061.0293662944, "p50": 1277061.0293662944, "p90": 1277061.0293662944, "p95": 1277061.0293662944, "p99": 1277061.0293662944, "max": 1277061.0293662944}, "Output Tokens per Minute": {"unit": "tokens/min", "min": 56899.20677940915, "p50": 56899.20677940915, "p90": 56899.20677940915, "p95": 56899.20677940915, "p99": 56899.20677940915, "max": 56899.20677940915}}
{"actual_qps": 5.147474647174526, "success_rate": 100.0, "input_tokens": 4080, "output_tokens": 169,