{"actual_qps": 5.5803271563902035, "success_rate": 100.0, "input_tokens": 4278, "output_tokens": 178, "model": "meta-llama/Llama-3.1-8B-Instruct", "input_tokens_per_minute": 1301279.46137049, "output_tokens_per_minute": 54292.29067232561, "slo_seconds": 5.0, "slo_attainment": 97.71986970684038, "ttft_slo_ms": 1000, "ttft_slo_attainment": 81.10749185667753, "tpot_slo_ms": 50, "tpot_slo_attainment": 100.0, "Latency": {"unit": "s", "min": 0.3509692510124296, "p50": 3.022886940976605, "p90": 4.295882066478953, "p95": 4.75343230466824, "p99": 5.064595961840824, "max": 5.935329611878842}, "Throughput": {"unit": "tokens/s", "min": 12.225302400599363, "p50": 61.497438303341355, "p90": 81.31025905993855, "p95": 89.54121138491918, "p99": 105.99047353521095, "max": 123.12594325439318}, "TTFT": {"unit": "s", "min": 0.10409961617551744, "p50": 0.6625430809799582, "p90": 1.228157556522638, "p95": 1.5773667167406507, "p99": 2.3870287064369764, "max": 3.3800701699219644}, "TPOT": {"unit": "ms", "min": 4.581056457633774, "p50": 12.614367050048545, "p90": 17.327375624834296, "p95": 19.46345876513901, "p99": 22.50215415788047, "max": 25.616665748673395}, "Input Tokens per Minute": {"unit": "tokens/min", "min": 1301279.46137049, "p50": 1301279.46137049, "p90": 1301279.46137049, "p95": 1301279.46137049, "p99": 1301279.46137049, "max": 1301279.46137049}, "Output Tokens per Minute": {"unit": "tokens/min", "min": 54292.29067232561, "p50": 54292.29067232561, "p90": 54292.29067232561, "p95": 54292.29067232561, "p99": 54292.29067232561, "max": 54292.29067232561}}
{"actual_qps": 4.589887029782673, "success_rate": 100.0, "input_tokens": 4268, "output_tokens": 181, "model": "meta-llama/Llama-3.1-8B-Instruct", "input_tokens_per_minute": 1251019.936686639, "output_tokens_per_minute": 53216.789468668096, "slo_seconds": 5.0, "slo_attainment": 91.61073825503355, "ttft_slo_ms": 1000, "ttft_slo_attainment": 66.77852348993288, "tpot_slo_ms": 50, "tpot_slo_attainment": 100.0, "Latency": {"unit": "s", "min": 0.8167502488940954, "p50": 3.559231664519757, "p90": 4.959718685853295, "p95": 5.337658659450244, "p99": 5.804436047978234, "max": 5.889648500131443}, "Throughput": {"unit": "tokens/s", "min": 6.5068259335665735, "p50": 51.89726738223554, "p90": 64.18499082411363, "p95": 67.91741493904418, "p99": 75.8093757260159, "max": 82.39971377693745}, "TTFT": {"unit": "s", "min": 0.08304863818921149, "p50": 0.8034332349197939, "p90": 1.467343148426153, "p95": 1.7382372637046493, "p99": 2.4053001616685643, "max": 2.7019135490991175}, "TPOT": {"unit": "ms", "min": 9.502340535012385, "p50": 14.545147448107448, "p90": 19.02805011176584, "p95": 21.66386712428336, "p99": 26.260301534478224, "max": 44.14772300515324}, "Input Tokens per Minute": {"unit": "tokens/min", "min": 1251019.936686639, "p50": 1251019.936686639, "p90": 1251019.936686639, "p95": 1251019.936686639, "p99": 1251019.936686639, "max": 1251019.936686639}, "Output Tokens per Minute": {"unit": "tokens/min", "min": 53216.789468668096, "p50": 53216.789468668096, "p90": 53216.789468668096, "p95": 53216.789468668096, "p99": 53216.789468668096, "max": 53216.789468668096}}
{"actual_qps": 4.7240362581724105, "success_rate": 100.0, "input_tokens": 4264, "output_tokens": 178, "model": "meta-llama/Llama-3.1-8B-Instruct", "input_tokens_per_minute": 1199590.2525179242, "output_tokens_per_minute": 50260.24652334094, "slo_seconds": 5.0, "slo_attainment": 96.85314685314685, "ttft_slo_ms": 1000, "ttft_slo_attainment": 83.56643356643356, "tpot_slo_ms": 50, "tpot_slo_attainment": 100.0, "Latency": {"unit": "s", "min": 0.6425360331777483, "p50": 3.362541530514136, "p90": 4.196230381028727, "p95": 4.506310167897027, "p99": 5.623334903712384, "max": 6.434963527135551}, "Throughput": {"unit": "tokens/s", "min": 12.8377717149852, "p50": 55.67324767986876, "p90": 67.45084148593965, "p95": 70.64608134741587, "p99": 75.74148226271684, "max": 82.53302189581608}, "TTFT": {"unit": "s", "min": 0.13081619585864246, "p50": 0.6186733419308439, "p90": 1.1867541988613084, "p95": 1.4093108950182796, "p99": 2.009452132286968, "max": 2.361612572101876}, "TPOT": {"unit": "ms", "min": 9.226769847953891, "p50": 14.305127346443584, "p90": 17.012844438364382, "p95": 18.441970483809428, "p99": 21.922161618826028, "max": 24.559848416531132}, "Input Tokens per Minute": {"unit": "tokens/min", "min": 1199590.2525179242, "p50": 1199590.2525179242, "p90": 1199590.2525179242, "p95": 1199590.2525179242, "p99": 1199590.2525179242, "max": 1199590.2525179242}, "Output Tokens per Minute": {"unit": "tokens/min", "min": 50260.24652334094, "p50": 50260.24652334094, "p90": 50260.24652334094, "p95": 50260.24652334094, "p99": 50260.24652334094, "max": 50260.24652334094}}
{"actual_qps": 4.804101789539988, "success_rate": 100.0, "input_tokens": 4294, "output_tokens": 183, "model": "meta-llama/Llama-3.1-8B-Instruct", "input_tokens_per_minute": 1263071.3407814805, "output_tokens_per_minute": 53896.42059814949, "slo_seconds": 5.0, "slo_attainment": 98.99665551839465, "ttft_slo_ms": 1000, "ttft_slo_attainment": 93.64548494983278, "tpot_slo_ms": 50, "tpot_slo_attainment": 100.0, "Latency": {"unit": "s", "min": 0.520372724859044, "p50": 3.2075207540765405, "p90": 3.9608939142432065, "p95": 4.214903677022084, "p99": 4.760147555167781, "max": 5.483301228145137}, "Throughput": {"unit": "tokens/s", "min": 8.628627926158334, "p50": 59.26740244208502, "p90": 69.56896327523496, "p95": 72.27161855771625, "p99": 77.72344201546517, "max": 78.20085774157835}, "TTFT": {"unit": "s", "min": 0.06913223396986723, "p50": 0.44000547798350453, "p90": 0.9041257511358707, "p95": 1.0836494639748702, "p99": 1.6679565506661302, "max": 1.9040784700773656}, "TPOT": {"unit": "ms", "min": 10.705916827325435, "p50": 14.192680306451855, "p90": 16.954204521081106, "p95": 18.171575349222064, "p99": 20.1224641721275, "max": 21.93265458857962}, "Input Tokens per Minute": {"unit": "tokens/min", "min": 1263071.3407814805, "p50": 1263071.3407814805, "p90": 1263071.3407814805, "p95": 1263071.3407814805, "p99": 1263071.3407814805, "max": 1263071.3407814805}, "Output Tokens per Minute": {"unit": "tokens/min", "min": 53896.42059814949, "p50": 53896.42059814949, "p90": 53896.42059814949, "p95": 53896.42059814949, "p99": 53896.42059814949, "max": 53896.42059814949}}
{"actual_qps": 5.483121734267067, "success_rate": 100.0, "input_tokens": 4106, "output_tokens": 182, "model": "meta-llama/Llama-3.1-8B-Instruct", "input_tokens_per_minute": 1272349.141714039, "output_tokens_per_minute": 56578.55386891035, "slo_seconds": 5.0, "slo_attainment": 95.23809523809523, "ttft_slo_ms": 1000, "ttft_slo_attainment": 94.6031746031746, "tpot_slo_ms": 50, "tpot_slo_attainment": 100.0, "Latency": {"unit": "s", "min": 0.7668487669434398, "p50": 3.3902204940095544, "p90": 4.407801543036475, "p95": 4.831432817340828, "p99": 6.82170157705434, "max": 7.60566078289412}, "Throughput": {"unit": "tokens/s", "min": 17.783591364358468, "p50": 56.581834912319295, "p90": 73.43790062160491, "p95": 79.71314340270733, "p99": 86.87345682907258, "max": 92.86386284584096}, "TTFT": {"unit": "s", "min": 0.04836876201443374, "p50": 0.4268411670345813, "p90": 0.826990852598101, "p95": 1.0344698785571385, "p99": 1.6974118727352492, "max": 3.62106391787529}, "TPOT": {"unit": "ms", "min": 6.149771747850749, "p50": 15.065348839349857, "p90": 20.708766148130795, "p95": 23.721269953753076, "p99": 30.781495298806526, "max": 37.458873764776136}, "Input Tokens per Minute": {"unit": "tokens/min", "min": 1272349.141714039, "p50": 1272349.141714039, "p90": 1272349.141714039, "p95": 1272349.141714039, "p99": 1272349.141714039, "max": 1272349.141714039}, "Output Tokens per Minute": {"unit": "tokens/min", "min": 56578.55386891035, "p50": 56578.55386891035, "p90": 56578.55386891035, "p95": 56578.55386891035, "p99": 56578.55386891035, "max": 56578.55386891035}}
{"actual_qps": 4.639512776394991, "success_rate": 100.0, "input_tokens": 4268, "output_tokens": 182, "model": "meta-llama/Llama-3.1-8B-Instruct",