{"actual_qps": 5.611284637935057, "success_rate": 100.0, "input_tokens": 4028, "output_tokens": 179, "model": "meta-llama/Llama-3.1-8B-Instruct", "input_tokens_per_minute": 1292229.3798436, "output_tokens_per_minute": 57577.7569013961, "slo_seconds": 5.0, "slo_attainment": 77.32919254658384, "ttft_slo_ms": 1000, "ttft_slo_attainment": 37.267080745341616, "tpot_slo_ms": 50, "tpot_slo_attainment": 99.68944099378882, "Latency": {"unit": "s", "min": 0.9781603321898729, "p50": 4.15996814914979, "p90": 5.538592847087421, "p95": 6.020930644939654, "p99": 6.495848374962807, "max": 8.614238339941949}, "Throughput": {"unit": "tokens/s", "min": 8.237318510210681, "p50": 43.25647888242845, "p90": 60.30656931036493, "p95": 62.834306605892586, "p99": 72.27662507692997, "max": 87.61504146535093}, "TTFT": {"unit": "s", "min": 0.11999915796332061, "p50": 1.2616738290525973, "p90": 2.317177368467674, "p95": 2.633586929354351, "p99": 3.2663625858631, "max": 5.055873645003885}, "TPOT": {"unit": "ms", "min": 8.635993037993709, "p50": 15.063172662583877, "p90": 19.215657079625114, "p95": 22.104978578775913, "p99": 26.925999935091628, "max": 54.34606864117086}, "Input Tokens per Minute": {"unit": "tokens/min", "min": 1292229.3798436, "p50": 1292229.3798436, "p90": 1292229.3798436, "p95": 1292229.3798436, "p99": 1292229.3798436, "max": 1292229.3798436}, "Output Tokens per Minute": {"unit": "tokens/min", "min": 57577.7569013961, "p50": 57577.7569013961, "p90": 57577.7569013961, "p95": 57577.7569013961, "p99": 57577.7569013961, "max": 57577.7569013961}}
{"actual_qps": 5.61311929445495, "success_rate": 100.0, "input_tokens": 3946, "output_tokens": 182, "model": "meta-llama/Llama-3.1-8B-Instruct", "input_tokens_per_minute": 1271161.3964280381, "output_tokens_per_minute": 58915.169196364885, "slo_seconds": 5.0, "slo_attainment": 96.03658536585365, "ttft_slo_ms": 1000, "ttft_slo_attainment": 58.84146341463414, "tpot_slo_ms": 50, "tpot_slo_attainment": 100.0, "Latency": {"unit": "s", "min": 0.6085592620074749, "p50": 3.6885930789867416, "p90": 4.579716354911216, "p95": 4.857257538463455, "p99": 5.290313692621422, "max": 6.503049805061892}, "Throughput": {"unit": "tokens/s", "min": 8.270217227516348, "p50": 51.337922124803015, "p90": 63.39667201767547, "p95": 65.60730618702712, "p99": 69.31434161198102, "max": 74.8494527769125}, "TTFT": {"unit": "s", "min": 0.15208248002454638, "p50": 0.9032389614731073, "p90": 1.5376366318669172, "p95": 1.7487313263234672, "p99": 2.4905552103626554, "max": 3.2806210790295154}, "TPOT": {"unit": "ms", "min": 10.087930235864693, "p50": 14.243632253732102, "p90": 17.23629581728283, "p95": 18.177068182577308, "p99": 21.196884776245636, "max": 22.87891378360135}, "Input Tokens per Minute": {"unit": "tokens/min", "min": 1271161.3964280381, "p50": 1271161.3964280381, "p90": 1271161.3964280381, "p95": 1271161.3964280381, "p99": 1271161.3964280381, "max": 1271161.3964280381}, "Output Tokens per Minute": {"unit": "tokens/min", "min": 58915.169196364885, "p50": 58915.169196364885, "p90": 58915.169196364885, "p95": 58915.169196364885, "p99": 58915.169196364885, "max": 58915.169196364885}}
{"actual_qps": 5.503055479897724, "success_rate": 100.0, "input_tokens": 4014, "output_tokens": 176, "model": "meta-llama/Llama-3.1-8B-Instruct", "input_tokens_per_minute": 1328266.9483311644, "output_tokens_per_minute": 58464.48317488007, "slo_seconds": 5.0, "slo_attainment": 95.84569732937686, "ttft_slo_ms": 1000, "ttft_slo_attainment": 70.62314540059347, "tpot_slo_ms": 50, "tpot_slo_attainment": 100.0, "Latency": {"unit": "s", "min": 0.5405719559639692, "p50": 3.623355134157464, "p90": 4.47476228484884, "p95": 4.889287703111767, "p99": 5.779760547336189, "max": 6.242604598170146}, "Throughput": {"unit": "tokens/s", "min": 8.823363045815492, "p50": 51.548065900198374, "p90": 62.04004800497577, "p95": 63.83607225852296, "p99": 68.52708784703704, "max": 76.82883353304636}, "TTFT": {"unit": "s", "min": 0.14298447291366756, "p50": 0.8205364199820906, "p90": 1.2951462174765767, "p95": 1.484677352849394, "p99": 1.90067562881857, "max": 2.3504403110127896}, "TPOT": {"unit": "ms", "min": 11.024704301289876, "p50": 15.00543535584069, "p90": 18.521740992726695, "p95": 20.402043016075186, "p99": 23.57479361976361, "max": 24.299848587402415}, "Input Tokens per Minute": {"unit": "tokens/min", "min": 1328266.9483311644, "p50": 1328266.9483311644, "p90": 1328266.9483311644, "p95": 1328266.9483311644, "p99": 1328266.9483311644, "max": 1328266.9483311644}, "Output Tokens per Minute": {"unit": "tokens/min", "min": 58464.48317488007, "p50": 58464.48317488007, "p90": 58464.48317488007, "p95": 58464.48317488007, "p99": 58464.48317488007, "max": 58464.48317488007}}
{"actual_qps": 5.248003164435351, "success_rate": 100.0, "input_tokens": 4167, "output_tokens": 172, "model": "meta-llama/Llama-3.1-8B-Instruct", "input_tokens_per_minute": 1333863.7028463352, "output_tokens_per_minute": 55077.9557498232, "slo_seconds": 5.0, "slo_attainment": 78.22085889570552, "ttft_slo_ms": 1000, "ttft_slo_attainment": 60.73619631901841, "tpot_slo_ms": 50, "tpot_slo_attainment": 100.0, "Latency": {"unit": "s", "min": 0.7625410000327975, "p50": 3.806197263998911, "p90": 5.595295053557493, "p95": 6.126221025711857, "p99": 6.858439844218083, "max": 7.5259642691817135}, "Throughput": {"unit": "tokens/s", "min": 6.91209471747009, "p50": 46.52302731655579, "p90": 62.913413445495586, "p95": 68.7620813378599, "p99": 75.49501235839904, "max": 87.57772171494189}, "TTFT": {"unit": "s", "min": 0.160962815862149, "p50": 0.8636497434927151, "p90": 1.8370480694575235, "p95": 2.1844950332306325, "p99": 2.66752251109574, "max": 2.8016757511068135}, "TPOT": {"unit": "ms", "min": 8.401800252613612, "p50": 15.719402324619042, "p90": 23.058849104062123, "p95": 24.89154423170503, "p99": 30.474700302447136, "max": 43.980254253256135}, "Input Tokens per Minute": {"unit": "tokens/min", "min": 1333863.7028463352, "p50": 1333863.7028463352, "p90": 1333863.7028463352, "p95": 1333863.7028463352, "p99": 1333863.7028463352, "max": 1333863.7028463352}, "Output Tokens per Minute": {"unit": "tokens/min", "min": 55077.9557498232, "p50": 55077.9557498232, "p90": 55077.9557498232, "p95": 55077.9557498232, "p99": 55077.9557498232, "max": 55077.9557498232}}
{"actual_qps": 5.491921161521602, "success_rate": 100.0, "input_tokens": 4201, "output_tokens": 176, "model": "meta-llama/Llama-3.1-8B-Instruct", "input_tokens_per_minute": 1254229.7411895108, "output_tokens_per_minute": 52696.880363982986, "slo_seconds": 5.0, "slo_attainment": 39.473684210526315, "ttft_slo_ms": 1000, "ttft_slo_attainment": 24.342105263157894, "tpot_slo_ms": 50, "tpot_slo_attainment": 98.02631578947368, "Latency": {"unit": "s", "min": 0.7348603629507124, "p50": 6.03349243151024, "p90": 11.283239689492616, "p95": 13.194300310744438, "p99": 16.834504280260298, "max": 17.186118869110942}, "Throughput": {"unit": "tokens/s", "min": 1.529697539876725, "p50": 29.217308837475176, "p90": 52.53492268151093, "p95": 57.71549954993807, "p99": 68.48550658456757, "max": 85.8555202141781}, "TTFT": {"unit": "s", "min": 0.258459938922897, "p50": 1.510217339033261, "p90": 4.781700502778403, "p95": 6.3833638561074615, "p99": 9.615471062301651, "max": 10.930652929935604}, "TPOT": {"unit": "ms", "min": 4.946669111294406, "p50": 23.77923772361448, "p90": 41.589152141024904, "p95": 44.88417621925425, "p99": 51.204386522294946, "max": 52.200908096870634}, "Input Tokens per Minute": {"unit": "tokens/min", "min": 1254229.7411895108, "p50": 1254229.7411895108, "p90": 1254229.7411895108, "p95": 1254229.7411895108, "p99": 1254229.7411895108, "max": 1254229.7411895108}, "Output Tokens per Minute": {"unit": "tokens/min", "min": 52696.880363982986, "p50": 52696.880363982986, "p90": 52696.880363982986, "p95": 52696.880363982986, "p99": 52696.880363982986, "max": 52696.880363982986}}
{"actual_qps": 5.316593671961759, "success_rate": 100.0, "input_tokens": 4061, "output_tokens": 172,