{"actual_qps": 5.790160384926633, "success_rate": 100.0, "input_tokens": 3874, "output_tokens": 170, "model": "meta-llama/Llama-3.1-8B-Instruct", "input_tokens_per_minute": 1196992.9476617873, "output_tokens_per_minute": 52547.679411522244, "slo_seconds": 5.0, "slo_attainment": 96.80511182108627, "ttft_slo_ms": 1000, "ttft_slo_attainment": 77.95527156549521, "tpot_slo_ms": 50, "tpot_slo_attainment": 100.0, "Latency": {"unit": "s", "min": 0.5871252890210599, "p50": 3.288210486061871, "p90": 4.403657986316831, "p95": 4.730309468181804, "p99": 5.613368079150095, "max": 5.981139843119308}, "Throughput": {"unit": "tokens/s", "min": 6.509428077935806, "p50": 54.51176150453753, "p90": 73.27464083930141, "p95": 80.0672651330026, "p99": 88.65965301574462, "max": 102.92939879493618}, "TTFT": {"unit": "s", "min": 0.05792328994721174, "p50": 0.6765401801094413, "p90": 1.4265744773671032, "p95": 1.637451197020709, "p99": 2.4729224297497416, "max": 2.664994196034968}, "TPOT": {"unit": "ms", "min": 5.965470311807552, "p50": 13.809845839691071, "p90": 17.633363060052087, "p95": 19.70059958859089, "p99": 24.476517037200285, "max": 35.25137512342018}, "Input Tokens per Minute": {"unit": "tokens/min", "min": 1196992.9476617873, "p50": 1196992.9476617873, "p90": 1196992.9476617873, "p95": 1196992.9476617873, "p99": 1196992.9476617873, "max": 1196992.9476617873}, "Output Tokens per Minute": {"unit": "tokens/min", "min": 52547.679411522244, "p50": 52547.679411522244, "p90": 52547.679411522244, "p95": 52547.679411522244, "p99": 52547.679411522244, "max": 52547.679411522244}}
{"actual_qps": 5.44922730565285, "success_rate": 100.0, "input_tokens": 4102, "output_tokens": 175, "model": "meta-llama/Llama-3.1-8B-Instruct", "input_tokens_per_minute": 1380543.6637550457, "output_tokens_per_minute": 59085.29686432122, "slo_seconds": 5.0, "slo_attainment": 88.56304985337243, "ttft_slo_ms": 1000, "ttft_slo_attainment": 53.0791788856305, "tpot_slo_ms": 50, "tpot_slo_attainment": 100.0, "Latency": {"unit": "s", "min": 0.754234460182488, "p50": 3.6375975399278104, "p90": 5.069729577982798, "p95": 5.601966597139835, "p99": 6.941582475509502, "max": 7.843841037014499}, "Throughput": {"unit": "tokens/s", "min": 6.5474031860501025, "p50": 48.907695203266265, "p90": 63.13749715832793, "p95": 66.10548936467123, "p99": 74.46433969936206, "max": 81.47014877349646}, "TTFT": {"unit": "s", "min": 0.16834901715628803, "p50": 0.9480130420997739, "p90": 1.974726933054626, "p95": 2.37131129601039, "p99": 3.6316379318945136, "max": 4.3289841171354055}, "TPOT": {"unit": "ms", "min": 5.101705408271621, "p50": 14.456701371350778, "p90": 18.594696215732988, "p95": 20.92033479919648, "p99": 27.039753772716725, "max": 36.73706590887849}, "Input Tokens per Minute": {"unit": "tokens/min", "min": 1380543.6637550457, "p50": 1380543.6637550457, "p90": 1380543.6637550457, "p95": 1380543.6637550457, "p99": 1380543.6637550457, "max": 1380543.6637550457}, "Output Tokens per Minute": {"unit": "tokens/min", "min": 59085.29686432122, "p50": 59085.29686432122, "p90": 59085.29686432122, "p95": 59085.29686432122, "p99": 59085.29686432122, "max": 59085.29686432122}}
{"actual_qps": 5.586342515251652, "success_rate": 100.0, "input_tokens": 4075, "output_tokens": 175, "model": "meta-llama/Llama-3.1-8B-Instruct", "input_tokens_per_minute": 1398131.7312561045, "output_tokens_per_minute": 60268.42052998407, "slo_seconds": 5.0, "slo_attainment": 89.65517241379311, "ttft_slo_ms": 1000, "ttft_slo_attainment": 53.44827586206896, "tpot_slo_ms": 50, "tpot_slo_attainment": 100.0, "Latency": {"unit": "s", "min": 0.749694162979722, "p50": 3.734196517500095, "p90": 5.020271907467395, "p95": 5.347544398508035, "p99": 6.326729987671129, "max": 6.793518131133169}, "Throughput": {"unit": "tokens/s", "min": 6.648874097202007, "p50": 49.40326406732113, "p90": 61.922140834542404, "p95": 64.94952568349588, "p99": 69.53998345988875, "max": 72.3493225503091}, "TTFT": {"unit": "s", "min": 0.2096338178962469, "p50": 0.9539214810356498, "p90": 1.720137294312008, "p95": 1.9550768432440235, "p99": 2.770623340185265, "max": 3.6309465849772096}, "TPOT": {"unit": "ms", "min": 0.6281536124232742, "p50": 14.79439167578554, "p90": 19.76582561409363, "p95": 21.651665256764282, "p99": 28.717528768431595, "max": 35.36386652986574}, "Input Tokens per Minute": {"unit": "tokens/min", "min": 1398131.7312561045, "p50": 1398131.7312561045, "p90": 1398131.7312561045, "p95": 1398131.7312561045, "p99": 1398131.7312561045, "max": 1398131.7312561045}, "Output Tokens per Minute": {"unit": "tokens/min", "min": 60268.42052998407, "p50": 60268.42052998407, "p90": 60268.42052998407, "p95": 60268.42052998407, "p99": 60268.42052998407, "max": 60268.42052998407}}
{"actual_qps": 5.674053608446365, "success_rate": 100.0, "input_tokens": 4125, "output_tokens": 176, "model": "meta-llama/Llama-3.1-8B-Instruct", "input_tokens_per_minute": 1392291.7309010897, "output_tokens_per_minute": 59646.43868393387, "slo_seconds": 5.0, "slo_attainment": 95.33527696793003, "ttft_slo_ms": 1000, "ttft_slo_attainment": 81.04956268221575, "tpot_slo_ms": 50, "tpot_slo_attainment": 100.0, "Latency": {"unit": "s", "min": 0.3388893080409616, "p50": 3.3942271179985255, "p90": 4.432934329099953, "p95": 4.805208035814576, "p99": 6.216231536525301, "max": 7.488036202033982}, "Throughput": {"unit": "tokens/s", "min": 7.680609742314443, "p50": 54.735393650235416, "p90": 69.01927824904554, "p95": 71.50874619872228, "p99": 77.92450788801631, "max": 86.16272351491843}, "TTFT": {"unit": "s", "min": 0.044589494122192264, "p50": 0.5617768608499318, "p90": 1.1911118567921222, "p95": 1.414780854946002, "p99": 2.0158687811810494, "max": 2.676067650085315}, "TPOT": {"unit": "ms", "min": 10.053880367633985, "p50": 14.819027664111786, "p90": 19.246327764424848, "p95": 21.36627172562176, "p99": 30.80849885994636, "max": 46.07141964161434}, "Input Tokens per Minute": {"unit": "tokens/min", "min": 1392291.7309010897, "p50": 1392291.7309010897, "p90": 1392291.7309010897, "p95": 1392291.7309010897, "p99": 1392291.7309010897, "max": 1392291.7309010897}, "Output Tokens per Minute": {"unit": "tokens/min", "min": 59646.43868393387, "p50": 59646.43868393387, "p90": 59646.43868393387, "p95": 59646.43868393387, "p99": 59646.43868393387, "max": 59646.43868393387}}
{"actual_qps": 6.233285161669554, "success_rate": 100.0, "input_tokens": 4017, "output_tokens": 170, "model": "meta-llama/Llama-3.1-8B-Instruct", "input_tokens_per_minute": 1355906.6161519443, "output_tokens_per_minute": 57675.60699993652, "slo_seconds": 5.0, "slo_attainment": 72.30320699708454, "ttft_slo_ms": 1000, "ttft_slo_attainment": 53.93586005830904, "tpot_slo_ms": 50, "tpot_slo_attainment": 99.12536443148689, "Latency": {"unit": "s", "min": 0.5275149720255286, "p50": 4.064341207034886, "p90": 6.625874608522282, "p95": 7.244474920071661, "p99": 8.256068198131397, "max": 9.461601393995807}, "Throughput": {"unit": "tokens/s", "min": 4.7292251941754975, "p50": 43.10379926676272, "p90": 60.47577922049073, "p95": 68.67048246872437, "p99": 78.07188431550101, "max": 99.15205406490976}, "TTFT": {"unit": "s", "min": 0.11515921610407531, "p50": 0.9046056559309363, "p90": 2.4605251234956085, "p95": 3.1556680219015094, "p99": 4.953731734938919, "max": 5.818196831038222}, "TPOT": {"unit": "ms", "min": 5.3626911249011755, "p50": 17.007072939392383, "p90": 25.946850526432073, "p95": 28.110223995514644, "p99": 43.03600301135214, "max": 52.72508308291435}, "Input Tokens per Minute": {"unit": "tokens/min", "min": 1355906.6161519443, "p50": 1355906.6161519443, "p90": 1355906.6161519443, "p95": 1355906.6161519443, "p99": 1355906.6161519443, "max": 1355906.6161519443}, "Output Tokens per Minute": {"unit": "tokens/min", "min": 57675.60699993652, "p50": 57675.60699993652, "p90": 57675.60699993652, "p95": 57675.60699993652, "p99": 57675.60699993652, "max": 57675.60699993652}}
{"actual_qps": 5.672161984293518, "success_rate": 100.0, "input_tokens": 3906, "output_tokens": 176,