{"actual_qps": 5.316460194844195, "success_rate": 100.0, "input_tokens": 4151, "output_tokens": 176, "model": "meta-llama/Llama-3.1-8B-Instruct", "input_tokens_per_minute": 1270311.6657521878, "output_tokens_per_minute": 53938.905210675366, "slo_seconds": 5.0, "slo_attainment": 98.0392156862745, "ttft_slo_ms": 1000, "ttft_slo_attainment": 59.80392156862745, "tpot_slo_ms": 50, "tpot_slo_attainment": 100.0, "Latency": {"unit": "s", "min": 0.43677037209272385, "p50": 3.1110844503855333, "p90": 4.470766929443926, "p95": 4.64063525153324, "p99": 5.11992215065984, "max": 11.021785944933072}, "Throughput": {"unit": "tokens/s", "min": 5.640651150701388, "p50": 59.49751822335837, "p90": 78.75316528257474, "p95": 83.78366095073524, "p99": 106.88080664830832, "max": 113.04530695500281}, "TTFT": {"unit": "s", "min": 0.10898032411932945, "p50": 0.7776040860917419, "p90": 1.9668305601226166, "p95": 2.260681013285648, "p99": 2.816556103155015, "max": 8.494079601019621}, "TPOT": {"unit": "ms", "min": 2.6168508236022556, "p50": 12.174254482209534, "p90": 15.998842500047246, "p95": 18.020764112018576, "p99": 21.031975918352437, "max": 26.855802114662385}, "Input Tokens per Minute": {"unit": "tokens/min", "min": 1270311.6657521878, "p50": 1270311.6657521878, "p90": 1270311.6657521878, "p95": 1270311.6657521878, "p99": 1270311.6657521878, "max": 1270311.6657521878}, "Output Tokens per Minute": {"unit": "tokens/min", "min": 53938.905210675366, "p50": 53938.905210675366, "p90": 53938.905210675366, "p95": 53938.905210675366, "p99": 53938.905210675366, "max": 53938.905210675366}}
{"actual_qps": 5.097856150984388, "success_rate": 100.0, "input_tokens": 4213, "output_tokens": 175, "model": "meta-llama/Llama-3.1-8B-Instruct", "input_tokens_per_minute": 1221607.406103757, "output_tokens_per_minute": 50823.467124012626, "slo_seconds": 5.0, "slo_attainment": 86.5979381443299, "ttft_slo_ms": 1000, "ttft_slo_attainment": 54.98281786941581, "tpot_slo_ms": 50, "tpot_slo_attainment": 100.0, "Latency": {"unit": "s", "min": 0.6526543728541583, "p50": 3.657899621874094, "p90": 5.3032768769189715, "p95": 5.778224291978404, "p99": 6.687904318002985, "max": 7.7810938002076}, "Throughput": {"unit": "tokens/s", "min": 6.211802428446883, "p50": 47.79942146794527, "p90": 63.34823167677272, "p95": 67.53866193667653, "p99": 83.24549979087995, "max": 99.21473880406604}, "TTFT": {"unit": "s", "min": 0.12194087984971702, "p50": 0.9378160778433084, "p90": 1.9849102459847927, "p95": 2.4016183860367164, "p99": 3.0368823230732254, "max": 4.244484579190612}, "TPOT": {"unit": "ms", "min": 2.1504698156872215, "p50": 14.657915271491037, "p90": 19.3151644215774, "p95": 20.759626120871786, "p99": 26.302940951611145, "max": 39.3887791937838}, "Input Tokens per Minute": {"unit": "tokens/min", "min": 1221607.406103757, "p50": 1221607.406103757, "p90": 1221607.406103757, "p95": 1221607.406103757, "p99": 1221607.406103757, "max": 1221607.406103757}, "Output Tokens per Minute": {"unit": "tokens/min", "min": 50823.467124012626, "p50": 50823.467124012626, "p90": 50823.467124012626, "p95": 50823.467124012626, "p99": 50823.467124012626, "max": 50823.467124012626}}
{"actual_qps": 5.082962418010072, "success_rate": 100.0, "input_tokens": 4290, "output_tokens": 182, "model": "meta-llama/Llama-3.1-8B-Instruct", "input_tokens_per_minute": 1333906.5291219796, "output_tokens_per_minute": 56628.14926860736, "slo_seconds": 5.0, "slo_attainment": 91.42857142857143, "ttft_slo_ms": 1000, "ttft_slo_attainment": 67.3015873015873, "tpot_slo_ms": 50, "tpot_slo_attainment": 100.0, "Latency": {"unit": "s", "min": 0.5025231158360839, "p50": 3.5351939061656594, "p90": 4.943598218308762, "p95": 5.412110967305489, "p99": 6.104044541083277, "max": 6.947550147073343}, "Throughput": {"unit": "tokens/s", "min": 11.974300990806514, "p50": 53.00068226903364, "p90": 65.83494463396431, "p95": 69.84496841332533, "p99": 81.12437767961397, "max": 86.03243560293711}, "TTFT": {"unit": "s", "min": 0.12370204413309693, "p50": 0.720162786077708, "p90": 1.4343229860533036, "p95": 1.8186782120494176, "p99": 2.723388673863376, "max": 4.456226909998804}, "TPOT": {"unit": "ms", "min": 5.629264941329465, "p50": 14.530825813595749, "p90": 18.963257337560012, "p95": 21.562901083567187, "p99": 24.046102264746292, "max": 27.731010791371173}, "Input Tokens per Minute": {"unit": "tokens/min", "min": 1333906.5291219796, "p50": 1333906.5291219796, "p90": 1333906.5291219796, "p95": 1333906.5291219796, "p99": 1333906.5291219796, "max": 1333906.5291219796}, "Output Tokens per Minute": {"unit": "tokens/min", "min": 56628.14926860736, "p50": 56628.14926860736, "p90": 56628.14926860736, "p95": 56628.14926860736, "p99": 56628.14926860736, "max": 56628.14926860736}}
{"actual_qps": 5.133393132463483, "success_rate": 100.0, "input_tokens": 4343, "output_tokens": 169, "model": "meta-llama/Llama-3.1-8B-Instruct", "input_tokens_per_minute": 1363421.6716984643, "output_tokens_per_minute": 53208.84986426175, "slo_seconds": 5.0, "slo_attainment": 98.43260188087774, "ttft_slo_ms": 1000, "ttft_slo_attainment": 81.81818181818183, "tpot_slo_ms": 50, "tpot_slo_attainment": 99.68652037617555, "Latency": {"unit": "s", "min": 0.42396593908779323, "p50": 3.421087827067822, "p90": 4.254153485782444, "p95": 4.658226531557738, "p99": 5.112494758912361, "max": 5.409311758121476}, "Throughput": {"unit": "tokens/s", "min": 10.150784673026886, "p50": 54.09977842649826, "p90": 64.94938124502032, "p95": 69.1182509689206, "p99": 74.9705862327095, "max": 93.07456335697839}, "TTFT": {"unit": "s", "min": 0.043345087906345725, "p50": 0.6169731630943716, "p90": 1.236443584272638, "p95": 1.4295579495374107, "p99": 1.7115845222678034, "max": 1.9336961300577968}, "TPOT": {"unit": "ms", "min": 8.442893583217964, "p50": 14.811468453579906, "p90": 17.80305188673375, "p95": 19.193232059687322, "p99": 31.60157565465741, "max": 50.97858846078024}, "Input Tokens per Minute": {"unit": "tokens/min", "min": 1363421.6716984643, "p50": 1363421.6716984643, "p90": 1363421.6716984643, "p95": 1363421.6716984643, "p99": 1363421.6716984643, "max": 1363421.6716984643}, "Output Tokens per Minute": {"unit": "tokens/min", "min": 53208.84986426175, "p50": 53208.84986426175, "p90": 53208.84986426175, "p95": 53208.84986426175, "p99": 53208.84986426175, "max": 53208.84986426175}}
{"actual_qps": 5.083319114686387, "success_rate": 100.0, "input_tokens": 4221, "output_tokens": 178, "model": "meta-llama/Llama-3.1-8B-Instruct", "input_tokens_per_minute": 1271123.9192014523, "output_tokens_per_minute": 53896.69174277779, "slo_seconds": 5.0, "slo_attainment": 95.09803921568627, "ttft_slo_ms": 1000, "ttft_slo_attainment": 93.13725490196079, "tpot_slo_ms": 50, "tpot_slo_attainment": 99.67320261437908, "Latency": {"unit": "s", "min": 0.5253162740264088, "p50": 3.2816777685657144, "p90": 4.4194460031576455, "p95": 4.981490605510771, "p99": 5.665954370098189, "max": 6.290425036102533}, "Throughput": {"unit": "tokens/s", "min": 10.202008488272325, "p50": 57.05798315963345, "p90": 72.29521804836537, "p95": 75.53421643361224, "p99": 83.30583411181694, "max": 87.56813677932638}, "TTFT": {"unit": "s", "min": 0.049160375026986, "p50": 0.4585492314072326, "p90": 0.9088215185329318, "p95": 1.0664542556623928, "p99": 1.811307893053162, "max": 2.0332957031205297}, "TPOT": {"unit": "ms", "min": 7.101456362238907, "p50": 14.66564134397455, "p90": 19.85132785935263, "p95": 23.393441505856515, "p99": 28.04807053654262, "max": 57.93950324604178}, "Input Tokens per Minute": {"unit": "tokens/min", "min": 1271123.9192014523, "p50": 1271123.9192014523, "p90": 1271123.9192014523, "p95": 1271123.9192014523, "p99": 1271123.9192014523, "max": 1271123.9192014523}, "Output Tokens per Minute": {"unit": "tokens/min", "min": 53896.69174277779, "p50": 53896.69174277779, "p90": 53896.69174277779, "p95": 53896.69174277779, "p99": 53896.69174277779, "max": 53896.69174277779}}
{"actual_qps": 5.266650329952926, "success_rate": 100.0, "input_tokens": 4284, "output_tokens": 173,