{"actual_qps": 5.036416255816581, "success_rate": 100.0, "input_tokens": 4148, "output_tokens": 180, "model": "meta-llama/Llama-3.1-8B-Instruct", "input_tokens_per_minute": 1167235.5381096033, "output_tokens_per_minute": 50823.54977205702, "slo_seconds": 5.0, "slo_attainment": 92.95774647887323, "ttft_slo_ms": 1000, "ttft_slo_attainment": 68.66197183098592, "tpot_slo_ms": 50, "tpot_slo_attainment": 100.0, "Latency": {"unit": "s", "min": 0.5578003509435803, "p50": 3.6596853269729763, "p90": 4.728959158342333, "p95": 5.308461289620027, "p99": 6.319150307937526, "max": 6.831640663789585}, "Throughput": {"unit": "tokens/s", "min": 7.327515508875751, "p50": 51.66380509507876, "p90": 63.28859429377159, "p95": 65.60495983092501, "p99": 71.18910859067408, "max": 73.83233372654476}, "TTFT": {"unit": "s", "min": 0.16124064498580992, "p50": 0.7994816115824506, "p90": 1.4500823804643013, "p95": 1.779431212786584, "p99": 2.3567925108224186, "max": 4.0477170657832175}, "TPOT": {"unit": "ms", "min": 9.758546325991201, "p50": 14.671653891731072, "p90": 20.06240368073546, "p95": 22.82603265923545, "p99": 25.30027411155015, "max": 28.178794062970315}, "Input Tokens per Minute": {"unit": "tokens/min", "min": 1167235.5381096033, "p50": 1167235.5381096033, "p90": 1167235.5381096033, "p95": 1167235.5381096033, "p99": 1167235.5381096033, "max": 1167235.5381096033}, "Output Tokens per Minute": {"unit": "tokens/min", "min": 50823.54977205702, "p50": 50823.54977205702, "p90": 50823.54977205702, "p95": 50823.54977205702, "p99": 50823.54977205702, "max": 50823.54977205702}}
{"actual_qps": 4.928721502419659, "success_rate": 100.0, "input_tokens": 4016, "output_tokens": 180, "model": "meta-llama/Llama-3.1-8B-Instruct", "input_tokens_per_minute": 1181993.063381155, "output_tokens_per_minute": 53068.63552333841, "slo_seconds": 5.0, "slo_attainment": 97.3063973063973, "ttft_slo_ms": 1000, "ttft_slo_attainment": 82.82828282828282, "tpot_slo_ms": 50, "tpot_slo_attainment": 100.0, "Latency": {"unit": "s", "min": 0.7843759460374713, "p50": 3.3584099248982966, "p90": 4.294732759613543, "p95": 4.608817944489418, "p99": 5.24273145016283, "max": 5.543114139931276}, "Throughput": {"unit": "tokens/s", "min": 14.555525217891669, "p50": 56.637884668600044, "p90": 66.22238599429386, "p95": 68.77548994476203, "p99": 76.79322279071002, "max": 86.47689362357023}, "TTFT": {"unit": "s", "min": 0.12516043288633227, "p50": 0.6719078889582306, "p90": 1.1442990656942134, "p95": 1.4144036402460185, "p99": 1.778632555594668, "max": 2.6009008900728077}, "TPOT": {"unit": "ms", "min": 10.205021884758025, "p50": 14.150870397649518, "p90": 17.08225305986948, "p95": 18.3788547690084, "p99": 21.26860963803103, "max": 25.168322652963727}, "Input Tokens per Minute": {"unit": "tokens/min", "min": 1181993.063381155, "p50": 1181993.063381155, "p90": 1181993.063381155, "p95": 1181993.063381155, "p99": 1181993.063381155, "max": 1181993.063381155}, "Output Tokens per Minute": {"unit": "tokens/min", "min": 53068.63552333841, "p50": 53068.63552333841, "p90": 53068.63552333841, "p95": 53068.63552333841, "p99": 53068.63552333841, "max": 53068.63552333841}}
{"actual_qps": 5.279194298830655, "success_rate": 100.0, "input_tokens": 4165, "output_tokens": 177, "model": "meta-llama/Llama-3.1-8B-Instruct", "input_tokens_per_minute": 1311390.2281607748, "output_tokens_per_minute": 55848.6292773562, "slo_seconds": 5.0, "slo_attainment": 96.5625, "ttft_slo_ms": 1000, "ttft_slo_attainment": 66.875, "tpot_slo_ms": 50, "tpot_slo_attainment": 100.0, "Latency": {"unit": "s", "min": 0.6251053591258824, "p50": 3.6312651010230184, "p90": 4.532383247790858, "p95": 4.8716500089271, "p99": 5.246157111718785, "max": 5.6652659508399665}, "Throughput": {"unit": "tokens/s", "min": 10.48886097194658, "p50": 51.359153576728595, "p90": 62.536746871462086, "p95": 65.89901857514856, "p99": 69.65862713322174, "max": 74.56166897602478}, "TTFT": {"unit": "s", "min": 0.15350465499795973, "p50": 0.8219610550440848, "p90": 1.3404367811977866, "p95": 1.5610113087692299, "p99": 1.8269748406787405, "max": 2.330227694939822}, "TPOT": {"unit": "ms", "min": 8.579365171802541, "p50": 14.738548150983402, "p90": 18.254841312333443, "p95": 19.632619174925622, "p99": 21.689838476411193, "max": 25.980513555825585}, "Input Tokens per Minute": {"unit": "tokens/min", "min": 1311390.2281607748, "p50": 1311390.2281607748, "p90": 1311390.2281607748, "p95": 1311390.2281607748, "p99": 1311390.2281607748, "max": 1311390.2281607748}, "Output Tokens per Minute": {"unit": "tokens/min", "min": 55848.6292773562, "p50": 55848.6292773562, "p90": 55848.6292773562, "p95": 55848.6292773562, "p99": 55848.6292773562, "max": 55848.6292773562}}
{"actual_qps": 4.89077557437936, "success_rate": 100.0, "input_tokens": 4132, "output_tokens": 178, "model": "meta-llama/Llama-3.1-8B-Instruct", "input_tokens_per_minute": 1182940.5449646178, "output_tokens_per_minute": 51044.2345651533, "slo_seconds": 5.0, "slo_attainment": 80.75601374570446, "ttft_slo_ms": 1000, "ttft_slo_attainment": 62.54295532646048, "tpot_slo_ms": 50, "tpot_slo_attainment": 100.0, "Latency": {"unit": "s", "min": 0.5944319739937782, "p50": 3.796972196083516, "p90": 5.667387336026877, "p95": 6.256394380470738, "p99": 7.408905565319585, "max": 7.859317456139252}, "Throughput": {"unit": "tokens/s", "min": 7.984690786680077, "p50": 47.88313800521958, "p90": 65.06954130427893, "p95": 69.84938138800344, "p99": 76.15051762555568, "max": 83.35968634994256}, "TTFT": {"unit": "s", "min": 0.07870797603391111, "p50": 0.8285506600514054, "p90": 1.7542139422148466, "p95": 2.04537602502387, "p99": 2.549120938079433, "max": 3.2572364290244877}, "TPOT": {"unit": "ms", "min": 9.32870808367928, "p50": 15.46021706972215, "p90": 22.136429372716265, "p95": 25.0252218847982, "p99": 29.92119541006099, "max": 31.163051697523823}, "Input Tokens per Minute": {"unit": "tokens/min", "min": 1182940.5449646178, "p50": 1182940.5449646178, "p90": 1182940.5449646178, "p95": 1182940.5449646178, "p99": 1182940.5449646178, "max": 1182940.5449646178}, "Output Tokens per Minute": {"unit": "tokens/min", "min": 51044.2345651533, "p50": 51044.2345651533, "p90": 51044.2345651533, "p95": 51044.2345651533, "p99": 51044.2345651533, "max": 51044.2345651533}}
{"actual_qps": 5.049863458843475, "success_rate": 100.0, "input_tokens": 3941, "output_tokens": 177, "model": "meta-llama/Llama-3.1-8B-Instruct", "input_tokens_per_minute": 1128353.0201141748, "output_tokens_per_minute": 50910.451256213986, "slo_seconds": 5.0, "slo_attainment": 47.766323024054984, "ttft_slo_ms": 1000, "ttft_slo_attainment": 35.39518900343643, "tpot_slo_ms": 50, "tpot_slo_attainment": 98.28178694158075, "Latency": {"unit": "s", "min": 0.8255111938342452, "p50": 5.127647974062711, "p90": 9.34077344997786, "p95": 12.12920793145895, "p99": 14.877245805552239, "max": 16.239349071867764}, "Throughput": {"unit": "tokens/s", "min": 3.1509438160455447, "p50": 33.90665324773214, "p90": 54.52139127550353, "p95": 58.386771868205415, "p99": 75.77476366328553, "max": 99.58682095330157}, "TTFT": {"unit": "s", "min": 0.13873426080681384, "p50": 1.4627116529736668, "p90": 4.208325160900131, "p95": 5.609308346523903, "p99": 8.320754126599065, "max": 9.90012581110932}, "TPOT": {"unit": "ms", "min": 3.3703017546959106, "p50": 20.037228487263523, "p90": 33.553090758490654, "p95": 40.769776697704536, "p99": 51.01808593526744, "max": 52.20401400754995}, "Input Tokens per Minute": {"unit": "tokens/min", "min": 1128353.0201141748, "p50": 1128353.0201141748, "p90": 1128353.0201141748, "p95": 1128353.0201141748, "p99": 1128353.0201141748, "max": 1128353.0201141748}, "Output Tokens per Minute": {"unit": "tokens/min", "min": 50910.451256213986, "p50": 50910.451256213986, "p90": 50910.451256213986, "p95": 50910.451256213986, "p99": 50910.451256213986, "max": 50910.451256213986}}
{"actual_qps": 4.967306055417994, "success_rate": 100.0, "input_tokens": 4130, "output_tokens": 177, "model": "meta-llama/Llama-3.1-8B-Instruct",