{"actual_qps": 5.399664762362921, "success_rate": 100.0, "input_tokens": 4113, "output_tokens": 175, "model": "meta-llama/Llama-3.1-8B-Instruct", "input_tokens_per_minute": 1242919.6041051117, "output_tokens_per_minute": 53040.56019322917, "slo_seconds": 5.0, "slo_attainment": 92.45901639344262, "ttft_slo_ms": 1000, "ttft_slo_attainment": 61.63934426229508, "tpot_slo_ms": 50, "tpot_slo_attainment": 99.672131147541, "Latency": {"unit": "s", "min": 0.5601024469360709, "p50": 3.32401507999748, "p90": 4.77280740425922, "p95": 5.139271518634633, "p99": 5.525003187647088, "max": 7.801798940170556}, "Throughput": {"unit": "tokens/s", "min": 5.864968980865456, "p50": 53.427528708122615, "p90": 72.50699812222899, "p95": 80.56081798934756, "p99": 90.70392689040479, "max": 108.10938490725164}, "TTFT": {"unit": "s", "min": 0.09705491806380451, "p50": 0.7872756901197135, "p90": 1.726164147490636, "p95": 2.146222549164668, "p99": 2.983198470836505, "max": 6.539822652004659}, "TPOT": {"unit": "ms", "min": 4.30774485825428, "p50": 13.342044659043152, "p90": 18.598240639473644, "p95": 19.849413086253044, "p99": 30.703080112821034, "max": 59.35583229875192}, "Input Tokens per Minute": {"unit": "tokens/min", "min": 1242919.6041051117, "p50": 1242919.6041051117, "p90": 1242919.6041051117, "p95": 1242919.6041051117, "p99": 1242919.6041051117, "max": 1242919.6041051117}, "Output Tokens per Minute": {"unit": "tokens/min", "min": 53040.56019322917, "p50": 53040.56019322917, "p90": 53040.56019322917, "p95": 53040.56019322917, "p99": 53040.56019322917, "max": 53040.56019322917}}
{"actual_qps": 5.54232040897638, "success_rate": 100.0, "input_tokens": 3922, "output_tokens": 176, "model": "meta-llama/Llama-3.1-8B-Instruct", "input_tokens_per_minute": 1265767.2690762938, "output_tokens_per_minute": 56952.75334346, "slo_seconds": 5.0, "slo_attainment": 87.1951219512195, "ttft_slo_ms": 1000, "ttft_slo_attainment": 49.08536585365854, "tpot_slo_ms": 50, "tpot_slo_attainment": 100.0, "Latency": {"unit": "s", "min": 0.49652571487240493, "p50": 3.8067488621454686, "p90": 5.3023321276996285, "p95": 6.156330841686574, "p99": 7.497372044313237, "max": 8.355491206981242}, "Throughput": {"unit": "tokens/s", "min": 4.946516133608113, "p50": 49.14811606272982, "p90": 60.164761388040844, "p95": 63.962129995396936, "p99": 69.02122297705495, "max": 80.78543559373684}, "TTFT": {"unit": "s", "min": 0.13936822907999158, "p50": 1.010403926949948, "p90": 2.1208843553205954, "p95": 2.88509588955203, "p99": 3.644973149476573, "max": 5.3437760369852185}, "TPOT": {"unit": "ms", "min": 6.72168581929457, "p50": 14.454317087134815, "p90": 18.773154218729378, "p95": 20.41838124536377, "p99": 24.36628395727784, "max": 32.38221706512074}, "Input Tokens per Minute": {"unit": "tokens/min", "min": 1265767.2690762938, "p50": 1265767.2690762938, "p90": 1265767.2690762938, "p95": 1265767.2690762938, "p99": 1265767.2690762938, "max": 1265767.2690762938}, "Output Tokens per Minute": {"unit": "tokens/min", "min": 56952.75334346, "p50": 56952.75334346, "p90": 56952.75334346, "p95": 56952.75334346, "p99": 56952.75334346, "max": 56952.75334346}}
{"actual_qps": 5.482345025321061, "success_rate": 100.0, "input_tokens": 4062, "output_tokens": 174, "model": "meta-llama/Llama-3.1-8B-Instruct", "input_tokens_per_minute": 1334944.2823750551, "output_tokens_per_minute": 57194.77893291707, "slo_seconds": 5.0, "slo_attainment": 97.30538922155688, "ttft_slo_ms": 1000, "ttft_slo_attainment": 70.95808383233533, "tpot_slo_ms": 50, "tpot_slo_attainment": 100.0, "Latency": {"unit": "s", "min": 0.5164984969887882, "p50": 3.5572786984266713, "p90": 4.450375965423882, "p95": 4.677902738808183, "p99": 5.8198159691202465, "max": 6.421295835869387}, "Throughput": {"unit": "tokens/s", "min": 10.250068905592661, "p50": 52.2134429553746, "p90": 63.68520444444016, "p95": 66.87955495679152, "p99": 76.89689689280198, "max": 86.15903376249352}, "TTFT": {"unit": "s", "min": 0.11549826199188828, "p50": 0.7615848334971815, "p90": 1.3523126029176638, "p95": 1.7479079513112072, "p99": 2.1498448952566838, "max": 2.4863111660815775}, "TPOT": {"unit": "ms", "min": 6.892918333135269, "p50": 14.538654829398846, "p90": 17.455899596902253, "p95": 19.04827815866487, "p99": 23.321366413647212, "max": 29.15948411614141}, "Input Tokens per Minute": {"unit": "tokens/min", "min": 1334944.2823750551, "p50": 1334944.2823750551, "p90": 1334944.2823750551, "p95": 1334944.2823750551, "p99": 1334944.2823750551, "max": 1334944.2823750551}, "Output Tokens per Minute": {"unit": "tokens/min", "min": 57194.77893291707, "p50": 57194.77893291707, "p90": 57194.77893291707, "p95": 57194.77893291707, "p99": 57194.77893291707, "max": 57194.77893291707}}
{"actual_qps": 5.663967817950245, "success_rate": 100.0, "input_tokens": 3992, "output_tokens": 179, "model": "meta-llama/Llama-3.1-8B-Instruct", "input_tokens_per_minute": 1359153.7282277797, "output_tokens_per_minute": 61119.3320887881, "slo_seconds": 5.0, "slo_attainment": 95.37572254335261, "ttft_slo_ms": 1000, "ttft_slo_attainment": 61.5606936416185, "tpot_slo_ms": 50, "tpot_slo_attainment": 100.0, "Latency": {"unit": "s", "min": 0.6196818919852376, "p50": 3.671861630049534, "p90": 4.652139735524543, "p95": 4.950529178138822, "p99": 5.9591727288672764, "max": 6.6419722840655595}, "Throughput": {"unit": "tokens/s", "min": 8.69215405987517, "p50": 50.18558733592336, "p90": 62.529219847672046, "p95": 67.08328685710768, "p99": 72.45991701987239, "max": 85.89727110577535}, "TTFT": {"unit": "s", "min": 0.08289256598800421, "p50": 0.8943083280464634, "p90": 1.4998725703917444, "p95": 1.7437016923213378, "p99": 2.2955586392781697, "max": 3.462233574828133}, "TPOT": {"unit": "ms", "min": 9.121254880857817, "p50": 14.748777414994942, "p90": 18.367596773837867, "p95": 19.57065709676537, "p99": 28.36774508368293, "max": 46.71985444750775}, "Input Tokens per Minute": {"unit": "tokens/min", "min": 1359153.7282277797, "p50": 1359153.7282277797, "p90": 1359153.7282277797, "p95": 1359153.7282277797, "p99": 1359153.7282277797, "max": 1359153.7282277797}, "Output Tokens per Minute": {"unit": "tokens/min", "min": 61119.3320887881, "p50": 61119.3320887881, "p90": 61119.3320887881, "p95": 61119.3320887881, "p99": 61119.3320887881, "max": 61119.3320887881}}
{"actual_qps": 5.816615085899145, "success_rate": 100.0, "input_tokens": 4096, "output_tokens": 176, "model": "meta-llama/Llama-3.1-8B-Instruct", "input_tokens_per_minute": 1390569.8303519397, "output_tokens_per_minute": 59858.044260804476, "slo_seconds": 5.0, "slo_attainment": 68.40579710144927, "ttft_slo_ms": 1000, "ttft_slo_attainment": 59.130434782608695, "tpot_slo_ms": 50, "tpot_slo_attainment": 99.71014492753623, "Latency": {"unit": "s", "min": 0.734043245203793, "p50": 4.275026736082509, "p90": 6.267959895823151, "p95": 6.960780300013721, "p99": 8.171978093134241, "max": 9.23530978988856}, "Throughput": {"unit": "tokens/s", "min": 7.092024933720164, "p50": 42.12342978708182, "p90": 60.29467699826817, "p95": 65.68915990616468, "p99": 76.74418650626019, "max": 84.73281787065044}, "TTFT": {"unit": "s", "min": 0.1290165730752051, "p50": 0.8763235849328339, "p90": 2.015832852385939, "p95": 2.3879203017335384, "p99": 3.0839382062200458, "max": 3.7560376790352166}, "TPOT": {"unit": "ms", "min": 7.736915159815301, "p50": 17.77440801510896, "p90": 26.172868060369293, "p95": 31.080647533871794, "p99": 39.97613164485288, "max": 51.189766834593485}, "Input Tokens per Minute": {"unit": "tokens/min", "min": 1390569.8303519397, "p50": 1390569.8303519397, "p90": 1390569.8303519397, "p95": 1390569.8303519397, "p99": 1390569.8303519397, "max": 1390569.8303519397}, "Output Tokens per Minute": {"unit": "tokens/min", "min": 59858.044260804476, "p50": 59858.044260804476, "p90": 59858.044260804476, "p95": 59858.044260804476, "p99": 59858.044260804476, "max": 59858.044260804476}}
{"actual_qps": 5.7377704598161134, "success_rate": 100.0, "input_tokens": 3995, "output_tokens": 174,