{"target_qps": 5.0, "actual_qps": 4.997542165709834, "success_rate": 100.0, "input_tokens": 4253, "output_tokens": 180, "model": "meta-llama/Llama-3.1-8B-Instruct", "input_tokens_per_minute": 1275965.0349650348, "output_tokens_per_minute": 54118.531468531466, "slo_seconds": 5.0, "slo_attainment": 99.65034965034964, "ttft_slo_ms": 1000, "ttft_slo_attainment": 99.65034965034964, "tpot_slo_ms": 50, "tpot_slo_attainment": 100.0, "Latency": {"unit": "s", "min": 0.3411049188580364, "p50": 2.3567114324541762, "p90": 3.10864427103661, "p95": 3.3571627569035627, "p99": 3.7566512155346534, "max": 5.518412646139041}, "Throughput": {"unit": "tokens/s", "min": 27.742450807722527, "p50": 80.21497962396319, "p90": 98.14693847822369, "p95": 105.08759870725547, "p99": 113.33008285547703, "max": 116.81645588684302}, "TTFT": {"unit": "s", "min": 0.04825096903368831, "p50": 0.23193484940566123, "p90": 0.3753778433892876, "p95": 0.5086230481974781, "p99": 0.7428497022134245, "max": 3.3016129001043737}, "TPOT": {"unit": "ms", "min": 7.600335117299543, "p50": 11.066660344958699, "p90": 14.51998149918235, "p95": 15.923844014783507, "p99": 18.132830200419644, "max": 21.626937695635625}, "Input Tokens per Minute": {"unit": "tokens/min", "min": 1275965.0349650348, "p50": 1275965.0349650348, "p90": 1275965.0349650348, "p95": 1275965.0349650348, "p99": 1275965.0349650348, "max": 1275965.0349650348}, "Output Tokens per Minute": {"unit": "tokens/min", "min": 54118.531468531466, "p50": 54118.531468531466, "p90": 54118.531468531466, "p95": 54118.531468531466, "p99": 54118.531468531466, "max": 54118.531468531466}}
{"target_qps": 5.0, "actual_qps": 4.998433049464058, "success_rate": 100.0, "input_tokens": 3967, "output_tokens": 176, "model": "meta-llama/Llama-3.1-8B-Instruct", "input_tokens_per_minute": 1193644.955127997, "output_tokens_per_minute": 53046.9110721436, "slo_seconds": 5.0, "slo_attainment": 99.66777408637874, "ttft_slo_ms": 1000, "ttft_slo_attainment": 100.0, "tpot_slo_ms": 50, "tpot_slo_attainment": 100.0, "Latency": {"unit": "s", "min": 0.2846785669680685, "p50": 2.7313860750291497, "p90": 3.4685766459442675, "p95": 3.606535702943802, "p99": 4.302389543969184, "max": 5.099159510107711}, "Throughput": {"unit": "tokens/s", "min": 27.49481362743531, "p50": 68.53084304664921, "p90": 83.01048318596254, "p95": 85.84831055879408, "p99": 94.97564139463687, "max": 98.08438330592469}, "TTFT": {"unit": "s", "min": 0.039472365053370595, "p50": 0.2259297571144998, "p90": 0.33474359987303615, "p95": 0.36371357808820903, "p99": 0.5583031040150672, "max": 0.7678169501014054}, "TPOT": {"unit": "ms", "min": 2.5562362797144385, "p50": 13.034491769351702, "p90": 16.601693803612985, "p95": 17.821095620264423, "p99": 21.036458677897723, "max": 24.500490946914343}, "Input Tokens per Minute": {"unit": "tokens/min", "min": 1193644.955127997, "p50": 1193644.955127997, "p90": 1193644.955127997, "p95": 1193644.955127997, "p99": 1193644.955127997, "max": 1193644.955127997}, "Output Tokens per Minute": {"unit": "tokens/min", "min": 53046.9110721436, "p50": 53046.9110721436, "p90": 53046.9110721436, "p95": 53046.9110721436, "p99": 53046.9110721436, "max": 53046.9110721436}}
{"target_qps": 5.0, "actual_qps": 4.998408643727571, "success_rate": 100.0, "input_tokens": 4047, "output_tokens": 173, "model": "meta-llama/Llama-3.1-8B-Instruct", "input_tokens_per_minute": 1214193.3110367893, "output_tokens_per_minute": 51947.15719063545, "slo_seconds": 5.0, "slo_attainment": 100.0, "ttft_slo_ms": 1000, "ttft_slo_attainment": 100.0, "tpot_slo_ms": 50, "tpot_slo_attainment": 100.0, "Latency": {"unit": "s", "min": 0.3281737449578941, "p50": 2.726165808038786, "p90": 3.266476731840521, "p95": 3.3823595394147548, "p99": 3.7291054116049773, "max": 3.8972113088238984}, "Throughput": {"unit": "tokens/s", "min": 28.611669118529587, "p50": 68.92330528639665, "p90": 80.91949148287682, "p95": 85.56620600378162, "p99": 92.1993649607505, "max": 104.03315409316255}, "TTFT": {"unit": "s", "min": 0.03723315801471472, "p50": 0.22183728916570544, "p90": 0.3184545074123889, "p95": 0.36073154979385424, "p99": 0.5366037242161107, "max": 0.6891855939757079}, "TPOT": {"unit": "ms", "min": 8.22595916414524, "p50": 13.045318195381057, "p90": 15.555613434840762, "p95": 16.205095222962385, "p99": 18.13035670085887, "max": 21.3455352122369}, "Input Tokens per Minute": {"unit": "tokens/min", "min": 1214193.3110367893, "p50": 1214193.3110367893, "p90": 1214193.3110367893, "p95": 1214193.3110367893, "p99": 1214193.3110367893, "max": 1214193.3110367893}, "Output Tokens per Minute": {"unit": "tokens/min", "min": 51947.15719063545, "p50": 51947.15719063545, "p90": 51947.15719063545, "p95": 51947.15719063545, "p99": 51947.15719063545, "max": 51947.15719063545}}
{"target_qps": 5.0, "actual_qps": 4.9999245741374185, "success_rate": 100.0, "input_tokens": 4053, "output_tokens": 176, "model": "meta-llama/Llama-3.1-8B-Instruct", "input_tokens_per_minute": 1219508.2353439787, "output_tokens_per_minute": 53063.902715507014, "slo_seconds": 5.0, "slo_attainment": 100.0, "ttft_slo_ms": 1000, "ttft_slo_attainment": 100.0, "tpot_slo_ms": 50, "tpot_slo_attainment": 100.0, "Latency": {"unit": "s", "min": 0.24499530787579715, "p50": 2.789617291884497, "p90": 3.415955879027024, "p95": 3.725759291090071, "p99": 3.9474843870848417, "max": 4.047201551031321}, "Throughput": {"unit": "tokens/s", "min": 22.090904385844677, "p50": 68.17406540219432, "p90": 82.6829189000383, "p95": 88.49801126645936, "p99": 94.04107368574623, "max": 101.77426521085334}, "TTFT": {"unit": "s", "min": 0.022651518927887082, "p50": 0.2167209698818624, "p90": 0.3460295218974352, "p95": 0.46082068094983697, "p99": 0.7300927420146763, "max": 0.8430196940898895}, "TPOT": {"unit": "ms", "min": 7.832496761693619, "p50": 13.404396226882335, "p90": 16.663490819169123, "p95": 17.64992010583611, "p99": 19.131877782961563, "max": 29.73387531528715}, "Input Tokens per Minute": {"unit": "tokens/min", "min": 1219508.2353439787, "p50": 1219508.2353439787, "p90": 1219508.2353439787, "p95": 1219508.2353439787, "p99": 1219508.2353439787, "max": 1219508.2353439787}, "Output Tokens per Minute": {"unit": "tokens/min", "min": 53063.902715507014, "p50": 53063.902715507014, "p90": 53063.902715507014, "p95": 53063.902715507014, "p99": 53063.902715507014, "max": 53063.902715507014}}
{"target_qps": 5.0, "actual_qps": 4.999934321123215, "success_rate": 100.0, "input_tokens": 4026, "output_tokens": 176, "model": "meta-llama/Llama-3.1-8B-Instruct", "input_tokens_per_minute": 1207929.8657718122, "output_tokens_per_minute": 52907.71812080537, "slo_seconds": 5.0, "slo_attainment": 100.0, "ttft_slo_ms": 1000, "ttft_slo_attainment": 100.0, "tpot_slo_ms": 50, "tpot_slo_attainment": 100.0, "Latency": {"unit": "s", "min": 0.1807618720922619, "p50": 2.6536197784589604, "p90": 3.373212619894184, "p95": 3.4967952130828044, "p99": 3.889633913710711, "max": 4.1943513948936015}, "Throughput": {"unit": "tokens/s", "min": 33.96648438435772, "p50": 69.62467244560241, "p90": 87.0174090851463, "p95": 91.83301286749068, "p99": 97.47136213610418, "max": 104.68150355353045}, "TTFT": {"unit": "s", "min": 0.023695279844105244, "p50": 0.1353147114859894, "p90": 0.2058488996932283, "p95": 0.21513215882005166, "p99": 0.4307801405875932, "max": 0.6164009189233184}, "TPOT": {"unit": "ms", "min": 8.805084724685756, "p50": 13.327329879448122, "p90": 16.66618010108757, "p95": 17.731130173448566, "p99": 20.016943319693638, "max": 22.61948544564175}, "Input Tokens per Minute": {"unit": "tokens/min", "min": 1207929.8657718122, "p50": 1207929.8657718122, "p90": 1207929.8657718122, "p95": 1207929.8657718122, "p99": 1207929.8657718122, "max": 1207929.8657718122}, "Output Tokens per Minute": {"unit": "tokens/min", "min": 52907.71812080537, "p50": 52907.71812080537, "p90": 52907.71812080537, "p95": 52907.71812080537, "p99": 52907.71812080537, "max": 52907.71812080537}}
{"target_qps": 5.0, "actual_qps": 4.999952552281442, "success_rate": 100.0,