{"target_qps": 5.0, "actual_qps": 4.999434609518479, "success_rate": 100.0, "input_tokens": 4254, "output_tokens": 177, "model": "meta-llama/Llama-3.1-8B-Instruct", "input_tokens_per_minute": 1276261.888111888, "output_tokens_per_minute": 53375.87412587412, "slo_seconds": 5.0, "slo_attainment": 99.65034965034964, "ttft_slo_ms": 1000, "ttft_slo_attainment": 99.3006993006993, "tpot_slo_ms": 50, "tpot_slo_attainment": 100.0, "Latency": {"unit": "s", "min": 0.2781270919367671, "p50": 2.7185684255091473, "p90": 3.37845587648917, "p95": 3.568430327461101, "p99": 4.312078681087583, "max": 5.5733506318647414}, "Throughput": {"unit": "tokens/s", "min": 19.601814738251043, "p50": 69.20012213363177, "p90": 83.88604929819846, "p95": 88.22237363247586, "p99": 93.1953575437968, "max": 96.80104059463358}, "TTFT": {"unit": "s", "min": 0.028322705999016762, "p50": 0.20043974206782877, "p90": 0.36213992757257074, "p95": 0.4636978526250459, "p99": 0.7320874517434249, "max": 3.1674987238366157}, "TPOT": {"unit": "ms", "min": 9.128599963982456, "p50": 13.203036216738163, "p90": 16.252784645793277, "p95": 16.77968740713637, "p99": 19.317185220334327, "max": 27.47254400691461}, "Input Tokens per Minute": {"unit": "tokens/min", "min": 1276261.888111888, "p50": 1276261.888111888, "p90": 1276261.888111888, "p95": 1276261.888111888, "p99": 1276261.888111888, "max": 1276261.888111888}, "Output Tokens per Minute": {"unit": "tokens/min", "min": 53375.87412587412, "p50": 53375.87412587412, "p90": 53375.87412587412, "p95": 53375.87412587412, "p99": 53375.87412587412, "max": 53375.87412587412}}
{"target_qps": 5.0, "actual_qps": 4.999217985251555, "success_rate": 100.0, "input_tokens": 3966, "output_tokens": 179, "model": "meta-llama/Llama-3.1-8B-Instruct", "input_tokens_per_minute": 1193762.2628546217, "output_tokens_per_minute": 54164.527183006496, "slo_seconds": 5.0, "slo_attainment": 100.0, "ttft_slo_ms": 1000, "ttft_slo_attainment": 100.0, "tpot_slo_ms": 50, "tpot_slo_attainment": 100.0, "Latency": {"unit": "s", "min": 0.26716222683899105, "p50": 2.6919852171558887, "p90": 3.276787151116878, "p95": 3.5989603239577264, "p99": 4.055457643000409, "max": 4.999252961948514}, "Throughput": {"unit": "tokens/s", "min": 22.540496667838873, "p50": 71.3449069624781, "p90": 84.27035962100227, "p95": 88.02567019836799, "p99": 98.56772495989065, "max": 101.00082657495363}, "TTFT": {"unit": "s", "min": 0.042948510963469744, "p50": 0.1705025399569422, "p90": 0.3229956899303943, "p95": 0.378123827977106, "p99": 0.5665380430873483, "max": 0.7486661549191922}, "TPOT": {"unit": "ms", "min": 5.959176650161252, "p50": 13.002995212080341, "p90": 15.896086200800298, "p95": 17.04977721036716, "p99": 20.615275980829818, "max": 24.503676351815013}, "Input Tokens per Minute": {"unit": "tokens/min", "min": 1193762.2628546217, "p50": 1193762.2628546217, "p90": 1193762.2628546217, "p95": 1193762.2628546217, "p99": 1193762.2628546217, "max": 1193762.2628546217}, "Output Tokens per Minute": {"unit": "tokens/min", "min": 54164.527183006496, "p50": 54164.527183006496, "p90": 54164.527183006496, "p95": 54164.527183006496, "p99": 54164.527183006496, "max": 54164.527183006496}}
{"target_qps": 5.0, "actual_qps": 4.998028020302111, "success_rate": 100.0, "input_tokens": 4047, "output_tokens": 172, "model": "meta-llama/Llama-3.1-8B-Instruct", "input_tokens_per_minute": 1214355.5555555555, "output_tokens_per_minute": 51815.15151515151, "slo_seconds": 5.0, "slo_attainment": 100.0, "ttft_slo_ms": 1000, "ttft_slo_attainment": 100.0, "tpot_slo_ms": 50, "tpot_slo_attainment": 100.0, "Latency": {"unit": "s", "min": 0.31295745610259473, "p50": 2.7272287390660495, "p90": 3.3399955055676402, "p95": 3.61744817965664, "p99": 3.891412150580437, "max": 4.478382572997361}, "Throughput": {"unit": "tokens/s", "min": 29.415210810136596, "p50": 68.62675864157954, "p90": 84.74959734814702, "p95": 88.42751919638981, "p99": 95.21033556927551, "max": 100.10780359173627}, "TTFT": {"unit": "s", "min": 0.041888464940711856, "p50": 0.16309126210398972, "p90": 0.30294197094626724, "p95": 0.33657083241268987, "p99": 0.4601017953641715, "max": 0.7825813200324774}, "TPOT": {"unit": "ms", "min": 7.967632772676923, "p50": 13.487719528227295, "p90": 16.62462533816658, "p95": 17.773274357322997, "p99": 19.288168899236496, "max": 21.298242377937882}, "Input Tokens per Minute": {"unit": "tokens/min", "min": 1214355.5555555555, "p50": 1214355.5555555555, "p90": 1214355.5555555555, "p95": 1214355.5555555555, "p99": 1214355.5555555555, "max": 1214355.5555555555}, "Output Tokens per Minute": {"unit": "tokens/min", "min": 51815.15151515151, "p50": 51815.15151515151, "p90": 51815.15151515151, "p95": 51815.15151515151, "p99": 51815.15151515151, "max": 51815.15151515151}}
{"target_qps": 5.0, "actual_qps": 4.999947030056936, "success_rate": 100.0, "input_tokens": 4058, "output_tokens": 178, "model": "meta-llama/Llama-3.1-8B-Instruct", "input_tokens_per_minute": 1241433.1906115315, "output_tokens_per_minute": 54685.42378133351, "slo_seconds": 5.0, "slo_attainment": 100.0, "ttft_slo_ms": 1000, "ttft_slo_attainment": 100.0, "tpot_slo_ms": 50, "tpot_slo_attainment": 100.0, "Latency": {"unit": "s", "min": 0.19556316384114325, "p50": 2.5357600590214133, "p90": 3.19081777788233, "p95": 3.4375749914324842, "p99": 3.6667813563020895, "max": 3.8443647620733827}, "Throughput": {"unit": "tokens/s", "min": 27.01651188703412, "p50": 75.03891267287136, "p90": 91.77459526788783, "p95": 96.86423090270392, "p99": 102.4248831065438, "max": 113.56006708556917}, "TTFT": {"unit": "s", "min": 0.022301249904558063, "p50": 0.1306634284555912, "p90": 0.2831033100374043, "p95": 0.32682388968532905, "p99": 0.4188259321614163, "max": 0.471768450923264}, "TPOT": {"unit": "ms", "min": 8.53313110434474, "p50": 12.539575078253208, "p90": 15.578888776131798, "p95": 16.690100804891692, "p99": 17.75130861562831, "max": 21.600312293123675}, "Input Tokens per Minute": {"unit": "tokens/min", "min": 1241433.1906115315, "p50": 1241433.1906115315, "p90": 1241433.1906115315, "p95": 1241433.1906115315, "p99": 1241433.1906115315, "max": 1241433.1906115315}, "Output Tokens per Minute": {"unit": "tokens/min", "min": 54685.42378133351, "p50": 54685.42378133351, "p90": 54685.42378133351, "p95": 54685.42378133351, "p99": 54685.42378133351, "max": 54685.42378133351}}
{"target_qps": 5.0, "actual_qps": 4.999972263990005, "success_rate": 100.0, "input_tokens": 4024, "output_tokens": 177, "model": "meta-llama/Llama-3.1-8B-Instruct", "input_tokens_per_minute": 1210831.2646488259, "output_tokens_per_minute": 53538.87615347621, "slo_seconds": 5.0, "slo_attainment": 100.0, "ttft_slo_ms": 1000, "ttft_slo_attainment": 100.0, "tpot_slo_ms": 50, "tpot_slo_attainment": 100.0, "Latency": {"unit": "s", "min": 0.18484869902022183, "p50": 2.188130907015875, "p90": 2.900517466943711, "p95": 3.302029110956937, "p99": 3.9735746851656586, "max": 4.373726050136611}, "Throughput": {"unit": "tokens/s", "min": 44.12713503031854, "p50": 89.01212585476867, "p90": 101.06399212234581, "p95": 105.1557089512613, "p99": 109.18652667324078, "max": 113.43609330819314}, "TTFT": {"unit": "s", "min": 0.0205958120059222, "p50": 0.039858561009168625, "p90": 0.1477110730484128, "p95": 0.19472605106420815, "p99": 0.42855051602236927, "max": 0.5558254460338503}, "TPOT": {"unit": "ms", "min": 6.443033003489728, "p50": 11.006070010775897, "p90": 15.179372668715578, "p95": 16.292163335844577, "p99": 19.685123599820624, "max": 21.228586547029902}, "Input Tokens per Minute": {"unit": "tokens/min", "min": 1210831.2646488259, "p50": 1210831.2646488259, "p90": 1210831.2646488259, "p95": 1210831.2646488259, "p99": 1210831.2646488259, "max": 1210831.2646488259}, "Output Tokens per Minute": {"unit": "tokens/min", "min": 53538.87615347621, "p50": 53538.87615347621, "p90": 53538.87615347621, "p95": 53538.87615347621, "p99": 53538.87615347621, "max": 53538.87615347621}}
{"target_qps": 5.0, "actual_qps": 4.999941997514867, "success_rate": 100.0, "input_tokens": 4200,