{"target_qps": 5.0, "actual_qps": 4.997829437842111, "success_rate": 100.0, "input_tokens": 4263, "output_tokens": 172, "model": "meta-llama/Llama-3.1-8B-Instruct", "input_tokens_per_minute": 1279150.5263157894, "output_tokens_per_minute": 51845.26315789474, "slo_seconds": 5.0, "slo_attainment": 100.0, "ttft_slo_ms": 1000, "ttft_slo_attainment": 99.64912280701755, "tpot_slo_ms": 50, "tpot_slo_attainment": 100.0, "Latency": {"unit": "s", "min": 0.2961214939132333, "p50": 2.1289755408652127, "p90": 2.811905725300312, "p95": 3.171061926474795, "p99": 3.5604795517958716, "max": 4.059915794059634}, "Throughput": {"unit": "tokens/s", "min": 18.78722786880337, "p50": 85.97731240809497, "p90": 106.5963692343568, "p95": 114.75825832350799, "p99": 121.43294642208153, "max": 123.45949075752355}, "TTFT": {"unit": "s", "min": 0.042581697925925255, "p50": 0.23373319813981652, "p90": 0.3587931987829506, "p95": 0.5040156255941842, "p99": 0.7333401438314476, "max": 2.39705346012488}, "TPOT": {"unit": "ms", "min": 7.161988287835437, "p50": 9.981643367586798, "p90": 13.709314562729816, "p95": 14.950147173110045, "p99": 17.69022395034541, "max": 20.621723495423794}, "Input Tokens per Minute": {"unit": "tokens/min", "min": 1279150.5263157894, "p50": 1279150.5263157894, "p90": 1279150.5263157894, "p95": 1279150.5263157894, "p99": 1279150.5263157894, "max": 1279150.5263157894}, "Output Tokens per Minute": {"unit": "tokens/min", "min": 51845.26315789474, "p50": 51845.26315789474, "p90": 51845.26315789474, "p95": 51845.26315789474, "p99": 51845.26315789474, "max": 51845.26315789474}}
{"target_qps": 5.0, "actual_qps": 4.9985068906892405, "success_rate": 100.0, "input_tokens": 3948, "output_tokens": 177, "model": "meta-llama/Llama-3.1-8B-Instruct", "input_tokens_per_minute": 1184430.0, "output_tokens_per_minute": 53178.0, "slo_seconds": 5.0, "slo_attainment": 100.0, "ttft_slo_ms": 1000, "ttft_slo_attainment": 100.0, "tpot_slo_ms": 50, "tpot_slo_attainment": 100.0, "Latency": {"unit": "s", "min": 0.3226625700481236, "p50": 2.73243343597278, "p90": 3.3520972332684327, "p95": 3.500296579312999, "p99": 3.675709661382716, "max": 4.479054171126336}, "Throughput": {"unit": "tokens/s", "min": 31.737772302562714, "p50": 68.48961188272908, "p90": 83.01921784009639, "p95": 87.27801538479541, "p99": 94.2123877212866, "max": 102.3066720147317}, "TTFT": {"unit": "s", "min": 0.06627066200599074, "p50": 0.22433658444788307, "p90": 0.3386708814185113, "p95": 0.3752981150173584, "p99": 0.4930393606028518, "max": 0.6339486949145794}, "TPOT": {"unit": "ms", "min": 8.61283486398558, "p50": 13.198942839327133, "p90": 15.77001302866814, "p95": 16.384453707299752, "p99": 17.80554688033374, "max": 21.043464553135276}, "Input Tokens per Minute": {"unit": "tokens/min", "min": 1184430.0, "p50": 1184430.0, "p90": 1184430.0, "p95": 1184430.0, "p99": 1184430.0, "max": 1184430.0}, "Output Tokens per Minute": {"unit": "tokens/min", "min": 53178.0, "p50": 53178.0, "p90": 53178.0, "p95": 53178.0, "p99": 53178.0, "max": 53178.0}}
{"target_qps": 5.0, "actual_qps": 4.996243926723166, "success_rate": 100.0, "input_tokens": 4072, "output_tokens": 174, "model": "meta-llama/Llama-3.1-8B-Instruct", "input_tokens_per_minute": 1225038.0416323214, "output_tokens_per_minute": 52470.553718446696, "slo_seconds": 5.0, "slo_attainment": 100.0, "ttft_slo_ms": 1000, "ttft_slo_attainment": 100.0, "tpot_slo_ms": 50, "tpot_slo_attainment": 100.0, "Latency": {"unit": "s", "min": 0.3123699410352856, "p50": 2.7729036370292306, "p90": 3.41199110285379, "p95": 3.5953683578409255, "p99": 4.112624858971685, "max": 4.961855829926208}, "Throughput": {"unit": "tokens/s", "min": 40.30749922110784, "p50": 68.58221591597851, "p90": 80.28544384769855, "p95": 83.1450832395568, "p99": 88.80836026864456, "max": 97.55641353696497}, "TTFT": {"unit": "s", "min": 0.06883299304172397, "p50": 0.23898578202351928, "p90": 0.3407576931640506, "p95": 0.41318649891763926, "p99": 0.6502322249580175, "max": 0.8010665189940482}, "TPOT": {"unit": "ms", "min": 8.730047673452646, "p50": 13.01863693033144, "p90": 16.126564431137272, "p95": 17.004017321505213, "p99": 19.336485150667965, "max": 23.679565738924037}, "Input Tokens per Minute": {"unit": "tokens/min", "min": 1225038.0416323214, "p50": 1225038.0416323214, "p90": 1225038.0416323214, "p95": 1225038.0416323214, "p99": 1225038.0416323214, "max": 1225038.0416323214}, "Output Tokens per Minute": {"unit": "tokens/min", "min": 52470.553718446696, "p50": 52470.553718446696, "p90": 52470.553718446696, "p95": 52470.553718446696, "p99": 52470.553718446696, "max": 52470.553718446696}}
{"target_qps": 5.0, "actual_qps": 4.999962197301028, "success_rate": 100.0, "input_tokens": 4059, "output_tokens": 179, "model": "meta-llama/Llama-3.1-8B-Instruct", "input_tokens_per_minute": 1217988.9261744968, "output_tokens_per_minute": 53923.48993288591, "slo_seconds": 5.0, "slo_attainment": 100.0, "ttft_slo_ms": 1000, "ttft_slo_attainment": 100.0, "tpot_slo_ms": 50, "tpot_slo_attainment": 100.0, "Latency": {"unit": "s", "min": 0.3084481619298458, "p50": 2.781511267996393, "p90": 3.540163314971142, "p95": 3.6962990755448115, "p99": 4.1146710354881355, "max": 4.3415594468824565}, "Throughput": {"unit": "tokens/s", "min": 22.308259355114313, "p50": 67.42612014752254, "p90": 83.15885659841979, "p95": 87.17238797607322, "p99": 95.26930918563784, "max": 105.7647210311805}, "TTFT": {"unit": "s", "min": 0.025298595894128084, "p50": 0.2083464120514691, "p90": 0.3245267118094489, "p95": 0.37093226748984304, "p99": 0.5426468835258847, "max": 0.7620404229965061}, "TPOT": {"unit": "ms", "min": 7.419400365540275, "p50": 13.572857222033093, "p90": 17.132115940535304, "p95": 18.537113367643723, "p99": 19.8805496472585, "max": 21.639756486810583}, "Input Tokens per Minute": {"unit": "tokens/min", "min": 1217988.9261744968, "p50": 1217988.9261744968, "p90": 1217988.9261744968, "p95": 1217988.9261744968, "p99": 1217988.9261744968, "max": 1217988.9261744968}, "Output Tokens per Minute": {"unit": "tokens/min", "min": 53923.48993288591, "p50": 53923.48993288591, "p90": 53923.48993288591, "p95": 53923.48993288591, "p99": 53923.48993288591, "max": 53923.48993288591}}
{"target_qps": 5.0, "actual_qps": 4.999986484780342, "success_rate": 100.0, "input_tokens": 3982, "output_tokens": 176, "model": "meta-llama/Llama-3.1-8B-Instruct", "input_tokens_per_minute": 1201915.4247394465, "output_tokens_per_minute": 53162.03387790518, "slo_seconds": 5.0, "slo_attainment": 100.0, "ttft_slo_ms": 1000, "ttft_slo_attainment": 100.0, "tpot_slo_ms": 50, "tpot_slo_attainment": 100.0, "Latency": {"unit": "s", "min": 0.27076939097605646, "p50": 2.6390591195086017, "p90": 3.2420301726786422, "p95": 3.4144892477430404, "p99": 3.689201065655798, "max": 3.941326905041933}, "Throughput": {"unit": "tokens/s", "min": 34.394709402394135, "p50": 72.85997455096583, "p90": 85.07362430507273, "p95": 89.42084189687584, "p99": 97.63164620649064, "max": 104.42015916113417}, "TTFT": {"unit": "s", "min": 0.021328814094886184, "p50": 0.13722355698700994, "p90": 0.2028900068020448, "p95": 0.2107054764870554, "p99": 0.4395084619196139, "max": 0.5562514159828424}, "TPOT": {"unit": "ms", "min": 2.3921206205462417, "p50": 12.913006903823621, "p90": 15.840702590382845, "p95": 16.47556844281899, "p99": 17.9672806674896, "max": 18.775715462245685}, "Input Tokens per Minute": {"unit": "tokens/min", "min": 1201915.4247394465, "p50": 1201915.4247394465, "p90": 1201915.4247394465, "p95": 1201915.4247394465, "p99": 1201915.4247394465, "max": 1201915.4247394465}, "Output Tokens per Minute": {"unit": "tokens/min", "min": 53162.03387790518, "p50": 53162.03387790518, "p90": 53162.03387790518, "p95": 53162.03387790518, "p99": 53162.03387790518, "max": 53162.03387790518}}
{"target_qps": 5.0, "actual_qps": 4.999969510023612, "success_rate": 100.0, "input_tokens": 4191, "output_tokens": 179, "model": "meta-llama/Llama-3.1-8B-Instruct", "input_tokens_per_minute": 1257401.3377926422,