{"target_qps": 5.0, "actual_qps": 4.998308371581765, "success_rate": 100.0, "input_tokens": 4264, "output_tokens": 176, "model": "meta-llama/Llama-3.1-8B-Instruct", "input_tokens_per_minute": 1279218.75, "output_tokens_per_minute": 52826.04166666667, "slo_seconds": 5.0, "slo_attainment": 100.0, "ttft_slo_ms": 1000, "ttft_slo_attainment": 99.65277777777779, "tpot_slo_ms": 50, "tpot_slo_attainment": 100.0, "Latency": {"unit": "s", "min": 0.33522871788591146, "p50": 2.5594666715478525, "p90": 3.156274020392448, "p95": 3.3044748186483046, "p99": 3.716244532363489, "max": 4.343894548015669}, "Throughput": {"unit": "tokens/s", "min": 27.19714167325986, "p50": 73.68373370233465, "p90": 86.82834457838025, "p95": 90.45111938975042, "p99": 96.19665267038972, "max": 102.68901438451493}, "TTFT": {"unit": "s", "min": 0.041652885964140296, "p50": 0.1590910644736141, "p90": 0.30132060972973707, "p95": 0.3477275049663148, "p99": 0.6561843359237534, "max": 2.2685151379555464}, "TPOT": {"unit": "ms", "min": 7.605515918435736, "p50": 12.332006896396715, "p90": 15.296008800104934, "p95": 16.418290105250534, "p99": 18.887164450134723, "max": 24.93895223364234}, "Input Tokens per Minute": {"unit": "tokens/min", "min": 1279218.75, "p50": 1279218.75, "p90": 1279218.75, "p95": 1279218.75, "p99": 1279218.75, "max": 1279218.75}, "Output Tokens per Minute": {"unit": "tokens/min", "min": 52826.04166666667, "p50": 52826.04166666667, "p90": 52826.04166666667, "p95": 52826.04166666667, "p99": 52826.04166666667, "max": 52826.04166666667}}
{"target_qps": 5.0, "actual_qps": 4.995635896416493, "success_rate": 100.0, "input_tokens": 3957, "output_tokens": 178, "model": "meta-llama/Llama-3.1-8B-Instruct", "input_tokens_per_minute": 1187126.2626262626, "output_tokens_per_minute": 53527.27272727273, "slo_seconds": 5.0, "slo_attainment": 100.0, "ttft_slo_ms": 1000, "ttft_slo_attainment": 100.0, "tpot_slo_ms": 50, "tpot_slo_attainment": 100.0, "Latency": {"unit": "s", "min": 0.2531827238854021, "p50": 2.697675285162404, "p90": 3.329643828887493, "p95": 3.5236798203084616, "p99": 4.146078543206677, "max": 4.332739331992343}, "Throughput": {"unit": "tokens/s", "min": 29.684148838826953, "p50": 70.53439555576206, "p90": 84.57882117512233, "p95": 88.68223982281135, "p99": 92.15648554113596, "max": 98.60554468847472}, "TTFT": {"unit": "s", "min": 0.04603565204888582, "p50": 0.15113157290033996, "p90": 0.30557966921478513, "p95": 0.33177130618132644, "p99": 0.5406858236435805, "max": 0.626486609922722}, "TPOT": {"unit": "ms", "min": 2.228678888915216, "p50": 13.022576000110888, "p90": 16.06814170995699, "p95": 16.97344856434681, "p99": 20.237392727379223, "max": 22.45653978186763}, "Input Tokens per Minute": {"unit": "tokens/min", "min": 1187126.2626262626, "p50": 1187126.2626262626, "p90": 1187126.2626262626, "p95": 1187126.2626262626, "p99": 1187126.2626262626, "max": 1187126.2626262626}, "Output Tokens per Minute": {"unit": "tokens/min", "min": 53527.27272727273, "p50": 53527.27272727273, "p90": 53527.27272727273, "p95": 53527.27272727273, "p99": 53527.27272727273, "max": 53527.27272727273}}
{"target_qps": 5.0, "actual_qps": 4.999634541955744, "success_rate": 100.0, "input_tokens": 4043, "output_tokens": 171, "model": "meta-llama/Llama-3.1-8B-Instruct", "input_tokens_per_minute": 1215998.7239457108, "output_tokens_per_minute": 51517.99474538473, "slo_seconds": 5.0, "slo_attainment": 100.0, "ttft_slo_ms": 1000, "ttft_slo_attainment": 100.0, "tpot_slo_ms": 50, "tpot_slo_attainment": 100.0, "Latency": {"unit": "s", "min": 0.264916128013283, "p50": 2.678434666013345, "p90": 3.294565076008439, "p95": 3.400690490147099, "p99": 3.615855934796855, "max": 3.830953700002283}, "Throughput": {"unit": "tokens/s", "min": 29.641526015902947, "p50": 69.94031968410368, "p90": 83.38404582671835, "p95": 88.47080590448095, "p99": 95.03695101688999, "max": 103.1290420285361}, "TTFT": {"unit": "s", "min": 0.03802542993798852, "p50": 0.14961782796308398, "p90": 0.2912901968229562, "p95": 0.33774972311221063, "p99": 0.4473283451516181, "max": 0.6394748908933252}, "TPOT": {"unit": "ms", "min": 8.463756181299686, "p50": 13.198415342405994, "p90": 15.729006290922513, "p95": 16.579423477667287, "p99": 17.874467360960253, "max": 18.937771523590474}, "Input Tokens per Minute": {"unit": "tokens/min", "min": 1215998.7239457108, "p50": 1215998.7239457108, "p90": 1215998.7239457108, "p95": 1215998.7239457108, "p99": 1215998.7239457108, "max": 1215998.7239457108}, "Output Tokens per Minute": {"unit": "tokens/min", "min": 51517.99474538473, "p50": 51517.99474538473, "p90": 51517.99474538473, "p95": 51517.99474538473, "p99": 51517.99474538473, "max": 51517.99474538473}}
{"target_qps": 5.0, "actual_qps": 4.999949319860042, "success_rate": 100.0, "input_tokens": 4058, "output_tokens": 179, "model": "meta-llama/Llama-3.1-8B-Instruct", "input_tokens_per_minute": 1217430.201342282, "output_tokens_per_minute": 53830.87248322148, "slo_seconds": 5.0, "slo_attainment": 100.0, "ttft_slo_ms": 1000, "ttft_slo_attainment": 100.0, "tpot_slo_ms": 50, "tpot_slo_attainment": 100.0, "Latency": {"unit": "s", "min": 0.2870352338068187, "p50": 2.7539384175324813, "p90": 3.463925176602788, "p95": 3.6080885419039985, "p99": 4.046747344431933, "max": 4.5619487629737705}, "Throughput": {"unit": "tokens/s", "min": 28.649170796319556, "p50": 69.14562351204368, "p90": 86.42735403761016, "p95": 93.20955683350739, "p99": 98.69884630779038, "max": 101.66945000136072}, "TTFT": {"unit": "s", "min": 0.0208300210069865, "p50": 0.142045347369276, "p90": 0.31329564570914953, "p95": 0.3484309818595645, "p99": 0.5993519406137034, "max": 0.698907638899982}, "TPOT": {"unit": "ms", "min": 9.12586108703787, "p50": 13.461482660826203, "p90": 16.637748698689904, "p95": 17.37604308610164, "p99": 20.22663675524597, "max": 27.222145814448595}, "Input Tokens per Minute": {"unit": "tokens/min", "min": 1217430.201342282, "p50": 1217430.201342282, "p90": 1217430.201342282, "p95": 1217430.201342282, "p99": 1217430.201342282, "max": 1217430.201342282}, "Output Tokens per Minute": {"unit": "tokens/min", "min": 53830.87248322148, "p50": 53830.87248322148, "p90": 53830.87248322148, "p95": 53830.87248322148, "p99": 53830.87248322148, "max": 53830.87248322148}}
{"target_qps": 5.0, "actual_qps": 4.999958388174589, "success_rate": 100.0, "input_tokens": 4026, "output_tokens": 178, "model": "meta-llama/Llama-3.1-8B-Instruct", "input_tokens_per_minute": 1231180.4614349206, "output_tokens_per_minute": 54582.3178042466, "slo_seconds": 5.0, "slo_attainment": 100.0, "ttft_slo_ms": 1000, "ttft_slo_attainment": 100.0, "tpot_slo_ms": 50, "tpot_slo_attainment": 100.0, "Latency": {"unit": "s", "min": 0.14182310202158988, "p50": 2.107333998894319, "p90": 2.553149733459577, "p95": 2.817619564535562, "p99": 3.1160087556694624, "max": 3.159083724953234}, "Throughput": {"unit": "tokens/s", "min": 37.609283177040446, "p50": 90.14761616342861, "p90": 102.17127326057336, "p95": 106.85812358166491, "p99": 110.20558501368608, "max": 112.36291891590602}, "TTFT": {"unit": "s", "min": 0.018307767109945416, "p50": 0.03665360203012824, "p90": 0.1504832279169932, "p95": 0.19014776212861761, "p99": 0.32131130285561066, "max": 0.5598610599990934}, "TPOT": {"unit": "ms", "min": 3.885788596509134, "p50": 10.780538466010405, "p90": 12.801683753560386, "p95": 13.945936607945729, "p99": 15.232974921889019, "max": 20.097038165355723}, "Input Tokens per Minute": {"unit": "tokens/min", "min": 1231180.4614349206, "p50": 1231180.4614349206, "p90": 1231180.4614349206, "p95": 1231180.4614349206, "p99": 1231180.4614349206, "max": 1231180.4614349206}, "Output Tokens per Minute": {"unit": "tokens/min", "min": 54582.3178042466, "p50": 54582.3178042466, "p90": 54582.3178042466, "p95": 54582.3178042466, "p99": 54582.3178042466, "max": 54582.3178042466}}
{"target_qps": 5.0, "actual_qps": 4.999902479642236, "success_rate": 100.0, "input_tokens": 4207, "output_tokens": 178, "model": "meta-llama/Llama-3.1-8B-Instruct",