{"target_qps": 5.0, "actual_qps": 4.9970854793789945, "success_rate": 100.0, "input_tokens": 4250, "output_tokens": 181, "model": "meta-llama/Llama-3.1-8B-Instruct", "input_tokens_per_minute": 1275264.210526316, "output_tokens_per_minute": 54411.57894736843, "slo_seconds": 5.0, "slo_attainment": 99.64912280701755, "ttft_slo_ms": 1000, "ttft_slo_attainment": 99.64912280701755, "tpot_slo_ms": 50, "tpot_slo_attainment": 100.0, "Latency": {"unit": "s", "min": 0.3164515879470855, "p50": 2.5068280601408333, "p90": 3.099146296037361, "p95": 3.2658102749381213, "p99": 3.6077294875588297, "max": 5.354765493888408}, "Throughput": {"unit": "tokens/s", "min": 37.0157717600598, "p50": 75.92027693557134, "p90": 94.44438551153817, "p95": 97.95746419441774, "p99": 104.34280281737898, "max": 107.24313978220498}, "TTFT": {"unit": "s", "min": 0.034635093063116074, "p50": 0.19456693902611732, "p90": 0.33078120993450283, "p95": 0.3835817086976022, "p99": 0.6355323096178472, "max": 3.03101401287131}, "TPOT": {"unit": "ms", "min": 7.643973289911325, "p50": 11.905368231470936, "p90": 14.887294008972209, "p95": 15.523874403759091, "p99": 17.254750149502378, "max": 18.808373386439467}, "Input Tokens per Minute": {"unit": "tokens/min", "min": 1275264.210526316, "p50": 1275264.210526316, "p90": 1275264.210526316, "p95": 1275264.210526316, "p99": 1275264.210526316, "max": 1275264.210526316}, "Output Tokens per Minute": {"unit": "tokens/min", "min": 54411.57894736843, "p50": 54411.57894736843, "p90": 54411.57894736843, "p95": 54411.57894736843, "p99": 54411.57894736843, "max": 54411.57894736843}}
{"target_qps": 5.0, "actual_qps": 4.9991487827712815, "success_rate": 100.0, "input_tokens": 3962, "output_tokens": 179, "model": "meta-llama/Llama-3.1-8B-Instruct", "input_tokens_per_minute": 1195945.4718601038, "output_tokens_per_minute": 54265.350054768256, "slo_seconds": 5.0, "slo_attainment": 100.0, "ttft_slo_ms": 1000, "ttft_slo_attainment": 100.0, "tpot_slo_ms": 50, "tpot_slo_attainment": 100.0, "Latency": {"unit": "s", "min": 0.34715880104340613, "p50": 2.707524922443554, "p90": 3.3888225957052787, "p95": 3.578605474589858, "p99": 3.7941739923274147, "max": 4.433183018118143}, "Throughput": {"unit": "tokens/s", "min": 22.102187101369523, "p50": 69.69895143447141, "p90": 85.28033204975262, "p95": 90.38949282264458, "p99": 97.30037257840605, "max": 104.42870700437669}, "TTFT": {"unit": "s", "min": 0.04067307896912098, "p50": 0.1809248480712995, "p90": 0.3092827456537634, "p95": 0.3278423621202819, "p99": 0.5063645264855587, "max": 0.7567183570936322}, "TPOT": {"unit": "ms", "min": 8.827131008729339, "p50": 13.238319630271459, "p90": 16.564988565687372, "p95": 17.32886261698654, "p99": 20.47323855888666, "max": 27.478043209263234}, "Input Tokens per Minute": {"unit": "tokens/min", "min": 1195945.4718601038, "p50": 1195945.4718601038, "p90": 1195945.4718601038, "p95": 1195945.4718601038, "p99": 1195945.4718601038, "max": 1195945.4718601038}, "Output Tokens per Minute": {"unit": "tokens/min", "min": 54265.350054768256, "p50": 54265.350054768256, "p90": 54265.350054768256, "p95": 54265.350054768256, "p99": 54265.350054768256, "max": 54265.350054768256}}
{"target_qps": 5.0, "actual_qps": 4.998379896614769, "success_rate": 100.0, "input_tokens": 4056, "output_tokens": 176, "model": "meta-llama/Llama-3.1-8B-Instruct", "input_tokens_per_minute": 1224369.8934839072, "output_tokens_per_minute": 53249.94228535845, "slo_seconds": 5.0, "slo_attainment": 100.0, "ttft_slo_ms": 1000, "ttft_slo_attainment": 100.0, "tpot_slo_ms": 50, "tpot_slo_attainment": 100.0, "Latency": {"unit": "s", "min": 0.2567123209591955, "p50": 2.6736366853583604, "p90": 3.330814960412682, "p95": 3.4477084038779138, "p99": 3.6594676525751133, "max": 3.8094277170021087}, "Throughput": {"unit": "tokens/s", "min": 32.52234189872716, "p50": 72.59950168876651, "p90": 85.58410837751191, "p95": 89.17675944331566, "p99": 96.42511204692661, "max": 104.01438738348949}, "TTFT": {"unit": "s", "min": 0.04557318193838, "p50": 0.18004703393671662, "p90": 0.29854441036004575, "p95": 0.3259711859049275, "p99": 0.4087641789857299, "max": 0.9139456448610872}, "TPOT": {"unit": "ms", "min": 9.045745562762022, "p50": 12.741737590105878, "p90": 15.571115335248336, "p95": 16.177488794264686, "p99": 17.35033717076645, "max": 19.81943105864856}, "Input Tokens per Minute": {"unit": "tokens/min", "min": 1224369.8934839072, "p50": 1224369.8934839072, "p90": 1224369.8934839072, "p95": 1224369.8934839072, "p99": 1224369.8934839072, "max": 1224369.8934839072}, "Output Tokens per Minute": {"unit": "tokens/min", "min": 53249.94228535845, "p50": 53249.94228535845, "p90": 53249.94228535845, "p95": 53249.94228535845, "p99": 53249.94228535845, "max": 53249.94228535845}}
{"target_qps": 5.0, "actual_qps": 4.9998978152606215, "success_rate": 100.0, "input_tokens": 4061, "output_tokens": 179, "model": "meta-llama/Llama-3.1-8B-Instruct", "input_tokens_per_minute": 1218383.55704698, "output_tokens_per_minute": 53888.25503355705, "slo_seconds": 5.0, "slo_attainment": 100.0, "ttft_slo_ms": 1000, "ttft_slo_attainment": 100.0, "tpot_slo_ms": 50, "tpot_slo_attainment": 100.0, "Latency": {"unit": "s", "min": 0.22580704581923783, "p50": 2.7376669055083767, "p90": 3.4489199031842874, "p95": 3.569337962730787, "p99": 4.064688501427882, "max": 4.322673105169088}, "Throughput": {"unit": "tokens/s", "min": 11.899476580290449, "p50": 68.79228669176409, "p90": 86.31009515363073, "p95": 90.44535263235457, "p99": 98.61614533329941, "max": 108.06159069315137}, "TTFT": {"unit": "s", "min": 0.023506029974669218, "p50": 0.17813319456763566, "p90": 0.3092286732979119, "p95": 0.36979532035766133, "p99": 0.6795076190307736, "max": 0.8343332749791443}, "TPOT": {"unit": "ms", "min": 8.57786806510883, "p50": 13.438861342100191, "p90": 16.340638576286036, "p95": 17.49886507045562, "p99": 19.314748236897085, "max": 37.14381199097261}, "Input Tokens per Minute": {"unit": "tokens/min", "min": 1218383.55704698, "p50": 1218383.55704698, "p90": 1218383.55704698, "p95": 1218383.55704698, "p99": 1218383.55704698, "max": 1218383.55704698}, "Output Tokens per Minute": {"unit": "tokens/min", "min": 53888.25503355705, "p50": 53888.25503355705, "p90": 53888.25503355705, "p95": 53888.25503355705, "p99": 53888.25503355705, "max": 53888.25503355705}}
{"target_qps": 5.0, "actual_qps": 4.999907752532315, "success_rate": 100.0, "input_tokens": 4021, "output_tokens": 174, "model": "meta-llama/Llama-3.1-8B-Instruct", "input_tokens_per_minute": 1217766.7447314558, "output_tokens_per_minute": 52962.11016174621, "slo_seconds": 5.0, "slo_attainment": 100.0, "ttft_slo_ms": 1000, "ttft_slo_attainment": 100.0, "tpot_slo_ms": 50, "tpot_slo_attainment": 100.0, "Latency": {"unit": "s", "min": 0.18702790490351617, "p50": 2.2393466311041266, "p90": 2.7683498467784378, "p95": 2.909990106592886, "p99": 3.1541924180649223, "max": 3.4935853159986436}, "Throughput": {"unit": "tokens/s", "min": 48.03241464371871, "p50": 85.68584605335147, "p90": 98.41486581808994, "p95": 101.56550481423969, "p99": 106.53730593561808, "max": 109.73127813689239}, "TTFT": {"unit": "s", "min": 0.02321840194053948, "p50": 0.12173021002672613, "p90": 0.20041943895630537, "p95": 0.21524186863098282, "p99": 0.440053393882702, "max": 0.598517743172124}, "TPOT": {"unit": "ms", "min": 1.5691202407812372, "p50": 10.754182607160141, "p90": 13.535580683930139, "p95": 14.362098425021394, "p99": 16.059058432397087, "max": 18.534992712154757}, "Input Tokens per Minute": {"unit": "tokens/min", "min": 1217766.7447314558, "p50": 1217766.7447314558, "p90": 1217766.7447314558, "p95": 1217766.7447314558, "p99": 1217766.7447314558, "max": 1217766.7447314558}, "Output Tokens per Minute": {"unit": "tokens/min", "min": 52962.11016174621, "p50": 52962.11016174621, "p90": 52962.11016174621, "p95": 52962.11016174621, "p99": 52962.11016174621, "max": 52962.11016174621}}
{"target_qps": 5.0, "actual_qps": 4.999896850721682, "success_rate": 100.0, "input_tokens": 4186,