{"target_qps": 5.0, "actual_qps": 4.999036403662652, "success_rate": 100.0, "input_tokens": 4270, "output_tokens": 175, "model": "meta-llama/Llama-3.1-8B-Instruct", "input_tokens_per_minute": 1281258.041958042, "output_tokens_per_minute": 52524.12587412587, "slo_seconds": 5.0, "slo_attainment": 99.65034965034964, "ttft_slo_ms": 1000, "ttft_slo_attainment": 99.65034965034964, "tpot_slo_ms": 50, "tpot_slo_attainment": 100.0, "Latency": {"unit": "s", "min": 0.25244761793874204, "p50": 2.706864724867046, "p90": 3.2583831895608455, "p95": 3.484801552782301, "p99": 3.760757167800329, "max": 5.18640650389716}, "Throughput": {"unit": "tokens/s", "min": 17.56683781893365, "p50": 69.4858693987256, "p90": 83.82425698637167, "p95": 87.50606005036914, "p99": 89.85720673955645, "max": 105.0007648514418}, "TTFT": {"unit": "s", "min": 0.03405771218240261, "p50": 0.19851155939977616, "p90": 0.36461784096900374, "p95": 0.5082040167762898, "p99": 0.6483402060461223, "max": 2.8049851509276778}, "TPOT": {"unit": "ms", "min": 7.314761120748396, "p50": 12.98071829433642, "p90": 16.01701931309136, "p95": 16.783115413068003, "p99": 22.40607163808799, "max": 28.578332664134603}, "Input Tokens per Minute": {"unit": "tokens/min", "min": 1281258.041958042, "p50": 1281258.041958042, "p90": 1281258.041958042, "p95": 1281258.041958042, "p99": 1281258.041958042, "max": 1281258.041958042}, "Output Tokens per Minute": {"unit": "tokens/min", "min": 52524.12587412587, "p50": 52524.12587412587, "p90": 52524.12587412587, "p95": 52524.12587412587, "p99": 52524.12587412587, "max": 52524.12587412587}}
{"target_qps": 5.0, "actual_qps": 4.998935975805146, "success_rate": 100.0, "input_tokens": 3947, "output_tokens": 178, "model": "meta-llama/Llama-3.1-8B-Instruct", "input_tokens_per_minute": 1184206.711409396, "output_tokens_per_minute": 53436.24161073826, "slo_seconds": 5.0, "slo_attainment": 100.0, "ttft_slo_ms": 1000, "ttft_slo_attainment": 100.0, "tpot_slo_ms": 50, "tpot_slo_attainment": 100.0, "Latency": {"unit": "s", "min": 0.27440888597629964, "p50": 2.718121894984506, "p90": 3.3809642642037945, "p95": 3.5048914488637815, "p99": 3.873888486814684, "max": 4.601174367126077}, "Throughput": {"unit": "tokens/s", "min": 26.3307432523574, "p50": 70.15882745305551, "p90": 81.5447300391817, "p95": 88.08190406501782, "p99": 94.76063490759667, "max": 95.70689468196791}, "TTFT": {"unit": "s", "min": 0.05295978509820998, "p50": 0.19787604350131005, "p90": 0.3141248709289357, "p95": 0.36335907847387716, "p99": 0.6460900543117893, "max": 0.7792928880080581}, "TPOT": {"unit": "ms", "min": 9.703135805955128, "p50": 12.965379010487828, "p90": 16.176333789709002, "p95": 17.04478585418669, "p99": 20.042968768528127, "max": 36.156780130113475}, "Input Tokens per Minute": {"unit": "tokens/min", "min": 1184206.711409396, "p50": 1184206.711409396, "p90": 1184206.711409396, "p95": 1184206.711409396, "p99": 1184206.711409396, "max": 1184206.711409396}, "Output Tokens per Minute": {"unit": "tokens/min", "min": 53436.24161073826, "p50": 53436.24161073826, "p90": 53436.24161073826, "p95": 53436.24161073826, "p99": 53436.24161073826, "max": 53436.24161073826}}
{"target_qps": 5.0, "actual_qps": 4.996117770103619, "success_rate": 100.0, "input_tokens": 4059, "output_tokens": 171, "model": "meta-llama/Llama-3.1-8B-Instruct", "input_tokens_per_minute": 1217971.0, "output_tokens_per_minute": 51489.0, "slo_seconds": 5.0, "slo_attainment": 100.0, "ttft_slo_ms": 1000, "ttft_slo_attainment": 100.0, "tpot_slo_ms": 50, "tpot_slo_attainment": 100.0, "Latency": {"unit": "s", "min": 0.29848315310664475, "p50": 2.7675368984928355, "p90": 3.43025607324671, "p95": 3.5871978841023533, "p99": 4.10427942808019, "max": 4.274094210937619}, "Throughput": {"unit": "tokens/s", "min": 31.195066592880828, "p50": 67.00489484792044, "p90": 81.73263317269578, "p95": 85.81231102467945, "p99": 94.78758109301285, "max": 100.77716279354016}, "TTFT": {"unit": "s", "min": 0.047410591039806604, "p50": 0.20908317505382001, "p90": 0.3235160993412137, "p95": 0.3587312906165608, "p99": 0.5591031375364391, "max": 0.8770548948086798}, "TPOT": {"unit": "ms", "min": 6.6461525081346435, "p50": 13.31616515567498, "p90": 16.20135652484618, "p95": 17.538245237138906, "p99": 19.347739971884003, "max": 20.942793902941048}, "Input Tokens per Minute": {"unit": "tokens/min", "min": 1217971.0, "p50": 1217971.0, "p90": 1217971.0, "p95": 1217971.0, "p99": 1217971.0, "max": 1217971.0}, "Output Tokens per Minute": {"unit": "tokens/min", "min": 51489.0, "p50": 51489.0, "p90": 51489.0, "p95": 51489.0, "p99": 51489.0, "max": 51489.0}}
{"target_qps": 5.0, "actual_qps": 4.99995359483869, "success_rate": 100.0, "input_tokens": 4060, "output_tokens": 177, "model": "meta-llama/Llama-3.1-8B-Instruct", "input_tokens_per_minute": 1225459.757333664, "output_tokens_per_minute": 53708.266028613914, "slo_seconds": 5.0, "slo_attainment": 100.0, "ttft_slo_ms": 1000, "ttft_slo_attainment": 99.66887417218543, "tpot_slo_ms": 50, "tpot_slo_attainment": 100.0, "Latency": {"unit": "s", "min": 0.26095339586026967, "p50": 2.682733975816518, "p90": 3.3669119912199683, "p95": 3.5399197042686863, "p99": 3.801888396679424, "max": 4.078656884143129}, "Throughput": {"unit": "tokens/s", "min": 26.371992264790666, "p50": 70.40015556535488, "p90": 85.13428818268955, "p95": 89.53027056490798, "p99": 93.31920584372718, "max": 96.66415098079928}, "TTFT": {"unit": "s", "min": 0.02501855813898146, "p50": 0.17203008686192334, "p90": 0.3152948052622378, "p95": 0.3805274906335398, "p99": 0.7066983714001258, "max": 1.1625645430758595}, "TPOT": {"unit": "ms", "min": 8.525833287941557, "p50": 13.085771586753797, "p90": 15.895601896016892, "p95": 16.93920671358358, "p99": 19.05100890157988, "max": 25.524535962311482}, "Input Tokens per Minute": {"unit": "tokens/min", "min": 1225459.757333664, "p50": 1225459.757333664, "p90": 1225459.757333664, "p95": 1225459.757333664, "p99": 1225459.757333664, "max": 1225459.757333664}, "Output Tokens per Minute": {"unit": "tokens/min", "min": 53708.266028613914, "p50": 53708.266028613914, "p90": 53708.266028613914, "p95": 53708.266028613914, "p99": 53708.266028613914, "max": 53708.266028613914}}
{"target_qps": 5.0, "actual_qps": 4.999915049360706, "success_rate": 100.0, "input_tokens": 4016, "output_tokens": 175, "model": "meta-llama/Llama-3.1-8B-Instruct", "input_tokens_per_minute": 1204965.0, "output_tokens_per_minute": 52612.0, "slo_seconds": 5.0, "slo_attainment": 100.0, "ttft_slo_ms": 1000, "ttft_slo_attainment": 100.0, "tpot_slo_ms": 50, "tpot_slo_attainment": 100.0, "Latency": {"unit": "s", "min": 0.3928691840264946, "p50": 2.998422419070266, "p90": 3.71195054051932, "p95": 3.9609328339225613, "p99": 4.450225946696009, "max": 4.557514856103808}, "Throughput": {"unit": "tokens/s", "min": 39.30435185709654, "p50": 62.51972647903293, "p90": 75.8714880933338, "p95": 80.48236010313666, "p99": 93.63254407908585, "max": 95.2105122550131}, "TTFT": {"unit": "s", "min": 0.025783761870115995, "p50": 0.1367373140528798, "p90": 0.21123765737283978, "p95": 0.2582779461867176, "p99": 0.4912558425334278, "max": 0.6374343240167946}, "TPOT": {"unit": "ms", "min": 1.0857988381758332, "p50": 15.191905743362915, "p90": 18.337385744633313, "p95": 19.115802752225086, "p99": 21.483155545034446, "max": 23.979852370665235}, "Input Tokens per Minute": {"unit": "tokens/min", "min": 1204965.0, "p50": 1204965.0, "p90": 1204965.0, "p95": 1204965.0, "p99": 1204965.0, "max": 1204965.0}, "Output Tokens per Minute": {"unit": "tokens/min", "min": 52612.0, "p50": 52612.0, "p90": 52612.0, "p95": 52612.0, "p99": 52612.0, "max": 52612.0}}
{"target_qps": 5.0, "actual_qps": 4.999943753464056, "success_rate": 100.0, "input_tokens": 4159, "output_tokens": 181, "model": "meta-llama/Llama-3.1-8B-Instruct", "input_tokens_per_minute": 1247963.7583892618, "output_tokens_per_minute": 54508.38926174497, "slo_seconds": 5.0, "slo_attainment": 100.0, "ttft_slo_ms": 1000, "ttft_slo_attainment": 100.0, "tpot_slo_ms": 50,