{"actual_qps": 5.254817117653468, "success_rate": 100.0, "input_tokens": 4146, "output_tokens": 178, "model": "meta-llama/Llama-3.1-8B-Instruct", "input_tokens_per_minute": 1258083.2756815753, "output_tokens_per_minute": 54105.178430329695, "slo_seconds": 5.0, "slo_attainment": 59.28338762214984, "ttft_slo_ms": 1000, "ttft_slo_attainment": 38.762214983713356, "tpot_slo_ms": 50, "tpot_slo_attainment": 99.6742671009772, "Latency": {"unit": "s", "min": 0.4888919747900218, "p50": 3.9317420648876578, "p90": 8.498650847235695, "p95": 8.677373286732472, "p99": 12.920479693496599, "max": 17.90108548104763}, "Throughput": {"unit": "tokens/s", "min": 2.634154286379758, "p50": 42.48026592383699, "p90": 80.45122768959435, "p95": 84.96343467244104, "p99": 91.776200990148, "max": 99.2053523782747}, "TTFT": {"unit": "s", "min": 0.1768357139080763, "p50": 1.747232761932537, "p90": 5.889685942884535, "p95": 6.5358243328519166, "p99": 11.141245759669687, "max": 14.470798989059404}, "TPOT": {"unit": "ms", "min": 4.778147265183883, "p50": 11.01378552807523, "p90": 15.565123387036765, "p95": 17.381616910315824, "p99": 24.657529856833882, "max": 81.83089265709414}, "Input Tokens per Minute": {"unit": "tokens/min", "min": 1258083.2756815753, "p50": 1258083.2756815753, "p90": 1258083.2756815753, "p95": 1258083.2756815753, "p99": 1258083.2756815753, "max": 1258083.2756815753}, "Output Tokens per Minute": {"unit": "tokens/min", "min": 54105.178430329695, "p50": 54105.178430329695, "p90": 54105.178430329695, "p95": 54105.178430329695, "p99": 54105.178430329695, "max": 54105.178430329695}}
{"actual_qps": 5.104266461413444, "success_rate": 100.0, "input_tokens": 4230, "output_tokens": 180, "model": "meta-llama/Llama-3.1-8B-Instruct", "input_tokens_per_minute": 1229439.4158282746, "output_tokens_per_minute": 52439.78027799501, "slo_seconds": 5.0, "slo_attainment": 100.0, "ttft_slo_ms": 1000, "ttft_slo_attainment": 72.44897959183673, "tpot_slo_ms": 50, "tpot_slo_attainment": 100.0, "Latency": {"unit": "s", "min": 0.6587608598638326, "p50": 2.934358878992498, "p90": 3.7834269693819804, "p95": 4.01344746950781, "p99": 4.2193478412064715, "max": 4.676907405955717}, "Throughput": {"unit": "tokens/s", "min": 11.449928374246053, "p50": 63.96223667809636, "p90": 79.68970360709832, "p95": 82.56243078007054, "p99": 88.64321077720857, "max": 99.65044859507687}, "TTFT": {"unit": "s", "min": 0.12038107588887215, "p50": 0.7311944050015882, "p90": 1.33004365847446, "p95": 1.5454046753118744, "p99": 1.8735934706591066, "max": 1.9154398611281067}, "TPOT": {"unit": "ms", "min": 3.616287730013331, "p50": 11.400912819317911, "p90": 13.439480448141694, "p95": 14.283814630939167, "p99": 18.34208222747676, "max": 28.23975300142432}, "Input Tokens per Minute": {"unit": "tokens/min", "min": 1229439.4158282746, "p50": 1229439.4158282746, "p90": 1229439.4158282746, "p95": 1229439.4158282746, "p99": 1229439.4158282746, "max": 1229439.4158282746}, "Output Tokens per Minute": {"unit": "tokens/min", "min": 52439.78027799501, "p50": 52439.78027799501, "p90": 52439.78027799501, "p95": 52439.78027799501, "p99": 52439.78027799501, "max": 52439.78027799501}}
{"actual_qps": 5.080225336993411, "success_rate": 100.0, "input_tokens": 4270, "output_tokens": 175, "model": "meta-llama/Llama-3.1-8B-Instruct", "input_tokens_per_minute": 1335555.7288407849, "output_tokens_per_minute": 54874.325251702816, "slo_seconds": 5.0, "slo_attainment": 100.0, "ttft_slo_ms": 1000, "ttft_slo_attainment": 80.7570977917981, "tpot_slo_ms": 50, "tpot_slo_attainment": 100.0, "Latency": {"unit": "s", "min": 0.5428765858523548, "p50": 2.778036732925102, "p90": 3.57983323908411, "p95": 3.8204463129863138, "p99": 4.5019039898738225, "max": 4.875852647935972}, "Throughput": {"unit": "tokens/s", "min": 11.35340443877478, "p50": 66.96604002267223, "p90": 83.18523637583034, "p95": 91.34184768803526, "p99": 98.86958439874137, "max": 104.37943435822321}, "TTFT": {"unit": "s", "min": 0.11403782293200493, "p50": 0.6120341380592436, "p90": 1.248295525694266, "p95": 1.4991416959092019, "p99": 2.2705816717632086, "max": 2.469869786174968}, "TPOT": {"unit": "ms", "min": 7.199263551785629, "p50": 11.225414849658632, "p90": 13.317710069480855, "p95": 14.188123687549874, "p99": 16.281392547590155, "max": 26.416628169553245}, "Input Tokens per Minute": {"unit": "tokens/min", "min": 1335555.7288407849, "p50": 1335555.7288407849, "p90": 1335555.7288407849, "p95": 1335555.7288407849, "p99": 1335555.7288407849, "max": 1335555.7288407849}, "Output Tokens per Minute": {"unit": "tokens/min", "min": 54874.325251702816, "p50": 54874.325251702816, "p90": 54874.325251702816, "p95": 54874.325251702816, "p99": 54874.325251702816, "max": 54874.325251702816}}
{"actual_qps": 5.131169400701393, "success_rate": 100.0, "input_tokens": 4338, "output_tokens": 173, "model": "meta-llama/Llama-3.1-8B-Instruct", "input_tokens_per_minute": 1357096.6011512433, "output_tokens_per_minute": 54220.5588583253, "slo_seconds": 5.0, "slo_attainment": 100.0, "ttft_slo_ms": 1000, "ttft_slo_attainment": 100.0, "tpot_slo_ms": 50, "tpot_slo_attainment": 100.0, "Latency": {"unit": "s", "min": 0.33785226196050644, "p50": 2.451783376513049, "p90": 2.9379185638623313, "p95": 3.047614697157405, "p99": 3.3250394396088065, "max": 3.5444813650101423}, "Throughput": {"unit": "tokens/s", "min": 19.70357988755177, "p50": 76.64449451089203, "p90": 92.08337892117919, "p95": 95.59762010771622, "p99": 104.03365072405182, "max": 114.1185083580806}, "TTFT": {"unit": "s", "min": 0.028181300964206457, "p50": 0.2856052735587582, "p90": 0.5529945142799989, "p95": 0.6576581507222726, "p99": 0.8236897942726488, "max": 0.9301089909859002}, "TPOT": {"unit": "ms", "min": 7.195506443488686, "p50": 11.316760748105615, "p90": 13.207940252765175, "p95": 13.721503154554656, "p99": 16.14897440952034, "max": 18.28871455783134}, "Input Tokens per Minute": {"unit": "tokens/min", "min": 1357096.6011512433, "p50": 1357096.6011512433, "p90": 1357096.6011512433, "p95": 1357096.6011512433, "p99": 1357096.6011512433, "max": 1357096.6011512433}, "Output Tokens per Minute": {"unit": "tokens/min", "min": 54220.5588583253, "p50": 54220.5588583253, "p90": 54220.5588583253, "p95": 54220.5588583253, "p99": 54220.5588583253, "max": 54220.5588583253}}
{"actual_qps": 5.065615824153012, "success_rate": 100.0, "input_tokens": 4226, "output_tokens": 173, "model": "meta-llama/Llama-3.1-8B-Instruct", "input_tokens_per_minute": 1288821.2283184857, "output_tokens_per_minute": 52954.65182598612, "slo_seconds": 5.0, "slo_attainment": 100.0, "ttft_slo_ms": 1000, "ttft_slo_attainment": 100.0, "tpot_slo_ms": 50, "tpot_slo_attainment": 100.0, "Latency": {"unit": "s", "min": 0.47234831494279206, "p50": 2.5196635994361714, "p90": 2.9747592681320385, "p95": 3.0605810769135133, "p99": 3.437024780579378, "max": 3.7471658650320023}, "Throughput": {"unit": "tokens/s", "min": 24.025918780498102, "p50": 73.97834370258417, "p90": 88.59541641503789, "p95": 96.48544358654077, "p99": 105.58800351168995, "max": 117.68340160781403}, "TTFT": {"unit": "s", "min": 0.03323691198602319, "p50": 0.29338295210618526, "p90": 0.5286791971651839, "p95": 0.6314887619693764, "p99": 0.7504321002168592, "max": 0.8300508381798863}, "TPOT": {"unit": "ms", "min": 7.713813082823021, "p50": 11.676388206521995, "p90": 13.582212655879932, "p95": 14.288474373674642, "p99": 15.901688418301976, "max": 17.478236052043297}, "Input Tokens per Minute": {"unit": "tokens/min", "min": 1288821.2283184857, "p50": 1288821.2283184857, "p90": 1288821.2283184857, "p95": 1288821.2283184857, "p99": 1288821.2283184857, "max": 1288821.2283184857}, "Output Tokens per Minute": {"unit": "tokens/min", "min": 52954.65182598612, "p50": 52954.65182598612, "p90": 52954.65182598612, "p95": 52954.65182598612, "p99": 52954.65182598612, "max": 52954.65182598612}}
{"actual_qps": 5.316648994399342, "success_rate": 100.0, "input_tokens": 4290, "output_tokens": 171, "model": "meta-llama/Llama-3.1-8B-Instruct",