{"actual_qps": 5.862883859831249, "success_rate": 100.0, "input_tokens": 3871, "output_tokens": 175, "model": "meta-llama/Llama-3.1-8B-Instruct", "input_tokens_per_minute": 1261319.1809080217, "output_tokens_per_minute": 57115.14858359242, "slo_seconds": 5.0, "slo_attainment": 82.82208588957054, "ttft_slo_ms": 1000, "ttft_slo_attainment": 69.93865030674846, "tpot_slo_ms": 50, "tpot_slo_attainment": 99.38650306748467, "Latency": {"unit": "s", "min": 0.4609254798851907, "p50": 2.865417585009709, "p90": 6.31377583113499, "p95": 6.518227704975288, "p99": 6.686871816928033, "max": 12.886908216169104}, "Throughput": {"unit": "tokens/s", "min": 4.416970019165732, "p50": 64.78968842260312, "p90": 81.3002544841494, "p95": 85.67170589690191, "p99": 93.70052513993602, "max": 99.42430592147123}, "TTFT": {"unit": "s", "min": 0.09481209190562367, "p50": 0.6531556450063363, "p90": 2.8589149934705347, "p95": 3.400407731998712, "p99": 4.0203841447946616, "max": 9.54811049811542}, "TPOT": {"unit": "ms", "min": 6.114658296984785, "p50": 11.671631686118726, "p90": 18.447469487603772, "p95": 19.452903625159912, "p99": 29.38538439571284, "max": 54.77782226675613}, "Input Tokens per Minute": {"unit": "tokens/min", "min": 1261319.1809080217, "p50": 1261319.1809080217, "p90": 1261319.1809080217, "p95": 1261319.1809080217, "p99": 1261319.1809080217, "max": 1261319.1809080217}, "Output Tokens per Minute": {"unit": "tokens/min", "min": 57115.14858359242, "p50": 57115.14858359242, "p90": 57115.14858359242, "p95": 57115.14858359242, "p99": 57115.14858359242, "max": 57115.14858359242}}
{"actual_qps": 5.439781656468747, "success_rate": 100.0, "input_tokens": 4116, "output_tokens": 179, "model": "meta-llama/Llama-3.1-8B-Instruct", "input_tokens_per_minute": 1375843.6675547517, "output_tokens_per_minute": 59949.01543580678, "slo_seconds": 5.0, "slo_attainment": 100.0, "ttft_slo_ms": 1000, "ttft_slo_attainment": 88.8235294117647, "tpot_slo_ms": 50, "tpot_slo_attainment": 100.0, "Latency": {"unit": "s", "min": 0.4871379181277007, "p50": 2.7664049608865753, "p90": 3.416551795951091, "p95": 3.6370460668578746, "p99": 4.143094145460055, "max": 4.433961926028132}, "Throughput": {"unit": "tokens/s", "min": 14.21751996266908, "p50": 68.24872511623087, "p90": 79.94376006533963, "p95": 83.22632304785589, "p99": 89.66893586366797, "max": 93.96016831391844}, "TTFT": {"unit": "s", "min": 0.12660745810717344, "p50": 0.6028326229425147, "p90": 1.0100912169786176, "p95": 1.1622106384951623, "p99": 1.5626621227804585, "max": 1.8897586150560528}, "TPOT": {"unit": "ms", "min": 2.518344183706424, "p50": 11.17786442485053, "p90": 13.20295541208105, "p95": 14.002130975146503, "p99": 15.748374456872995, "max": 17.30148725619074}, "Input Tokens per Minute": {"unit": "tokens/min", "min": 1375843.6675547517, "p50": 1375843.6675547517, "p90": 1375843.6675547517, "p95": 1375843.6675547517, "p99": 1375843.6675547517, "max": 1375843.6675547517}, "Output Tokens per Minute": {"unit": "tokens/min", "min": 59949.01543580678, "p50": 59949.01543580678, "p90": 59949.01543580678, "p95": 59949.01543580678, "p99": 59949.01543580678, "max": 59949.01543580678}}
{"actual_qps": 5.643176183366392, "success_rate": 100.0, "input_tokens": 4065, "output_tokens": 173, "model": "meta-llama/Llama-3.1-8B-Instruct", "input_tokens_per_minute": 1386868.0732467351, "output_tokens_per_minute": 59322.78514993258, "slo_seconds": 5.0, "slo_attainment": 100.0, "ttft_slo_ms": 1000, "ttft_slo_attainment": 89.04899135446685, "tpot_slo_ms": 50, "tpot_slo_attainment": 100.0, "Latency": {"unit": "s", "min": 0.3804339710623026, "p50": 2.748521883971989, "p90": 3.2933731405530127, "p95": 3.4339346272405233, "p99": 3.6376688415417466, "max": 3.949717953102663}, "Throughput": {"unit": "tokens/s", "min": 15.395117023835324, "p50": 67.6997864626394, "p90": 81.59335516159126, "p95": 87.48822005978, "p99": 94.83005586197257, "max": 105.32329433860544}, "TTFT": {"unit": "s", "min": 0.11088803596794605, "p50": 0.5708303819410503, "p90": 1.021283364761621, "p95": 1.155987173388712, "p99": 1.362402223418467, "max": 1.7286531729623675}, "TPOT": {"unit": "ms", "min": 7.155746413285241, "p50": 11.34963146289202, "p90": 13.166262208479434, "p95": 13.797322899054663, "p99": 16.074071146321263, "max": 17.86672547662064}, "Input Tokens per Minute": {"unit": "tokens/min", "min": 1386868.0732467351, "p50": 1386868.0732467351, "p90": 1386868.0732467351, "p95": 1386868.0732467351, "p99": 1386868.0732467351, "max": 1386868.0732467351}, "Output Tokens per Minute": {"unit": "tokens/min", "min": 59322.78514993258, "p50": 59322.78514993258, "p90": 59322.78514993258, "p95": 59322.78514993258, "p99": 59322.78514993258, "max": 59322.78514993258}}
{"actual_qps": 5.674293791219896, "success_rate": 100.0, "input_tokens": 4155, "output_tokens": 173, "model": "meta-llama/Llama-3.1-8B-Instruct", "input_tokens_per_minute": 1401319.5413822937, "output_tokens_per_minute": 58408.508594417646, "slo_seconds": 5.0, "slo_attainment": 100.0, "ttft_slo_ms": 1000, "ttft_slo_attainment": 98.25072886297376, "tpot_slo_ms": 50, "tpot_slo_attainment": 100.0, "Latency": {"unit": "s", "min": 0.483035562094301, "p50": 2.6085910059046, "p90": 3.0793132660910487, "p95": 3.26433723391965, "p99": 3.5651305543724447, "max": 3.6288794321008027}, "Throughput": {"unit": "tokens/s", "min": 18.162748710877622, "p50": 71.80447212225191, "p90": 87.7127222504324, "p95": 92.49949569013282, "p99": 104.82061817037508, "max": 111.99247469678873}, "TTFT": {"unit": "s", "min": 0.0515929099638015, "p50": 0.4296926539391279, "p90": 0.7706738081760705, "p95": 0.8653490839991717, "p99": 1.0418716075178234, "max": 1.1882959560025483}, "TPOT": {"unit": "ms", "min": 7.569383574469436, "p50": 11.324491176342395, "p90": 13.084541160575858, "p95": 13.521589289990315, "p99": 14.829260371990461, "max": 19.765635169783817}, "Input Tokens per Minute": {"unit": "tokens/min", "min": 1401319.5413822937, "p50": 1401319.5413822937, "p90": 1401319.5413822937, "p95": 1401319.5413822937, "p99": 1401319.5413822937, "max": 1401319.5413822937}, "Output Tokens per Minute": {"unit": "tokens/min", "min": 58408.508594417646, "p50": 58408.508594417646, "p90": 58408.508594417646, "p95": 58408.508594417646, "p99": 58408.508594417646, "max": 58408.508594417646}}
{"actual_qps": 6.18325661077154, "success_rate": 100.0, "input_tokens": 3976, "output_tokens": 178, "model": "meta-llama/Llama-3.1-8B-Instruct", "input_tokens_per_minute": 1466045.4060473982, "output_tokens_per_minute": 65927.20439718987, "slo_seconds": 5.0, "slo_attainment": 100.0, "ttft_slo_ms": 1000, "ttft_slo_attainment": 98.4, "tpot_slo_ms": 50, "tpot_slo_attainment": 100.0, "Latency": {"unit": "s", "min": 0.4072987069375813, "p50": 2.607885559089482, "p90": 3.1545038996264343, "p95": 3.3492115986999123, "p99": 3.623608288737014, "max": 3.799104491015896}, "Throughput": {"unit": "tokens/s", "min": 14.52590562586564, "p50": 72.41205842047461, "p90": 86.44755878055427, "p95": 93.00035043988707, "p99": 105.93372181989551, "max": 122.68846363657266}, "TTFT": {"unit": "s", "min": 0.040879426058381796, "p50": 0.39343329705297947, "p90": 0.6872311888728293, "p95": 0.7973598945653066, "p99": 1.0430831998679786, "max": 1.3212692961096764}, "TPOT": {"unit": "ms", "min": 7.86109107126177, "p50": 11.560131727844176, "p90": 13.518592183595247, "p95": 14.269339110837999, "p99": 15.740950633365294, "max": 22.481431098033983}, "Input Tokens per Minute": {"unit": "tokens/min", "min": 1466045.4060473982, "p50": 1466045.4060473982, "p90": 1466045.4060473982, "p95": 1466045.4060473982, "p99": 1466045.4060473982, "max": 1466045.4060473982}, "Output Tokens per Minute": {"unit": "tokens/min", "min": 65927.20439718987, "p50": 65927.20439718987, "p90": 65927.20439718987, "p95": 65927.20439718987, "p99": 65927.20439718987, "max": 65927.20439718987}}
{"actual_qps": 5.6721954311872365, "success_rate": 100.0, "input_tokens": 3894, "output_tokens": 173, "model": "meta-llama/Llama-3.1-8B-Instruct",