{"actual_qps": 5.435820584358356, "success_rate": 100.0, "input_tokens": 4114, "output_tokens": 173, "model": "meta-llama/Llama-3.1-8B-Instruct", "input_tokens_per_minute": 1289194.7897029796, "output_tokens_per_minute": 54204.02620519084, "slo_seconds": 5.0, "slo_attainment": 90.53627760252367, "ttft_slo_ms": 1000, "ttft_slo_attainment": 72.2397476340694, "tpot_slo_ms": 50, "tpot_slo_attainment": 100.0, "Latency": {"unit": "s", "min": 0.575092023005709, "p50": 2.7776296539232135, "p90": 4.790578151633963, "p95": 5.168812394933775, "p99": 5.754668544577431, "max": 10.818919135956094}, "Throughput": {"unit": "tokens/s", "min": 6.389536146521188, "p50": 64.55896115427824, "p90": 82.67760518032115, "p95": 90.54362351485423, "p99": 99.56524586069348, "max": 105.08029627939307}, "TTFT": {"unit": "s", "min": 0.07023136806674302, "p50": 0.6056685640942305, "p90": 2.356549247913063, "p95": 2.5268654230050744, "p99": 3.464082249216735, "max": 9.371174562955275}, "TPOT": {"unit": "ms", "min": 6.121735882890575, "p50": 11.579161207494023, "p90": 14.75203203659823, "p95": 16.348246803972437, "p99": 19.933823963056838, "max": 23.566485919918005}, "Input Tokens per Minute": {"unit": "tokens/min", "min": 1289194.7897029796, "p50": 1289194.7897029796, "p90": 1289194.7897029796, "p95": 1289194.7897029796, "p99": 1289194.7897029796, "max": 1289194.7897029796}, "Output Tokens per Minute": {"unit": "tokens/min", "min": 54204.02620519084, "p50": 54204.02620519084, "p90": 54204.02620519084, "p95": 54204.02620519084, "p99": 54204.02620519084, "max": 54204.02620519084}}
{"actual_qps": 5.575492667055257, "success_rate": 100.0, "input_tokens": 3891, "output_tokens": 178, "model": "meta-llama/Llama-3.1-8B-Instruct", "input_tokens_per_minute": 1249880.9585748694, "output_tokens_per_minute": 57420.055329100316, "slo_seconds": 5.0, "slo_attainment": 100.0, "ttft_slo_ms": 1000, "ttft_slo_attainment": 93.84615384615384, "tpot_slo_ms": 50, "tpot_slo_attainment": 100.0, "Latency": {"unit": "s", "min": 0.5404989200178534, "p50": 2.6883967937901616, "p90": 3.296141613321379, "p95": 3.513669047597796, "p99": 3.793289170693606, "max": 4.268112757010385}, "Throughput": {"unit": "tokens/s", "min": 18.10672567750099, "p50": 70.53513424389696, "p90": 86.34782248580753, "p95": 91.52214966731118, "p99": 96.90529839047169, "max": 99.3982546882574}, "TTFT": {"unit": "s", "min": 0.09647109196521342, "p50": 0.5020509730093181, "p90": 0.9086202504113317, "p95": 1.0287846516352148, "p99": 1.217951592458412, "max": 1.5222196571994573}, "TPOT": {"unit": "ms", "min": 2.7633161204526338, "p50": 11.169757892688114, "p90": 13.244082796242296, "p95": 13.729748533729783, "p99": 16.274181508334866, "max": 20.021044813534793}, "Input Tokens per Minute": {"unit": "tokens/min", "min": 1249880.9585748694, "p50": 1249880.9585748694, "p90": 1249880.9585748694, "p95": 1249880.9585748694, "p99": 1249880.9585748694, "max": 1249880.9585748694}, "Output Tokens per Minute": {"unit": "tokens/min", "min": 57420.055329100316, "p50": 57420.055329100316, "p90": 57420.055329100316, "p95": 57420.055329100316, "p99": 57420.055329100316, "max": 57420.055329100316}}
{"actual_qps": 5.4826105395704925, "success_rate": 100.0, "input_tokens": 4064, "output_tokens": 177, "model": "meta-llama/Llama-3.1-8B-Instruct", "input_tokens_per_minute": 1344966.1953646953, "output_tokens_per_minute": 58868.5077935375, "slo_seconds": 5.0, "slo_attainment": 100.0, "ttft_slo_ms": 1000, "ttft_slo_attainment": 81.89910979228486, "tpot_slo_ms": 50, "tpot_slo_attainment": 100.0, "Latency": {"unit": "s", "min": 0.6303505320101976, "p50": 2.829411535989493, "p90": 3.586648310162127, "p95": 3.7663372028619047, "p99": 4.233444633558391, "max": 4.504971371032298}, "Throughput": {"unit": "tokens/s", "min": 10.79566394362684, "p50": 65.97765467307308, "p90": 80.2515371912927, "p95": 86.57110294547418, "p99": 95.09095597608683, "max": 99.78132014915445}, "TTFT": {"unit": "s", "min": 0.10538770211860538, "p50": 0.6475522590335459, "p90": 1.215625956049189, "p95": 1.4642903020139784, "p99": 1.8754369406588367, "max": 2.1157403071410954}, "TPOT": {"unit": "ms", "min": 3.8472544531234436, "p50": 11.379843050071118, "p90": 13.193892375402267, "p95": 14.23803611457273, "p99": 17.15155213334835, "max": 18.42742060155918}, "Input Tokens per Minute": {"unit": "tokens/min", "min": 1344966.1953646953, "p50": 1344966.1953646953, "p90": 1344966.1953646953, "p95": 1344966.1953646953, "p99": 1344966.1953646953, "max": 1344966.1953646953}, "Output Tokens per Minute": {"unit": "tokens/min", "min": 58868.5077935375, "p50": 58868.5077935375, "p90": 58868.5077935375, "p95": 58868.5077935375, "p99": 58868.5077935375, "max": 58868.5077935375}}
{"actual_qps": 5.6909598267731685, "success_rate": 100.0, "input_tokens": 3957, "output_tokens": 177, "model": "meta-llama/Llama-3.1-8B-Instruct", "input_tokens_per_minute": 1348535.6203159797, "output_tokens_per_minute": 60550.60543908095, "slo_seconds": 5.0, "slo_attainment": 100.0, "ttft_slo_ms": 1000, "ttft_slo_attainment": 93.37175792507205, "tpot_slo_ms": 50, "tpot_slo_attainment": 100.0, "Latency": {"unit": "s", "min": 0.3271926650777459, "p50": 2.5595858490560204, "p90": 3.1779231857974084, "p95": 3.3921506165293978, "p99": 3.9367075674887793, "max": 4.199259661138058}, "Throughput": {"unit": "tokens/s", "min": 18.040506154959324, "p50": 74.25840709483991, "p90": 88.07010486153487, "p95": 92.71517937556017, "p99": 101.36413270297885, "max": 112.00191259312322}, "TTFT": {"unit": "s", "min": 0.037424294045194983, "p50": 0.3933116300031543, "p90": 0.8263138658832764, "p95": 1.106748207262717, "p99": 1.6873458053078503, "max": 2.4180071922019124}, "TPOT": {"unit": "ms", "min": 8.153592754717707, "p50": 11.28204552288256, "p90": 13.065785978551427, "p95": 13.640391050131157, "p99": 16.749254830558076, "max": 24.234994517072387}, "Input Tokens per Minute": {"unit": "tokens/min", "min": 1348535.6203159797, "p50": 1348535.6203159797, "p90": 1348535.6203159797, "p95": 1348535.6203159797, "p99": 1348535.6203159797, "max": 1348535.6203159797}, "Output Tokens per Minute": {"unit": "tokens/min", "min": 60550.60543908095, "p50": 60550.60543908095, "p90": 60550.60543908095, "p95": 60550.60543908095, "p99": 60550.60543908095, "max": 60550.60543908095}}
{"actual_qps": 5.852491824886589, "success_rate": 100.0, "input_tokens": 4173, "output_tokens": 176, "model": "meta-llama/Llama-3.1-8B-Instruct", "input_tokens_per_minute": 1467241.830518438, "output_tokens_per_minute": 62182.62311969579, "slo_seconds": 5.0, "slo_attainment": 100.0, "ttft_slo_ms": 1000, "ttft_slo_attainment": 98.60335195530726, "tpot_slo_ms": 50, "tpot_slo_attainment": 100.0, "Latency": {"unit": "s", "min": 0.48317805817350745, "p50": 2.6380462498636916, "p90": 3.276370703568682, "p95": 3.4242568670422764, "p99": 3.7585243290779182, "max": 3.9423882109113038}, "Throughput": {"unit": "tokens/s", "min": 21.68165580918056, "p50": 72.12102003789227, "p90": 88.73176355073149, "p95": 97.99253804164124, "p99": 107.27286977424478, "max": 114.50650618958402}, "TTFT": {"unit": "s", "min": 0.035766104934737086, "p50": 0.4036025285022333, "p90": 0.6881329818861559, "p95": 0.8241678672493433, "p99": 1.179971800935455, "max": 1.552961547859013}, "TPOT": {"unit": "ms", "min": 7.45652992106778, "p50": 11.673087381696956, "p90": 13.607494935777094, "p95": 14.388049533442883, "p99": 15.996360954646189, "max": 21.096599458430248}, "Input Tokens per Minute": {"unit": "tokens/min", "min": 1467241.830518438, "p50": 1467241.830518438, "p90": 1467241.830518438, "p95": 1467241.830518438, "p99": 1467241.830518438, "max": 1467241.830518438}, "Output Tokens per Minute": {"unit": "tokens/min", "min": 62182.62311969579, "p50": 62182.62311969579, "p90": 62182.62311969579, "p95": 62182.62311969579, "p99": 62182.62311969579, "max": 62182.62311969579}}
{"actual_qps": 5.649954188761463, "success_rate": 100.0, "input_tokens": 4014, "output_tokens": 178, "model": "meta-llama/Llama-3.1-8B-Instruct",