{"actual_qps": 5.658626743213057, "success_rate": 100.0, "input_tokens": 4285, "output_tokens": 182, "model": "meta-llama/Llama-3.1-8B-Instruct", "input_tokens_per_minute": 1362029.1541618942, "output_tokens_per_minute": 58039.74492931169, "slo_seconds": 5.0, "slo_attainment": 84.16149068322981, "ttft_slo_ms": 1000, "ttft_slo_attainment": 38.50931677018634, "tpot_slo_ms": 50, "tpot_slo_attainment": 100.0, "Latency": {"unit": "s", "min": 0.803903765976429, "p50": 3.402518818504177, "p90": 5.017051100893878, "p95": 5.955307056149468, "p99": 8.992399001626769, "max": 13.471389808924869}, "Throughput": {"unit": "tokens/s", "min": 5.046303903475468, "p50": 52.6458929237125, "p90": 73.73089006734476, "p95": 78.59611676202108, "p99": 88.34021477642538, "max": 93.59691465992842}, "TTFT": {"unit": "s", "min": 0.20698949391953647, "p50": 1.2330207854975015, "p90": 2.8114558427594623, "p95": 3.9403251316514796, "p99": 6.473959373941189, "max": 10.847563785966486}, "TPOT": {"unit": "ms", "min": 4.289449111277621, "p50": 11.686228884351276, "p90": 16.519542410439744, "p95": 16.948229207308863, "p99": 23.383829936136085, "max": 36.183936754241586}, "Input Tokens per Minute": {"unit": "tokens/min", "min": 1362029.1541618942, "p50": 1362029.1541618942, "p90": 1362029.1541618942, "p95": 1362029.1541618942, "p99": 1362029.1541618942, "max": 1362029.1541618942}, "Output Tokens per Minute": {"unit": "tokens/min", "min": 58039.74492931169, "p50": 58039.74492931169, "p90": 58039.74492931169, "p95": 58039.74492931169, "p99": 58039.74492931169, "max": 58039.74492931169}}
{"actual_qps": 4.564429495615736, "success_rate": 100.0, "input_tokens": 4254, "output_tokens": 179, "model": "meta-llama/Llama-3.1-8B-Instruct", "input_tokens_per_minute": 1205144.3856861661, "output_tokens_per_minute": 50950.340993875754, "slo_seconds": 5.0, "slo_attainment": 100.0, "ttft_slo_ms": 1000, "ttft_slo_attainment": 79.44250871080139, "tpot_slo_ms": 50, "tpot_slo_attainment": 100.0, "Latency": {"unit": "s", "min": 0.5859795471187681, "p50": 2.83643255289644, "p90": 3.5398427541833377, "p95": 3.798123483778909, "p99": 4.330703837964681, "max": 4.70134064485319}, "Throughput": {"unit": "tokens/s", "min": 5.369480745844979, "p50": 67.49295426453347, "p90": 79.63860271973314, "p95": 83.40127515679868, "p99": 93.94732738130222, "max": 96.4410360129438}, "TTFT": {"unit": "s", "min": 0.12235009809955955, "p50": 0.6506709021050483, "p90": 1.3131874833256012, "p95": 1.5415273131104184, "p99": 2.1556302332784956, "max": 2.7018440449610353}, "TPOT": {"unit": "ms", "min": 8.245264732977375, "p50": 11.247642045775102, "p90": 13.296695665313012, "p95": 14.169918653971067, "p99": 17.901533874587912, "max": 22.188004035421688}, "Input Tokens per Minute": {"unit": "tokens/min", "min": 1205144.3856861661, "p50": 1205144.3856861661, "p90": 1205144.3856861661, "p95": 1205144.3856861661, "p99": 1205144.3856861661, "max": 1205144.3856861661}, "Output Tokens per Minute": {"unit": "tokens/min", "min": 50950.340993875754, "p50": 50950.340993875754, "p90": 50950.340993875754, "p95": 50950.340993875754, "p99": 50950.340993875754, "max": 50950.340993875754}}
{"actual_qps": 4.725067009700899, "success_rate": 100.0, "input_tokens": 4261, "output_tokens": 184, "model": "meta-llama/Llama-3.1-8B-Instruct", "input_tokens_per_minute": 1187251.837304179, "output_tokens_per_minute": 51474.68312588952, "slo_seconds": 5.0, "slo_attainment": 98.23321554770318, "ttft_slo_ms": 1000, "ttft_slo_attainment": 72.08480565371025, "tpot_slo_ms": 50, "tpot_slo_attainment": 100.0, "Latency": {"unit": "s", "min": 0.5220315898768604, "p50": 2.8566466148477048, "p90": 3.8469009838532657, "p95": 4.481413065432565, "p99": 5.147345085358248, "max": 5.8057384819258}, "Throughput": {"unit": "tokens/s", "min": 9.424211751988357, "p50": 66.5838157809089, "p90": 79.25882431535862, "p95": 82.976005456346, "p99": 94.98899411778984, "max": 99.308326092048}, "TTFT": {"unit": "s", "min": 0.14552647690288723, "p50": 0.6973488919902593, "p90": 1.6487363043706869, "p95": 1.918591726222074, "p99": 2.9068029883597046, "max": 3.183647982077673}, "TPOT": {"unit": "ms", "min": 5.221910693929816, "p50": 11.328580444387626, "p90": 13.016460044075496, "p95": 13.795914424775194, "p99": 14.86163787274566, "max": 17.16167672091852}, "Input Tokens per Minute": {"unit": "tokens/min", "min": 1187251.837304179, "p50": 1187251.837304179, "p90": 1187251.837304179, "p95": 1187251.837304179, "p99": 1187251.837304179, "max": 1187251.837304179}, "Output Tokens per Minute": {"unit": "tokens/min", "min": 51474.68312588952, "p50": 51474.68312588952, "p90": 51474.68312588952, "p95": 51474.68312588952, "p99": 51474.68312588952, "max": 51474.68312588952}}
{"actual_qps": 4.805941071084684, "success_rate": 100.0, "input_tokens": 4303, "output_tokens": 183, "model": "meta-llama/Llama-3.1-8B-Instruct", "input_tokens_per_minute": 1261975.8273521669, "output_tokens_per_minute": 53928.56372810118, "slo_seconds": 5.0, "slo_attainment": 99.32885906040269, "ttft_slo_ms": 1000, "ttft_slo_attainment": 92.9530201342282, "tpot_slo_ms": 50, "tpot_slo_attainment": 100.0, "Latency": {"unit": "s", "min": 0.41514668404124677, "p50": 2.546039609471336, "p90": 3.141994528891519, "p95": 3.5161960892961357, "p99": 4.373041632105587, "max": 5.266750073060393}, "Throughput": {"unit": "tokens/s", "min": 10.294421648798117, "p50": 74.84391950146482, "p90": 91.60592075540845, "p95": 96.27771100282717, "p99": 101.17480951153405, "max": 110.51248748916947}, "TTFT": {"unit": "s", "min": 0.03668104391545057, "p50": 0.30118818883784115, "p90": 0.7533756209770218, "p95": 1.2222373549593566, "p99": 1.8596054027858049, "max": 2.7568683449644595}, "TPOT": {"unit": "ms", "min": 8.526330904310775, "p50": 11.456657133191525, "p90": 13.054941236696688, "p95": 13.64161570337476, "p99": 15.304373297730237, "max": 17.086634554693266}, "Input Tokens per Minute": {"unit": "tokens/min", "min": 1261975.8273521669, "p50": 1261975.8273521669, "p90": 1261975.8273521669, "p95": 1261975.8273521669, "p99": 1261975.8273521669, "max": 1261975.8273521669}, "Output Tokens per Minute": {"unit": "tokens/min", "min": 53928.56372810118, "p50": 53928.56372810118, "p90": 53928.56372810118, "p95": 53928.56372810118, "p99": 53928.56372810118, "max": 53928.56372810118}}
{"actual_qps": 5.483305793885219, "success_rate": 100.0, "input_tokens": 4147, "output_tokens": 181, "model": "meta-llama/Llama-3.1-8B-Instruct", "input_tokens_per_minute": 1318438.581849833, "output_tokens_per_minute": 57822.852223312526, "slo_seconds": 5.0, "slo_attainment": 100.0, "ttft_slo_ms": 1000, "ttft_slo_attainment": 100.0, "tpot_slo_ms": 50, "tpot_slo_attainment": 100.0, "Latency": {"unit": "s", "min": 0.4898405480198562, "p50": 2.5863865530118346, "p90": 2.961613513994962, "p95": 3.11005147639662, "p99": 3.3860068810964, "max": 3.548269084887579}, "Throughput": {"unit": "tokens/s", "min": 30.379096793417908, "p50": 74.31325947119822, "p90": 91.0094735733232, "p95": 96.31527868838201, "p99": 104.33348071554316, "max": 106.95879898644627}, "TTFT": {"unit": "s", "min": 0.03217088105157018, "p50": 0.2805433259345591, "p90": 0.4710657163057477, "p95": 0.5246464913943779, "p99": 0.6303320821980012, "max": 0.8211576340254396}, "TPOT": {"unit": "ms", "min": 7.879505342284414, "p50": 11.876114909700936, "p90": 13.935990055435763, "p95": 14.808420699701857, "p99": 16.854830417033348, "max": 19.44999052616565}, "Input Tokens per Minute": {"unit": "tokens/min", "min": 1318438.581849833, "p50": 1318438.581849833, "p90": 1318438.581849833, "p95": 1318438.581849833, "p99": 1318438.581849833, "max": 1318438.581849833}, "Output Tokens per Minute": {"unit": "tokens/min", "min": 57822.852223312526, "p50": 57822.852223312526, "p90": 57822.852223312526, "p95": 57822.852223312526, "p99": 57822.852223312526, "max": 57822.852223312526}}
{"actual_qps": 4.639405814280168, "success_rate": 100.0, "input_tokens": 4146, "output_tokens": 180, "model": "meta-llama/Llama-3.1-8B-Instruct",