{"actual_qps": 6.447943863328971, "success_rate": 100.0, "input_tokens": 3962, "output_tokens": 174, "model": "meta-llama/Llama-3.1-8B-Instruct", "input_tokens_per_minute": 1422154.4997709615, "output_tokens_per_minute": 62690.00925106353, "slo_seconds": 5.0, "slo_attainment": 66.57381615598887, "ttft_slo_ms": 1000, "ttft_slo_attainment": 31.47632311977716, "tpot_slo_ms": 50, "tpot_slo_attainment": 100.0, "Latency": {"unit": "s", "min": 0.6182387790177017, "p50": 3.725161870010197, "p90": 6.468289789929986, "p95": 7.046770079899576, "p99": 9.317727036946465, "max": 13.780877375975251}, "Throughput": {"unit": "tokens/s", "min": 1.8468677601997372, "p50": 45.87334346408569, "p90": 70.47908211142, "p95": 74.90344530123113, "p99": 80.47926186270969, "max": 95.66286618996804}, "TTFT": {"unit": "s", "min": 0.21469686878845096, "p50": 1.5907961181364954, "p90": 4.103134088404476, "p95": 4.942938350373879, "p99": 7.16102085665336, "max": 11.215494421077892}, "TPOT": {"unit": "ms", "min": 4.62483389613529, "p50": 11.808756221759708, "p90": 14.451546924441454, "p95": 15.45825386267792, "p99": 24.33697115757149, "max": 42.11419838894573}, "Input Tokens per Minute": {"unit": "tokens/min", "min": 1422154.4997709615, "p50": 1422154.4997709615, "p90": 1422154.4997709615, "p95": 1422154.4997709615, "p99": 1422154.4997709615, "max": 1422154.4997709615}, "Output Tokens per Minute": {"unit": "tokens/min", "min": 62690.00925106353, "p50": 62690.00925106353, "p90": 62690.00925106353, "p95": 62690.00925106353, "p99": 62690.00925106353, "max": 62690.00925106353}}
{"actual_qps": 5.34815525759361, "success_rate": 100.0, "input_tokens": 3969, "output_tokens": 172, "model": "meta-llama/Llama-3.1-8B-Instruct", "input_tokens_per_minute": 1325438.8155929602, "output_tokens_per_minute": 57529.156433505545, "slo_seconds": 5.0, "slo_attainment": 100.0, "ttft_slo_ms": 1000, "ttft_slo_attainment": 90.71856287425149, "tpot_slo_ms": 50, "tpot_slo_attainment": 100.0, "Latency": {"unit": "s", "min": 0.46877261786721647, "p50": 2.6616818020120263, "p90": 3.2501305499346924, "p95": 3.4562777334358543, "p99": 3.7233095529000275, "max": 3.9752505940850824}, "Throughput": {"unit": "tokens/s", "min": 13.4521360256363, "p50": 69.68846606781136, "p90": 82.94244293070098, "p95": 86.7234385857608, "p99": 94.17205034715101, "max": 100.0971362125042}, "TTFT": {"unit": "s", "min": 0.09290375583805144, "p50": 0.5440839169314131, "p90": 0.9535139578860252, "p95": 1.1529676876380106, "p99": 1.524412771759091, "max": 1.973085829988122}, "TPOT": {"unit": "ms", "min": 5.506772999925649, "p50": 10.9647142714891, "p90": 12.732610263422247, "p95": 13.610991348092158, "p99": 15.52010504817138, "max": 25.941708908331663}, "Input Tokens per Minute": {"unit": "tokens/min", "min": 1325438.8155929602, "p50": 1325438.8155929602, "p90": 1325438.8155929602, "p95": 1325438.8155929602, "p99": 1325438.8155929602, "max": 1325438.8155929602}, "Output Tokens per Minute": {"unit": "tokens/min", "min": 57529.156433505545, "p50": 57529.156433505545, "p90": 57529.156433505545, "p95": 57529.156433505545, "p99": 57529.156433505545, "max": 57529.156433505545}}
{"actual_qps": 5.394980722508366, "success_rate": 100.0, "input_tokens": 3916, "output_tokens": 178, "model": "meta-llama/Llama-3.1-8B-Instruct", "input_tokens_per_minute": 1267907.7077756173, "output_tokens_per_minute": 57846.65591473985, "slo_seconds": 5.0, "slo_attainment": 100.0, "ttft_slo_ms": 1000, "ttft_slo_attainment": 93.00911854103343, "tpot_slo_ms": 50, "tpot_slo_attainment": 100.0, "Latency": {"unit": "s", "min": 0.4654257169459015, "p50": 2.740479086060077, "p90": 3.283119885623455, "p95": 3.4796868649777024, "p99": 3.6205624132696532, "max": 3.8692227888386697}, "Throughput": {"unit": "tokens/s", "min": 19.061960940449556, "p50": 68.54657245428568, "p90": 84.23918313888637, "p95": 93.06227354542543, "p99": 100.08504255421579, "max": 107.80447911626489}, "TTFT": {"unit": "s", "min": 0.09712642803788185, "p50": 0.5429033879190683, "p90": 0.9251656592823565, "p95": 1.0587909768801178, "p99": 1.2885767623968412, "max": 1.4390781130641699}, "TPOT": {"unit": "ms", "min": 7.803233623504639, "p50": 11.47990061283748, "p90": 13.096794520911933, "p95": 13.759992611430695, "p99": 15.270544516895074, "max": 16.6327733748469}, "Input Tokens per Minute": {"unit": "tokens/min", "min": 1267907.7077756173, "p50": 1267907.7077756173, "p90": 1267907.7077756173, "p95": 1267907.7077756173, "p99": 1267907.7077756173, "max": 1267907.7077756173}, "Output Tokens per Minute": {"unit": "tokens/min", "min": 57846.65591473985, "p50": 57846.65591473985, "p90": 57846.65591473985, "p95": 57846.65591473985, "p99": 57846.65591473985, "max": 57846.65591473985}}
{"actual_qps": 5.708774629271342, "success_rate": 100.0, "input_tokens": 4095, "output_tokens": 175, "model": "meta-llama/Llama-3.1-8B-Instruct", "input_tokens_per_minute": 1394221.0965507666, "output_tokens_per_minute": 59768.1873465439, "slo_seconds": 5.0, "slo_attainment": 100.0, "ttft_slo_ms": 1000, "ttft_slo_attainment": 95.66473988439307, "tpot_slo_ms": 50, "tpot_slo_attainment": 100.0, "Latency": {"unit": "s", "min": 0.32311415299773216, "p50": 2.662866668892093, "p90": 3.2425943604903296, "p95": 3.495185909268912, "p99": 3.831914075976238, "max": 4.167082716943696}, "Throughput": {"unit": "tokens/s", "min": 14.386165370849032, "p50": 71.28061705401821, "p90": 84.58589465517142, "p95": 90.89286879715333, "p99": 105.78640951174582, "max": 112.84150678347758}, "TTFT": {"unit": "s", "min": 0.03557815100066364, "p50": 0.492144416552037, "p90": 0.8951005354756489, "p95": 0.9836979818064719, "p99": 1.6173480197670878, "max": 1.937401776900515}, "TPOT": {"unit": "ms", "min": 8.081755817069538, "p50": 11.232525773636585, "p90": 13.077756869676875, "p95": 13.809850471896873, "p99": 15.887385297182892, "max": 17.58982043623203}, "Input Tokens per Minute": {"unit": "tokens/min", "min": 1394221.0965507666, "p50": 1394221.0965507666, "p90": 1394221.0965507666, "p95": 1394221.0965507666, "p99": 1394221.0965507666, "max": 1394221.0965507666}, "Output Tokens per Minute": {"unit": "tokens/min", "min": 59768.1873465439, "p50": 59768.1873465439, "p90": 59768.1873465439, "p95": 59768.1873465439, "p99": 59768.1873465439, "max": 59768.1873465439}}
{"actual_qps": 5.466665543350622, "success_rate": 100.0, "input_tokens": 3961, "output_tokens": 174, "model": "meta-llama/Llama-3.1-8B-Instruct", "input_tokens_per_minute": 1301868.537489688, "output_tokens_per_minute": 57507.21487839966, "slo_seconds": 5.0, "slo_attainment": 100.0, "ttft_slo_ms": 1000, "ttft_slo_attainment": 97.60479041916167, "tpot_slo_ms": 50, "tpot_slo_attainment": 100.0, "Latency": {"unit": "s", "min": 0.3218148339074105, "p50": 2.5466541829518974, "p90": 3.266626040940173, "p95": 3.507774981949478, "p99": 3.7073784094583244, "max": 4.418006863910705}, "Throughput": {"unit": "tokens/s", "min": 15.178901876485467, "p50": 72.19484189117088, "p90": 88.61086254208942, "p95": 95.484765279754, "p99": 105.25498005591058, "max": 114.50946276446685}, "TTFT": {"unit": "s", "min": 0.06262467778287828, "p50": 0.417418145108968, "p90": 0.7532115584705025, "p95": 0.8903978647664186, "p99": 1.1340259195282145, "max": 1.5227241448592395}, "TPOT": {"unit": "ms", "min": 8.09671883259646, "p50": 11.354560643228604, "p90": 13.502211779520108, "p95": 14.127629588176452, "p99": 16.769040895512724, "max": 23.59714775922753}, "Input Tokens per Minute": {"unit": "tokens/min", "min": 1301868.537489688, "p50": 1301868.537489688, "p90": 1301868.537489688, "p95": 1301868.537489688, "p99": 1301868.537489688, "max": 1301868.537489688}, "Output Tokens per Minute": {"unit": "tokens/min", "min": 57507.21487839966, "p50": 57507.21487839966, "p90": 57507.21487839966, "p95": 57507.21487839966, "p99": 57507.21487839966, "max": 57507.21487839966}}
{"actual_qps": 5.166573593091881, "success_rate": 100.0, "input_tokens": 4135, "output_tokens": 173, "model": "meta-llama/Llama-3.1-8B-Instruct",