{"actual_qps": 6.392374059587056, "success_rate": 100.0, "input_tokens": 3958, "output_tokens": 172, "model": "meta-llama/Llama-3.1-8B-Instruct", "input_tokens_per_minute": 1404421.4290089528, "output_tokens_per_minute": 61364.8088405444, "slo_seconds": 5.0, "slo_attainment": 98.60335195530726, "ttft_slo_ms": 1000, "ttft_slo_attainment": 62.01117318435754, "tpot_slo_ms": 50, "tpot_slo_attainment": 100.0, "Latency": {"unit": "s", "min": 0.7801144090481102, "p50": 3.5101111084222794, "p90": 4.467404841212556, "p95": 4.752316146309022, "p99": 5.114432160374709, "max": 7.367289052112028}, "Throughput": {"unit": "tokens/s", "min": 8.53424155512276, "p50": 51.5326456864893, "p90": 65.66717227092091, "p95": 70.31291443199395, "p99": 76.97224110076463, "max": 82.97738300194793}, "TTFT": {"unit": "s", "min": 0.17623222921974957, "p50": 0.8986250760499388, "p90": 1.4938766412204132, "p95": 1.712968176044523, "p99": 2.3734032180323266, "max": 4.159128699917346}, "TPOT": {"unit": "ms", "min": 6.831396530276235, "p50": 14.057020457278956, "p90": 17.335714270823576, "p95": 19.1787398954677, "p99": 22.377454547459156, "max": 27.70226518623531}, "Input Tokens per Minute": {"unit": "tokens/min", "min": 1404421.4290089528, "p50": 1404421.4290089528, "p90": 1404421.4290089528, "p95": 1404421.4290089528, "p99": 1404421.4290089528, "max": 1404421.4290089528}, "Output Tokens per Minute": {"unit": "tokens/min", "min": 61364.8088405444, "p50": 61364.8088405444, "p90": 61364.8088405444, "p95": 61364.8088405444, "p99": 61364.8088405444, "max": 61364.8088405444}}
{"actual_qps": 5.319606042737285, "success_rate": 100.0, "input_tokens": 3967, "output_tokens": 173, "model": "meta-llama/Llama-3.1-8B-Instruct", "input_tokens_per_minute": 1320943.8851756898, "output_tokens_per_minute": 57757.130052905006, "slo_seconds": 5.0, "slo_attainment": 98.5207100591716, "ttft_slo_ms": 1000, "ttft_slo_attainment": 73.96449704142012, "tpot_slo_ms": 50, "tpot_slo_attainment": 100.0, "Latency": {"unit": "s", "min": 0.6077137859538198, "p50": 3.426844451460056, "p90": 4.409721521264874, "p95": 4.732870323059614, "p99": 5.091817588259, "max": 6.157275746110827}, "Throughput": {"unit": "tokens/s", "min": 8.442838701879571, "p50": 54.63420063218686, "p90": 66.46594211394158, "p95": 69.74488639409194, "p99": 77.99759696419466, "max": 83.68930029392985}, "TTFT": {"unit": "s", "min": 0.10597997508011758, "p50": 0.7590110659366474, "p90": 1.3148576977429913, "p95": 1.5472456895979119, "p99": 1.999790203545708, "max": 2.2504656151868403}, "TPOT": {"unit": "ms", "min": 7.837419873913344, "p50": 13.855572483123895, "p90": 16.88248089364996, "p95": 18.366595983346976, "p99": 20.413391851365333, "max": 26.89700562355889}, "Input Tokens per Minute": {"unit": "tokens/min", "min": 1320943.8851756898, "p50": 1320943.8851756898, "p90": 1320943.8851756898, "p95": 1320943.8851756898, "p99": 1320943.8851756898, "max": 1320943.8851756898}, "Output Tokens per Minute": {"unit": "tokens/min", "min": 57757.130052905006, "p50": 57757.130052905006, "p90": 57757.130052905006, "p95": 57757.130052905006, "p99": 57757.130052905006, "max": 57757.130052905006}}
{"actual_qps": 5.445694985191509, "success_rate": 100.0, "input_tokens": 3910, "output_tokens": 176, "model": "meta-llama/Llama-3.1-8B-Instruct", "input_tokens_per_minute": 1246969.3440274869, "output_tokens_per_minute": 56184.809821011695, "slo_seconds": 5.0, "slo_attainment": 95.98765432098766, "ttft_slo_ms": 1000, "ttft_slo_attainment": 80.55555555555556, "tpot_slo_ms": 50, "tpot_slo_attainment": 100.0, "Latency": {"unit": "s", "min": 0.7835029519628733, "p50": 3.477991055464372, "p90": 4.40270305047743, "p95": 4.816659410647116, "p99": 5.437547184382565, "max": 5.701505882199854}, "Throughput": {"unit": "tokens/s", "min": 10.91312126267993, "p50": 53.546180289130746, "p90": 66.3280400999261, "p95": 70.7366281353592, "p99": 75.73672717889023, "max": 90.49831827660607}, "TTFT": {"unit": "s", "min": 0.19510501506738365, "p50": 0.7407366605475545, "p90": 1.1490825926419348, "p95": 1.2971855755313293, "p99": 1.6518266366654983, "max": 2.401118620997295}, "TPOT": {"unit": "ms", "min": 8.628151646055477, "p50": 14.211443359331795, "p90": 17.87864429731859, "p95": 19.281763706834113, "p99": 21.42948838168381, "max": 22.18956321047329}, "Input Tokens per Minute": {"unit": "tokens/min", "min": 1246969.3440274869, "p50": 1246969.3440274869, "p90": 1246969.3440274869, "p95": 1246969.3440274869, "p99": 1246969.3440274869, "max": 1246969.3440274869}, "Output Tokens per Minute": {"unit": "tokens/min", "min": 56184.809821011695, "p50": 56184.809821011695, "p90": 56184.809821011695, "p95": 56184.809821011695, "p99": 56184.809821011695, "max": 56184.809821011695}}
{"actual_qps": 5.69651621566346, "success_rate": 100.0, "input_tokens": 4127, "output_tokens": 177, "model": "meta-llama/Llama-3.1-8B-Instruct", "input_tokens_per_minute": 1381005.2844705328, "output_tokens_per_minute": 59277.046021639115, "slo_seconds": 5.0, "slo_attainment": 94.41176470588235, "ttft_slo_ms": 1000, "ttft_slo_attainment": 63.8235294117647, "tpot_slo_ms": 50, "tpot_slo_attainment": 100.0, "Latency": {"unit": "s", "min": 0.6693925049621612, "p50": 3.6894991650478914, "p90": 4.788990781246685, "p95": 5.037493168539368, "p99": 5.990830645859244, "max": 6.487722892081365}, "Throughput": {"unit": "tokens/s", "min": 12.414148722006914, "p50": 50.57988850029917, "p90": 62.1694184507245, "p95": 66.99666332256643, "p99": 71.74561897262677, "max": 73.2483686002108}, "TTFT": {"unit": "s", "min": 0.17362748109735548, "p50": 0.8425739675294608, "p90": 1.4892958370735874, "p95": 1.7014293047715914, "p99": 2.3030767740472236, "max": 3.498100223019719}, "TPOT": {"unit": "ms", "min": 10.213880038533647, "p50": 14.700757301571644, "p90": 18.482068649387973, "p95": 19.540573413900326, "p99": 24.44750561830381, "max": 30.877649647128933}, "Input Tokens per Minute": {"unit": "tokens/min", "min": 1381005.2844705328, "p50": 1381005.2844705328, "p90": 1381005.2844705328, "p95": 1381005.2844705328, "p99": 1381005.2844705328, "max": 1381005.2844705328}, "Output Tokens per Minute": {"unit": "tokens/min", "min": 59277.046021639115, "p50": 59277.046021639115, "p90": 59277.046021639115, "p95": 59277.046021639115, "p99": 59277.046021639115, "max": 59277.046021639115}}
{"actual_qps": 5.4632397032562015, "success_rate": 100.0, "input_tokens": 3936, "output_tokens": 175, "model": "meta-llama/Llama-3.1-8B-Instruct", "input_tokens_per_minute": 1344500.7570505226, "output_tokens_per_minute": 60072.24871104299, "slo_seconds": 5.0, "slo_attainment": 99.71181556195965, "ttft_slo_ms": 1000, "ttft_slo_attainment": 90.77809798270894, "tpot_slo_ms": 50, "tpot_slo_attainment": 100.0, "Latency": {"unit": "s", "min": 0.5045244360808283, "p50": 3.4520800560712814, "p90": 4.290512085380033, "p95": 4.478543563489802, "p99": 4.850220406008885, "max": 5.184464859077707}, "Throughput": {"unit": "tokens/s", "min": 15.404989185220703, "p50": 54.65272266647444, "p90": 66.79299060575157, "p95": 71.37162561912868, "p99": 79.05602253809813, "max": 85.2513356752747}, "TTFT": {"unit": "s", "min": 0.06462866091169417, "p50": 0.5486877849325538, "p90": 0.9668314923066649, "p95": 1.1058747676201164, "p99": 1.700103780557405, "max": 2.3835441269911826}, "TPOT": {"unit": "ms", "min": 7.615292074020814, "p50": 14.74799474949326, "p90": 18.006605040937213, "p95": 18.89005113269048, "p99": 20.442113781338527, "max": 24.578491782360686}, "Input Tokens per Minute": {"unit": "tokens/min", "min": 1344500.7570505226, "p50": 1344500.7570505226, "p90": 1344500.7570505226, "p95": 1344500.7570505226, "p99": 1344500.7570505226, "max": 1344500.7570505226}, "Output Tokens per Minute": {"unit": "tokens/min", "min": 60072.24871104299, "p50": 60072.24871104299, "p90": 60072.24871104299, "p95": 60072.24871104299, "p99": 60072.24871104299, "max": 60072.24871104299}}
{"actual_qps": 5.1499628181244415, "success_rate": 100.0, "input_tokens": 4131, "output_tokens": 172,