{"actual_qps": 5.589127166745304, "success_rate": 100.0, "input_tokens": 4018, "output_tokens": 178, "model": "meta-llama/Llama-3.1-8B-Instruct", "input_tokens_per_minute": 1287861.8947703093, "output_tokens_per_minute": 57195.62181808284, "slo_seconds": 5.0, "slo_attainment": 96.59442724458205, "ttft_slo_ms": 1000, "ttft_slo_attainment": 68.42105263157895, "tpot_slo_ms": 50, "tpot_slo_attainment": 100.0, "Latency": {"unit": "s", "min": 0.6763834678567946, "p50": 3.5816065270919353, "p90": 4.589143829233945, "p95": 4.809931630617939, "p99": 5.637125144284216, "max": 7.103018736932427}, "Throughput": {"unit": "tokens/s", "min": 13.436436223119896, "p50": 51.962166024353174, "p90": 65.8785310704739, "p95": 71.47331195536475, "p99": 75.49634310695882, "max": 91.2621690151108}, "TTFT": {"unit": "s", "min": 0.08306434890255332, "p50": 0.7716293069534004, "p90": 1.4103611116297547, "p95": 1.662812742148526, "p99": 2.3590647201891897, "max": 3.2463920949958265}, "TPOT": {"unit": "ms", "min": 6.491784497888552, "p50": 14.830658160823972, "p90": 17.815992272438013, "p95": 18.845263955852566, "p99": 21.46325404811071, "max": 26.990052408483976}, "Input Tokens per Minute": {"unit": "tokens/min", "min": 1287861.8947703093, "p50": 1287861.8947703093, "p90": 1287861.8947703093, "p95": 1287861.8947703093, "p99": 1287861.8947703093, "max": 1287861.8947703093}, "Output Tokens per Minute": {"unit": "tokens/min", "min": 57195.62181808284, "p50": 57195.62181808284, "p90": 57195.62181808284, "p95": 57195.62181808284, "p99": 57195.62181808284, "max": 57195.62181808284}}
{"actual_qps": 5.60902241036068, "success_rate": 100.0, "input_tokens": 3951, "output_tokens": 180, "model": "meta-llama/Llama-3.1-8B-Instruct", "input_tokens_per_minute": 1270141.0544758884, "output_tokens_per_minute": 58060.77901738495, "slo_seconds": 5.0, "slo_attainment": 100.0, "ttft_slo_ms": 1000, "ttft_slo_attainment": 79.62962962962963, "tpot_slo_ms": 50, "tpot_slo_attainment": 100.0, "Latency": {"unit": "s", "min": 0.45801249402575195, "p50": 3.2987815644592047, "p90": 4.049823651649057, "p95": 4.3189426864264515, "p99": 4.645777393684256, "max": 4.954681089147925}, "Throughput": {"unit": "tokens/s", "min": 14.814395621195702, "p50": 57.00821822990058, "p90": 68.60321925601352, "p95": 73.03450085414433, "p99": 82.36714158265903, "max": 85.4797196592415}, "TTFT": {"unit": "s", "min": 0.13213271112181246, "p50": 0.6817339964909479, "p90": 1.2191557263489812, "p95": 1.370707410923205, "p99": 1.816822551330551, "max": 2.0208643039222807}, "TPOT": {"unit": "ms", "min": 4.804844064090182, "p50": 13.613071336513901, "p90": 16.021372366217726, "p95": 17.198007466798938, "p99": 19.74669627673448, "max": 21.123586628520535}, "Input Tokens per Minute": {"unit": "tokens/min", "min": 1270141.0544758884, "p50": 1270141.0544758884, "p90": 1270141.0544758884, "p95": 1270141.0544758884, "p99": 1270141.0544758884, "max": 1270141.0544758884}, "Output Tokens per Minute": {"unit": "tokens/min", "min": 58060.77901738495, "p50": 58060.77901738495, "p90": 58060.77901738495, "p95": 58060.77901738495, "p99": 58060.77901738495, "max": 58060.77901738495}}
{"actual_qps": 5.46282615569018, "success_rate": 100.0, "input_tokens": 4019, "output_tokens": 177, "model": "meta-llama/Llama-3.1-8B-Instruct", "input_tokens_per_minute": 1325324.934262483, "output_tokens_per_minute": 58574.29219801207, "slo_seconds": 5.0, "slo_attainment": 88.95522388059702, "ttft_slo_ms": 1000, "ttft_slo_attainment": 54.62686567164179, "tpot_slo_ms": 50, "tpot_slo_attainment": 100.0, "Latency": {"unit": "s", "min": 0.5579048590734601, "p50": 3.756813626969233, "p90": 5.018545075459406, "p95": 5.4763323492370555, "p99": 6.717011782135822, "max": 7.72315994091332}, "Throughput": {"unit": "tokens/s", "min": 8.216658295310173, "p50": 49.847608595413085, "p90": 62.678771530571865, "p95": 65.60420291469596, "p99": 71.52704895968158, "max": 73.19272549637486}, "TTFT": {"unit": "s", "min": 0.16923756012693048, "p50": 0.9384437031112611, "p90": 1.8690326836425815, "p95": 2.33037972827442, "p99": 3.860856398791077, "max": 5.249370808945969}, "TPOT": {"unit": "ms", "min": 9.924512911204468, "p50": 14.696802563693879, "p90": 17.993082970745824, "p95": 19.396326313703206, "p99": 22.522843724885956, "max": 33.83498110010156}, "Input Tokens per Minute": {"unit": "tokens/min", "min": 1325324.934262483, "p50": 1325324.934262483, "p90": 1325324.934262483, "p95": 1325324.934262483, "p99": 1325324.934262483, "max": 1325324.934262483}, "Output Tokens per Minute": {"unit": "tokens/min", "min": 58574.29219801207, "p50": 58574.29219801207, "p90": 58574.29219801207, "p95": 58574.29219801207, "p99": 58574.29219801207, "max": 58574.29219801207}}
{"actual_qps": 5.336607064309149, "success_rate": 100.0, "input_tokens": 4167, "output_tokens": 173, "model": "meta-llama/Llama-3.1-8B-Instruct", "input_tokens_per_minute": 1361996.7386016808, "output_tokens_per_minute": 56557.47583891131, "slo_seconds": 5.0, "slo_attainment": 97.89156626506023, "ttft_slo_ms": 1000, "ttft_slo_attainment": 82.2289156626506, "tpot_slo_ms": 50, "tpot_slo_attainment": 100.0, "Latency": {"unit": "s", "min": 0.50122249010019, "p50": 3.5174265144160017, "p90": 4.658342296257617, "p95": 4.840847352193668, "p99": 5.127430292041972, "max": 5.4479849971830845}, "Throughput": {"unit": "tokens/s", "min": 14.021557778380325, "p50": 51.89248049481295, "p90": 65.68658382318829, "p95": 69.11823638420458, "p99": 75.71438095360091, "max": 78.2512963118269}, "TTFT": {"unit": "s", "min": 0.1441827949602157, "p50": 0.687461513094604, "p90": 1.216684958641418, "p95": 1.3526798581122421, "p99": 1.6544900832348504, "max": 1.8498504071030766}, "TPOT": {"unit": "ms", "min": 3.3774891984649003, "p50": 14.900344825284705, "p90": 19.050996736284226, "p95": 19.78209828144763, "p99": 22.30046813992951, "max": 27.433134531343565}, "Input Tokens per Minute": {"unit": "tokens/min", "min": 1361996.7386016808, "p50": 1361996.7386016808, "p90": 1361996.7386016808, "p95": 1361996.7386016808, "p99": 1361996.7386016808, "max": 1361996.7386016808}, "Output Tokens per Minute": {"unit": "tokens/min", "min": 56557.47583891131, "p50": 56557.47583891131, "p90": 56557.47583891131, "p95": 56557.47583891131, "p99": 56557.47583891131, "max": 56557.47583891131}}
{"actual_qps": 5.491803380792679, "success_rate": 100.0, "input_tokens": 4230, "output_tokens": 171, "model": "meta-llama/Llama-3.1-8B-Instruct", "input_tokens_per_minute": 1389694.4520668457, "output_tokens_per_minute": 56342.9518672059, "slo_seconds": 5.0, "slo_attainment": 100.0, "ttft_slo_ms": 1000, "ttft_slo_attainment": 96.40718562874252, "tpot_slo_ms": 50, "tpot_slo_attainment": 100.0, "Latency": {"unit": "s", "min": 0.5109544647857547, "p50": 3.3996063314843923, "p90": 4.114003182947635, "p95": 4.353353485034312, "p99": 4.671639485072811, "max": 4.937997441971675}, "Throughput": {"unit": "tokens/s", "min": 13.381438087735877, "p50": 54.03243479928898, "p90": 69.5143901840974, "p95": 71.95351590042202, "p99": 78.70440173308032, "max": 82.05205409740684}, "TTFT": {"unit": "s", "min": 0.08136075409129262, "p50": 0.528578591067344, "p90": 0.8633133834227918, "p95": 0.9501721091801295, "p99": 1.1010999493161224, "max": 1.4298335718922317}, "TPOT": {"unit": "ms", "min": 10.453801252879202, "p50": 14.978802221799128, "p90": 18.216724482685947, "p95": 19.06061104550004, "p99": 20.619380196285018, "max": 23.055012185068335}, "Input Tokens per Minute": {"unit": "tokens/min", "min": 1389694.4520668457, "p50": 1389694.4520668457, "p90": 1389694.4520668457, "p95": 1389694.4520668457, "p99": 1389694.4520668457, "max": 1389694.4520668457}, "Output Tokens per Minute": {"unit": "tokens/min", "min": 56342.9518672059, "p50": 56342.9518672059, "p90": 56342.9518672059, "p95": 56342.9518672059, "p99": 56342.9518672059, "max": 56342.9518672059}}
{"actual_qps": 5.283288241078173, "success_rate": 100.0, "input_tokens": 3987, "output_tokens": 177, "model": "meta-llama/Llama-3.1-8B-Instruct",