{"actual_qps": 5.280927658671827, "success_rate": 100.0, "input_tokens": 4146, "output_tokens": 172, "model": "meta-llama/Llama-3.1-8B-Instruct", "input_tokens_per_minute": 1264334.5369983271, "output_tokens_per_minute": 52550.36213975391, "slo_seconds": 5.0, "slo_attainment": 66.12377850162866, "ttft_slo_ms": 1000, "ttft_slo_attainment": 50.4885993485342, "tpot_slo_ms": 50, "tpot_slo_attainment": 99.3485342019544, "Latency": {"unit": "s", "min": 0.515077075920999, "p50": 3.1673208370339125, "p90": 8.356425409531221, "p95": 9.009485122538171, "p99": 9.751827553990298, "max": 17.80150322103873}, "Throughput": {"unit": "tokens/s", "min": 2.6602033412594746, "p50": 54.567233536192305, "p90": 80.41504276007353, "p95": 86.72613966555701, "p99": 100.56528135447488, "max": 107.31645797724774}, "TTFT": {"unit": "s", "min": 0.10542396502569318, "p50": 0.9576743440702558, "p90": 5.573588869860397, "p95": 6.129486278304829, "p99": 7.044474177714437, "max": 14.30126661900431}, "TPOT": {"unit": "ms", "min": 4.569640944874476, "p50": 11.537342563964165, "p90": 17.559417440139466, "p95": 17.867244414649452, "p99": 33.38208625319465, "max": 111.94842300542138}, "Input Tokens per Minute": {"unit": "tokens/min", "min": 1264334.5369983271, "p50": 1264334.5369983271, "p90": 1264334.5369983271, "p95": 1264334.5369983271, "p99": 1264334.5369983271, "max": 1264334.5369983271}, "Output Tokens per Minute": {"unit": "tokens/min", "min": 52550.36213975391, "p50": 52550.36213975391, "p90": 52550.36213975391, "p95": 52550.36213975391, "p99": 52550.36213975391, "max": 52550.36213975391}}
{"actual_qps": 5.109694545772909, "success_rate": 100.0, "input_tokens": 4207, "output_tokens": 178, "model": "meta-llama/Llama-3.1-8B-Instruct", "input_tokens_per_minute": 1212113.9431311775, "output_tokens_per_minute": 51450.80347176337, "slo_seconds": 5.0, "slo_attainment": 98.9655172413793, "ttft_slo_ms": 1000, "ttft_slo_attainment": 77.24137931034483, "tpot_slo_ms": 50, "tpot_slo_attainment": 100.0, "Latency": {"unit": "s", "min": 0.6728017129935324, "p50": 3.407566952519119, "p90": 4.365962590114214, "p95": 4.545465876464732, "p99": 4.955568503183314, "max": 5.720940064871684}, "Throughput": {"unit": "tokens/s", "min": 9.047939921463017, "p50": 53.68351925759596, "p90": 66.15871538593063, "p95": 69.71622994343886, "p99": 75.75635114873216, "max": 77.56538474482922}, "TTFT": {"unit": "s", "min": 0.10194959002546966, "p50": 0.7024412240134552, "p90": 1.2532790857832878, "p95": 1.3386586008127779, "p99": 1.670113990930841, "max": 2.2098122988827527}, "TPOT": {"unit": "ms", "min": 2.0409785895882284, "p50": 14.215241346611226, "p90": 17.647053077863763, "p95": 18.84193587459708, "p99": 22.59814985342592, "max": 28.667597771238757}, "Input Tokens per Minute": {"unit": "tokens/min", "min": 1212113.9431311775, "p50": 1212113.9431311775, "p90": 1212113.9431311775, "p95": 1212113.9431311775, "p99": 1212113.9431311775, "max": 1212113.9431311775}, "Output Tokens per Minute": {"unit": "tokens/min", "min": 51450.80347176337, "p50": 51450.80347176337, "p90": 51450.80347176337, "p95": 51450.80347176337, "p99": 51450.80347176337, "max": 51450.80347176337}}
{"actual_qps": 5.073752748926232, "success_rate": 100.0, "input_tokens": 4280, "output_tokens": 178, "model": "meta-llama/Llama-3.1-8B-Instruct", "input_tokens_per_minute": 1332683.7193694664, "output_tokens_per_minute": 55643.797137738555, "slo_seconds": 5.0, "slo_attainment": 98.41772151898735, "ttft_slo_ms": 1000, "ttft_slo_attainment": 75.63291139240506, "tpot_slo_ms": 50, "tpot_slo_attainment": 99.68354430379746, "Latency": {"unit": "s", "min": 0.5944784379098564, "p50": 3.330135326483287, "p90": 4.409357111668214, "p95": 4.606944615487009, "p99": 5.2372005263343455, "max": 5.579574742121622}, "Throughput": {"unit": "tokens/s", "min": 8.982130801417656, "p50": 55.57514849882166, "p90": 68.12941661914208, "p95": 75.20485869558048, "p99": 91.06416726420163, "max": 92.79870625199115}, "TTFT": {"unit": "s", "min": 0.1367242531850934, "p50": 0.6481707949424163, "p90": 1.2333194685634226, "p95": 1.4642924336367287, "p99": 1.8260344255366368, "max": 2.4168632680084556}, "TPOT": {"unit": "ms", "min": 8.479485151371987, "p50": 14.147227022202507, "p90": 17.77308446006503, "p95": 19.29814627035944, "p99": 23.808672784054288, "max": 56.56271552502671}, "Input Tokens per Minute": {"unit": "tokens/min", "min": 1332683.7193694664, "p50": 1332683.7193694664, "p90": 1332683.7193694664, "p95": 1332683.7193694664, "p99": 1332683.7193694664, "max": 1332683.7193694664}, "Output Tokens per Minute": {"unit": "tokens/min", "min": 55643.797137738555, "p50": 55643.797137738555, "p90": 55643.797137738555, "p95": 55643.797137738555, "p99": 55643.797137738555, "max": 55643.797137738555}}
{"actual_qps": 5.149971345037483, "success_rate": 100.0, "input_tokens": 4384, "output_tokens": 170, "model": "meta-llama/Llama-3.1-8B-Instruct", "input_tokens_per_minute": 1352059.5437021134, "output_tokens_per_minute": 52599.54548838282, "slo_seconds": 5.0, "slo_attainment": 99.68051118210862, "ttft_slo_ms": 1000, "ttft_slo_attainment": 98.7220447284345, "tpot_slo_ms": 50, "tpot_slo_attainment": 100.0, "Latency": {"unit": "s", "min": 0.5339614730328321, "p50": 3.1301142249722034, "p90": 3.9144863991066816, "p95": 4.1915489742998036, "p99": 4.60320202534087, "max": 6.713594553992152}, "Throughput": {"unit": "tokens/s", "min": 17.20948951486538, "p50": 59.86768084094988, "p90": 72.06336455636466, "p95": 74.7408484035583, "p99": 80.64794239925764, "max": 82.41390886118377}, "TTFT": {"unit": "s", "min": 0.04584805481135845, "p50": 0.38905721297487617, "p90": 0.7764804858248681, "p95": 0.8696881073992698, "p99": 1.0334600727166978, "max": 2.4280244221445173}, "TPOT": {"unit": "ms", "min": 9.611923822804409, "p50": 14.221482723015338, "p90": 17.00969785300569, "p95": 18.1351214891342, "p99": 19.333490240157527, "max": 21.535528300741884}, "Input Tokens per Minute": {"unit": "tokens/min", "min": 1352059.5437021134, "p50": 1352059.5437021134, "p90": 1352059.5437021134, "p95": 1352059.5437021134, "p99": 1352059.5437021134, "max": 1352059.5437021134}, "Output Tokens per Minute": {"unit": "tokens/min", "min": 52599.54548838282, "p50": 52599.54548838282, "p90": 52599.54548838282, "p95": 52599.54548838282, "p99": 52599.54548838282, "max": 52599.54548838282}}
{"actual_qps": 5.065622666695312, "success_rate": 100.0, "input_tokens": 4200, "output_tokens": 177, "model": "meta-llama/Llama-3.1-8B-Instruct", "input_tokens_per_minute": 1285014.698757558, "output_tokens_per_minute": 54435.279537913004, "slo_seconds": 5.0, "slo_attainment": 98.71382636655949, "ttft_slo_ms": 1000, "ttft_slo_attainment": 98.07073954983923, "tpot_slo_ms": 50, "tpot_slo_attainment": 100.0, "Latency": {"unit": "s", "min": 0.4277620739303529, "p50": 3.1508909249678254, "p90": 4.174027923028916, "p95": 4.430430562584661, "p99": 5.084143494418817, "max": 5.678391742054373}, "Throughput": {"unit": "tokens/s", "min": 14.347897926194609, "p50": 58.37830391440479, "p90": 70.97480021533444, "p95": 73.9678363727019, "p99": 80.72197031752992, "max": 84.47855682024003}, "TTFT": {"unit": "s", "min": 0.050342642003670335, "p50": 0.4207529479172081, "p90": 0.7606855521444231, "p95": 0.8242364599136636, "p99": 1.1286707764258601, "max": 1.5496561091858894}, "TPOT": {"unit": "ms", "min": 10.073709934622274, "p50": 14.438074120746261, "p90": 18.397879345636618, "p95": 19.18200675887173, "p99": 22.247472396456512, "max": 33.36968923480634}, "Input Tokens per Minute": {"unit": "tokens/min", "min": 1285014.698757558, "p50": 1285014.698757558, "p90": 1285014.698757558, "p95": 1285014.698757558, "p99": 1285014.698757558, "max": 1285014.698757558}, "Output Tokens per Minute": {"unit": "tokens/min", "min": 54435.279537913004, "p50": 54435.279537913004, "p90": 54435.279537913004, "p95": 54435.279537913004, "p99": 54435.279537913004, "max": 54435.279537913004}}
{"actual_qps": 5.266613894854924, "success_rate": 100.0, "input_tokens": 4254,