{"actual_qps": 5.036997054085284, "success_rate": 100.0, "input_tokens": 4155, "output_tokens": 179, "model": "meta-llama/Llama-3.1-8B-Instruct", "input_tokens_per_minute": 1173606.7715114306, "output_tokens_per_minute": 50740.231111189205, "slo_seconds": 5.0, "slo_attainment": 96.84210526315789, "ttft_slo_ms": 1000, "ttft_slo_attainment": 68.42105263157895, "tpot_slo_ms": 50, "tpot_slo_attainment": 100.0, "Latency": {"unit": "s", "min": 0.40399531507864594, "p50": 3.5906540430150926, "p90": 4.4039462096989155, "p95": 4.695894633373245, "p99": 5.683487244900318, "max": 8.033175064949319}, "Throughput": {"unit": "tokens/s", "min": 10.789650181251927, "p50": 52.61061743546683, "p90": 64.4657343118287, "p95": 69.26307559419884, "p99": 77.73679227971773, "max": 87.81669473664518}, "TTFT": {"unit": "s", "min": 0.09396782401017845, "p50": 0.7752348848152906, "p90": 1.4165214878972618, "p95": 1.6076212821528315, "p99": 2.682674717837946, "max": 5.416621391894296}, "TPOT": {"unit": "ms", "min": 6.230550352483988, "p50": 14.310262839885512, "p90": 17.02753871599746, "p95": 18.500491787665457, "p99": 20.99046282453134, "max": 25.193074671551585}, "Input Tokens per Minute": {"unit": "tokens/min", "min": 1173606.7715114306, "p50": 1173606.7715114306, "p90": 1173606.7715114306, "p95": 1173606.7715114306, "p99": 1173606.7715114306, "max": 1173606.7715114306}, "Output Tokens per Minute": {"unit": "tokens/min", "min": 50740.231111189205, "p50": 50740.231111189205, "p90": 50740.231111189205, "p95": 50740.231111189205, "p99": 50740.231111189205, "max": 50740.231111189205}}
{"actual_qps": 4.91974279576764, "success_rate": 100.0, "input_tokens": 4009, "output_tokens": 180, "model": "meta-llama/Llama-3.1-8B-Instruct", "input_tokens_per_minute": 1203252.9819147848, "output_tokens_per_minute": 54283.45805994099, "slo_seconds": 5.0, "slo_attainment": 99.672131147541, "ttft_slo_ms": 1000, "ttft_slo_attainment": 82.62295081967214, "tpot_slo_ms": 50, "tpot_slo_attainment": 100.0, "Latency": {"unit": "s", "min": 0.5738390800543129, "p50": 3.31957576982677, "p90": 4.010004392173141, "p95": 4.304051750805229, "p99": 4.870958730438723, "max": 5.469955624081194}, "Throughput": {"unit": "tokens/s", "min": 11.076270652297568, "p50": 57.30381494779519, "p90": 67.67389136603106, "p95": 70.467761087391, "p99": 80.57820283233336, "max": 90.90529015777244}, "TTFT": {"unit": "s", "min": 0.14648094191215932, "p50": 0.6906837790738791, "p90": 1.1978816136717798, "p95": 1.3864023393020035, "p99": 1.8066460807807727, "max": 2.8045419710688293}, "TPOT": {"unit": "ms", "min": 8.45040547360173, "p50": 13.588560536859474, "p90": 15.946116344535247, "p95": 17.29709143146648, "p99": 20.000107943053333, "max": 31.697134071561905}, "Input Tokens per Minute": {"unit": "tokens/min", "min": 1203252.9819147848, "p50": 1203252.9819147848, "p90": 1203252.9819147848, "p95": 1203252.9819147848, "p99": 1203252.9819147848, "max": 1203252.9819147848}, "Output Tokens per Minute": {"unit": "tokens/min", "min": 54283.45805994099, "p50": 54283.45805994099, "p90": 54283.45805994099, "p95": 54283.45805994099, "p99": 54283.45805994099, "max": 54283.45805994099}}
{"actual_qps": 5.295815440829035, "success_rate": 100.0, "input_tokens": 4162, "output_tokens": 182, "model": "meta-llama/Llama-3.1-8B-Instruct", "input_tokens_per_minute": 1282031.8393548527, "output_tokens_per_minute": 56076.212334718715, "slo_seconds": 5.0, "slo_attainment": 96.80511182108627, "ttft_slo_ms": 1000, "ttft_slo_attainment": 80.19169329073482, "tpot_slo_ms": 50, "tpot_slo_attainment": 100.0, "Latency": {"unit": "s", "min": 0.6368895401246846, "p50": 3.5101237259805202, "p90": 4.425041853962466, "p95": 4.848343278560788, "p99": 5.376027990849688, "max": 5.711351743899286}, "Throughput": {"unit": "tokens/s", "min": 10.958257422070552, "p50": 53.67940245091972, "p90": 66.1629083286491, "p95": 70.362671182394, "p99": 74.10399412304959, "max": 83.19569666290741}, "TTFT": {"unit": "s", "min": 0.16953982086852193, "p50": 0.6751630799844861, "p90": 1.1801647758111358, "p95": 1.2928503334987904, "p99": 1.61078279719688, "max": 1.7704710781108588}, "TPOT": {"unit": "ms", "min": 9.893496602717507, "p50": 14.768021801315552, "p90": 17.847774648598993, "p95": 19.154272751065253, "p99": 22.076116178755708, "max": 26.021174182567524}, "Input Tokens per Minute": {"unit": "tokens/min", "min": 1282031.8393548527, "p50": 1282031.8393548527, "p90": 1282031.8393548527, "p95": 1282031.8393548527, "p99": 1282031.8393548527, "max": 1282031.8393548527}, "Output Tokens per Minute": {"unit": "tokens/min", "min": 56076.212334718715, "p50": 56076.212334718715, "p90": 56076.212334718715, "p95": 56076.212334718715, "p99": 56076.212334718715, "max": 56076.212334718715}}
{"actual_qps": 4.892807815351563, "success_rate": 100.0, "input_tokens": 4139, "output_tokens": 174, "model": "meta-llama/Llama-3.1-8B-Instruct", "input_tokens_per_minute": 1177145.8747947642, "output_tokens_per_minute": 49501.46806245484, "slo_seconds": 5.0, "slo_attainment": 97.92387543252595, "ttft_slo_ms": 1000, "ttft_slo_attainment": 93.07958477508652, "tpot_slo_ms": 50, "tpot_slo_attainment": 100.0, "Latency": {"unit": "s", "min": 0.4250704739242792, "p50": 3.3840678280685097, "p90": 4.357971208635718, "p95": 4.680422552069648, "p99": 5.338419355200604, "max": 5.580384120810777}, "Throughput": {"unit": "tokens/s", "min": 15.218457556418041, "p50": 55.383662080852986, "p90": 71.75736686842559, "p95": 75.38186095089397, "p99": 81.47232783697171, "max": 91.99307737033276}, "TTFT": {"unit": "s", "min": 0.03496736194938421, "p50": 0.555492467014119, "p90": 0.92959038708359, "p95": 1.0417614328674971, "p99": 1.4015050305239856, "max": 1.4284890270791948}, "TPOT": {"unit": "ms", "min": 9.924568038863631, "p50": 14.615540618507481, "p90": 18.563175415994607, "p95": 20.113179803637358, "p99": 22.165945297584013, "max": 24.191112686821725}, "Input Tokens per Minute": {"unit": "tokens/min", "min": 1177145.8747947642, "p50": 1177145.8747947642, "p90": 1177145.8747947642, "p95": 1177145.8747947642, "p99": 1177145.8747947642, "max": 1177145.8747947642}, "Output Tokens per Minute": {"unit": "tokens/min", "min": 49501.46806245484, "p50": 49501.46806245484, "p90": 49501.46806245484, "p95": 49501.46806245484, "p99": 49501.46806245484, "max": 49501.46806245484}}
{"actual_qps": 5.049984452200338, "success_rate": 100.0, "input_tokens": 3934, "output_tokens": 175, "model": "meta-llama/Llama-3.1-8B-Instruct", "input_tokens_per_minute": 1227063.553097741, "output_tokens_per_minute": 54778.38418519521, "slo_seconds": 5.0, "slo_attainment": 99.6845425867508, "ttft_slo_ms": 1000, "ttft_slo_attainment": 95.58359621451105, "tpot_slo_ms": 50, "tpot_slo_attainment": 100.0, "Latency": {"unit": "s", "min": 0.5282166828401387, "p50": 3.496537420898676, "p90": 4.307704458851367, "p95": 4.509234904590994, "p99": 4.731322543239219, "max": 5.079461042070761}, "Throughput": {"unit": "tokens/s", "min": 11.713357341755358, "p50": 54.39718338617074, "p90": 67.94580664589405, "p95": 71.57855772489286, "p99": 79.96428722138359, "max": 87.0671739716318}, "TTFT": {"unit": "s", "min": 0.10094728204421699, "p50": 0.5751781531143934, "p90": 0.8849888944532723, "p95": 0.9694725107401608, "p99": 1.213500202130526, "max": 1.5833141189068556}, "TPOT": {"unit": "ms", "min": 9.34904127100867, "p50": 15.080608271914135, "p90": 18.270681770270386, "p95": 19.341348209675758, "p99": 20.85650524266375, "max": 22.03839162978306}, "Input Tokens per Minute": {"unit": "tokens/min", "min": 1227063.553097741, "p50": 1227063.553097741, "p90": 1227063.553097741, "p95": 1227063.553097741, "p99": 1227063.553097741, "max": 1227063.553097741}, "Output Tokens per Minute": {"unit": "tokens/min", "min": 54778.38418519521, "p50": 54778.38418519521, "p90": 54778.38418519521, "p95": 54778.38418519521, "p99": 54778.38418519521, "max": 54778.38418519521}}
{"actual_qps": 4.9999892297820905, "success_rate": 100.0, "input_tokens": 4092, "output_tokens": 174,