{"actual_qps": 5.806659177870642, "success_rate": 100.0, "input_tokens": 3863, "output_tokens": 166, "model": "meta-llama/Llama-3.1-8B-Instruct", "input_tokens_per_minute": 1215906.5136745062, "output_tokens_per_minute": 52391.57220378864, "slo_seconds": 5.0, "slo_attainment": 94.9685534591195, "ttft_slo_ms": 1000, "ttft_slo_attainment": 61.32075471698113, "tpot_slo_ms": 50, "tpot_slo_attainment": 100.0, "Latency": {"unit": "s", "min": 0.3870819490402937, "p50": 3.1301869319286197, "p90": 4.479332643467933, "p95": 5.005231699720023, "p99": 5.790444799098185, "max": 7.679438784020022}, "Throughput": {"unit": "tokens/s", "min": 10.998828358846716, "p50": 53.511572000304675, "p90": 78.50107200041425, "p95": 84.37628605625017, "p99": 94.04041696992304, "max": 98.03412565412961}, "TTFT": {"unit": "s", "min": 0.06372800492681563, "p50": 0.793868065928109, "p90": 1.5891476801130922, "p95": 2.0113943328033184, "p99": 2.7291407322976733, "max": 5.132226230110973}, "TPOT": {"unit": "ms", "min": 6.270802502209942, "p50": 13.07044620706925, "p90": 17.238362136208064, "p95": 18.61415937919102, "p99": 22.522718962915754, "max": 29.830407262779772}, "Input Tokens per Minute": {"unit": "tokens/min", "min": 1215906.5136745062, "p50": 1215906.5136745062, "p90": 1215906.5136745062, "p95": 1215906.5136745062, "p99": 1215906.5136745062, "max": 1215906.5136745062}, "Output Tokens per Minute": {"unit": "tokens/min", "min": 52391.57220378864, "p50": 52391.57220378864, "p90": 52391.57220378864, "p95": 52391.57220378864, "p99": 52391.57220378864, "max": 52391.57220378864}}
{"actual_qps": 5.44860625377371, "success_rate": 100.0, "input_tokens": 4114, "output_tokens": 174, "model": "meta-llama/Llama-3.1-8B-Instruct", "input_tokens_per_minute": 1376599.8677933717, "output_tokens_per_minute": 58296.54867910277, "slo_seconds": 5.0, "slo_attainment": 96.44970414201184, "ttft_slo_ms": 1000, "ttft_slo_attainment": 65.97633136094674, "tpot_slo_ms": 50, "tpot_slo_attainment": 100.0, "Latency": {"unit": "s", "min": 0.6165719390846789, "p50": 3.4449002780020237, "p90": 4.566297596110963, "p95": 4.835745724558365, "p99": 5.560517685089725, "max": 6.206292815040797}, "Throughput": {"unit": "tokens/s", "min": 14.309951735510271, "p50": 52.69557603199581, "p90": 65.93907728759123, "p95": 69.21344886548812, "p99": 75.84745495186668, "max": 79.24022340357253}, "TTFT": {"unit": "s", "min": 0.12556425691582263, "p50": 0.7574067380046472, "p90": 1.5014759229728953, "p95": 1.6769803636474534, "p99": 2.367887829525862, "max": 2.7605603060219437}, "TPOT": {"unit": "ms", "min": 9.374923065907376, "p50": 13.936620620991942, "p90": 17.116198553259125, "p95": 18.008937631984097, "p99": 19.448874681211286, "max": 23.413197674351384}, "Input Tokens per Minute": {"unit": "tokens/min", "min": 1376599.8677933717, "p50": 1376599.8677933717, "p90": 1376599.8677933717, "p95": 1376599.8677933717, "p99": 1376599.8677933717, "max": 1376599.8677933717}, "Output Tokens per Minute": {"unit": "tokens/min", "min": 58296.54867910277, "p50": 58296.54867910277, "p90": 58296.54867910277, "p95": 58296.54867910277, "p99": 58296.54867910277, "max": 58296.54867910277}}
{"actual_qps": 5.609174877985284, "success_rate": 100.0, "input_tokens": 4075, "output_tokens": 172, "model": "meta-llama/Llama-3.1-8B-Instruct", "input_tokens_per_minute": 1331190.1434033385, "output_tokens_per_minute": 56184.376403152324, "slo_seconds": 5.0, "slo_attainment": 97.87878787878788, "ttft_slo_ms": 1000, "ttft_slo_attainment": 69.6969696969697, "tpot_slo_ms": 50, "tpot_slo_attainment": 100.0, "Latency": {"unit": "s", "min": 0.47680330486036837, "p50": 3.4516008651116863, "p90": 4.4743290488608185, "p95": 4.783548715733923, "p99": 5.308597282422703, "max": 5.685114369960502}, "Throughput": {"unit": "tokens/s", "min": 10.37280748319882, "p50": 52.829929272559106, "p90": 65.60960206603491, "p95": 68.9874465320736, "p99": 74.26578925463619, "max": 83.6552202480502}, "TTFT": {"unit": "s", "min": 0.18242871994152665, "p50": 0.764368369942531, "p90": 1.3110996446572245, "p95": 1.5552580410032535, "p99": 1.9682578180893322, "max": 2.9832090630661696}, "TPOT": {"unit": "ms", "min": 7.203371370754515, "p50": 14.17861516967874, "p90": 17.833103464644914, "p95": 19.345929778775382, "p99": 23.14511717842832, "max": 30.100210397706732}, "Input Tokens per Minute": {"unit": "tokens/min", "min": 1331190.1434033385, "p50": 1331190.1434033385, "p90": 1331190.1434033385, "p95": 1331190.1434033385, "p99": 1331190.1434033385, "max": 1331190.1434033385}, "Output Tokens per Minute": {"unit": "tokens/min", "min": 56184.376403152324, "p50": 56184.376403152324, "p90": 56184.376403152324, "p95": 56184.376403152324, "p99": 56184.376403152324, "max": 56184.376403152324}}
{"actual_qps": 5.654638373067494, "success_rate": 100.0, "input_tokens": 4118, "output_tokens": 174, "model": "meta-llama/Llama-3.1-8B-Instruct", "input_tokens_per_minute": 1458305.922044646, "output_tokens_per_minute": 61761.47259764992, "slo_seconds": 5.0, "slo_attainment": 94.15041782729804, "ttft_slo_ms": 1000, "ttft_slo_attainment": 71.86629526462396, "tpot_slo_ms": 50, "tpot_slo_attainment": 100.0, "Latency": {"unit": "s", "min": 0.6215994630474597, "p50": 3.5194565621204674, "p90": 4.608096615318209, "p95": 5.0846957715461025, "p99": 6.088437274256723, "max": 6.622269182000309}, "Throughput": {"unit": "tokens/s", "min": 11.719458742440947, "p50": 52.2548043165553, "p90": 66.6100148396341, "p95": 69.5696874048327, "p99": 78.87316662725598, "max": 89.22621095518141}, "TTFT": {"unit": "s", "min": 0.07087087002582848, "p50": 0.6996324739884585, "p90": 1.6616608780343083, "p95": 1.9931554818991564, "p99": 3.0124612654000535, "max": 3.2887458831537515}, "TPOT": {"unit": "ms", "min": 10.613990332182478, "p50": 14.599976437540734, "p90": 18.320597804399515, "p95": 18.968719485404463, "p99": 20.818397470180756, "max": 21.32578239654514}, "Input Tokens per Minute": {"unit": "tokens/min", "min": 1458305.922044646, "p50": 1458305.922044646, "p90": 1458305.922044646, "p95": 1458305.922044646, "p99": 1458305.922044646, "max": 1458305.922044646}, "Output Tokens per Minute": {"unit": "tokens/min", "min": 61761.47259764992, "p50": 61761.47259764992, "p90": 61761.47259764992, "p95": 61761.47259764992, "p99": 61761.47259764992, "max": 61761.47259764992}}
{"actual_qps": 6.2332936400364085, "success_rate": 100.0, "input_tokens": 3972, "output_tokens": 176, "model": "meta-llama/Llama-3.1-8B-Instruct", "input_tokens_per_minute": 1484953.0766196814, "output_tokens_per_minute": 66044.86116524854, "slo_seconds": 5.0, "slo_attainment": 98.41688654353563, "ttft_slo_ms": 1000, "ttft_slo_attainment": 95.25065963060686, "tpot_slo_ms": 50, "tpot_slo_attainment": 100.0, "Latency": {"unit": "s", "min": 0.45741130597889423, "p50": 3.4058835350442678, "p90": 4.257744581531733, "p95": 4.532624183339067, "p99": 5.1413441536016755, "max": 5.313014016021043}, "Throughput": {"unit": "tokens/s", "min": 12.683233937071334, "p50": 54.695270974460726, "p90": 68.1068470519809, "p95": 70.61164995690346, "p99": 81.59427139334049, "max": 96.98550784843083}, "TTFT": {"unit": "s", "min": 0.07940051099285483, "p50": 0.5074971939902753, "p90": 0.8427114168647676, "p95": 0.9614895364036781, "p99": 1.2745501116197546, "max": 1.4625946718733758}, "TPOT": {"unit": "ms", "min": 9.749506783891636, "p50": 15.269372236666893, "p90": 18.39044633082783, "p95": 18.960365447234455, "p99": 22.575149845622065, "max": 32.02692948281765}, "Input Tokens per Minute": {"unit": "tokens/min", "min": 1484953.0766196814, "p50": 1484953.0766196814, "p90": 1484953.0766196814, "p95": 1484953.0766196814, "p99": 1484953.0766196814, "max": 1484953.0766196814}, "Output Tokens per Minute": {"unit": "tokens/min", "min": 66044.86116524854, "p50": 66044.86116524854, "p90": 66044.86116524854, "p95": 66044.86116524854, "p99": 66044.86116524854, "max": 66044.86116524854}}
{"actual_qps": 5.699986991875922, "success_rate": 100.0, "input_tokens": 3932, "output_tokens": 172,