{"actual_qps": 5.723904957729845, "success_rate": 100.0, "input_tokens": 4284, "output_tokens": 180, "model": "meta-llama/Llama-3.1-8B-Instruct", "input_tokens_per_minute": 1356105.233089151, "output_tokens_per_minute": 57108.930575061684, "slo_seconds": 5.0, "slo_attainment": 86.43533123028391, "ttft_slo_ms": 1000, "ttft_slo_attainment": 56.46687697160884, "tpot_slo_ms": 50, "tpot_slo_attainment": 99.36908517350159, "Latency": {"unit": "s", "min": 0.7615120550617576, "p50": 3.246458671055734, "p90": 5.146874198131263, "p95": 5.413332169875503, "p99": 5.662567361099645, "max": 12.570514729013667}, "Throughput": {"unit": "tokens/s", "min": 4.92776514850872, "p50": 55.62566514086106, "p90": 76.87525529855249, "p95": 83.19763014658035, "p99": 94.1293275876914, "max": 103.44039795810076}, "TTFT": {"unit": "s", "min": 0.12112342310138047, "p50": 0.8738784159068018, "p90": 1.8666902293916792, "p95": 2.1849704675376413, "p99": 3.302493530046187, "max": 9.271194973029196}, "TPOT": {"unit": "ms", "min": 5.761284613981843, "p50": 12.676132532847513, "p90": 18.13628125500552, "p95": 20.14118900240229, "p99": 30.913837380183665, "max": 65.24968423935421}, "Input Tokens per Minute": {"unit": "tokens/min", "min": 1356105.233089151, "p50": 1356105.233089151, "p90": 1356105.233089151, "p95": 1356105.233089151, "p99": 1356105.233089151, "max": 1356105.233089151}, "Output Tokens per Minute": {"unit": "tokens/min", "min": 57108.930575061684, "p50": 57108.930575061684, "p90": 57108.930575061684, "p95": 57108.930575061684, "p99": 57108.930575061684, "max": 57108.930575061684}}
{"actual_qps": 4.593708027468331, "success_rate": 100.0, "input_tokens": 4258, "output_tokens": 178, "model": "meta-llama/Llama-3.1-8B-Instruct", "input_tokens_per_minute": 1228210.1997661507, "output_tokens_per_minute": 51365.20255314107, "slo_seconds": 5.0, "slo_attainment": 97.95221843003414, "ttft_slo_ms": 1000, "ttft_slo_attainment": 69.28327645051195, "tpot_slo_ms": 50, "tpot_slo_attainment": 100.0, "Latency": {"unit": "s", "min": 0.6587970762047917, "p50": 3.4322082749567926, "p90": 4.474805765086785, "p95": 4.748683637566864, "p99": 5.361666783448308, "max": 5.670378654962406}, "Throughput": {"unit": "tokens/s", "min": 10.766331050072738, "p50": 53.657822444116114, "p90": 66.30039928343231, "p95": 69.59825479567984, "p99": 75.48259780916342, "max": 77.43529825321875}, "TTFT": {"unit": "s", "min": 0.13430035393685102, "p50": 0.7618503458797932, "p90": 1.4036930265836418, "p95": 1.620460160821676, "p99": 2.351914333701133, "max": 2.6653720398899168}, "TPOT": {"unit": "ms", "min": 10.590319533768142, "p50": 14.24905955300072, "p90": 17.31156325278183, "p95": 19.45517058384805, "p99": 22.165838396944267, "max": 22.94543265098972}, "Input Tokens per Minute": {"unit": "tokens/min", "min": 1228210.1997661507, "p50": 1228210.1997661507, "p90": 1228210.1997661507, "p95": 1228210.1997661507, "p99": 1228210.1997661507, "max": 1228210.1997661507}, "Output Tokens per Minute": {"unit": "tokens/min", "min": 51365.20255314107, "p50": 51365.20255314107, "p90": 51365.20255314107, "p95": 51365.20255314107, "p99": 51365.20255314107, "max": 51365.20255314107}}
{"actual_qps": 4.755288444853038, "success_rate": 100.0, "input_tokens": 4262, "output_tokens": 183, "model": "meta-llama/Llama-3.1-8B-Instruct", "input_tokens_per_minute": 1199373.6043459976, "output_tokens_per_minute": 51693.592855752075, "slo_seconds": 5.0, "slo_attainment": 95.8041958041958, "ttft_slo_ms": 1000, "ttft_slo_attainment": 79.37062937062937, "tpot_slo_ms": 50, "tpot_slo_attainment": 100.0, "Latency": {"unit": "s", "min": 0.58784419298172, "p50": 3.3903320549288765, "p90": 4.486791861010715, "p95": 4.826860637287609, "p99": 5.131580872705672, "max": 5.623720021918416}, "Throughput": {"unit": "tokens/s", "min": 11.783107869841569, "p50": 55.89136538285226, "p90": 69.16470474433488, "p95": 74.06279225622443, "p99": 79.11702761955404, "max": 89.92576893267749}, "TTFT": {"unit": "s", "min": 0.08649766398593783, "p50": 0.6520381009904668, "p90": 1.1907591230701655, "p95": 1.3536614804761484, "p99": 1.6777665913454254, "max": 2.008364199893549}, "TPOT": {"unit": "ms", "min": 9.206215050653554, "p50": 14.185267919440514, "p90": 17.8908702915057, "p95": 18.982072049885257, "p99": 21.4645399674196, "max": 24.517712402431403}, "Input Tokens per Minute": {"unit": "tokens/min", "min": 1199373.6043459976, "p50": 1199373.6043459976, "p90": 1199373.6043459976, "p95": 1199373.6043459976, "p99": 1199373.6043459976, "max": 1199373.6043459976}, "Output Tokens per Minute": {"unit": "tokens/min", "min": 51693.592855752075, "p50": 51693.592855752075, "p90": 51693.592855752075, "p95": 51693.592855752075, "p99": 51693.592855752075, "max": 51693.592855752075}}
{"actual_qps": 4.7499819328997175, "success_rate": 100.0, "input_tokens": 4300, "output_tokens": 188, "model": "meta-llama/Llama-3.1-8B-Instruct", "input_tokens_per_minute": 1243914.5874788363, "output_tokens_per_minute": 54415.913502698626, "slo_seconds": 5.0, "slo_attainment": 100.0, "ttft_slo_ms": 1000, "ttft_slo_attainment": 100.0, "tpot_slo_ms": 50, "tpot_slo_attainment": 100.0, "Latency": {"unit": "s", "min": 0.30207205284386873, "p50": 3.0738566525978968, "p90": 3.8897102741990235, "p95": 4.0688382634893046, "p99": 4.39012165128719, "max": 4.569315850967541}, "Throughput": {"unit": "tokens/s", "min": 19.531086522229955, "p50": 61.84036126090432, "p90": 73.25793083466881, "p95": 76.07842463740408, "p99": 78.76659401802519, "max": 85.66284388873945}, "TTFT": {"unit": "s", "min": 0.05370271415449679, "p50": 0.3767596804536879, "p90": 0.6779449286870658, "p95": 0.7513537421589715, "p99": 0.8404411219502798, "max": 0.9342465039808303}, "TPOT": {"unit": "ms", "min": 11.14304886953016, "p50": 14.029373299569153, "p90": 16.90876051495741, "p95": 18.49204601583085, "p99": 19.08185014040367, "max": 19.825230886721435}, "Input Tokens per Minute": {"unit": "tokens/min", "min": 1243914.5874788363, "p50": 1243914.5874788363, "p90": 1243914.5874788363, "p95": 1243914.5874788363, "p99": 1243914.5874788363, "max": 1243914.5874788363}, "Output Tokens per Minute": {"unit": "tokens/min", "min": 54415.913502698626, "p50": 54415.913502698626, "p90": 54415.913502698626, "p95": 54415.913502698626, "p99": 54415.913502698626, "max": 54415.913502698626}}
{"actual_qps": 5.508228882048534, "success_rate": 100.0, "input_tokens": 4134, "output_tokens": 183, "model": "meta-llama/Llama-3.1-8B-Instruct", "input_tokens_per_minute": 1301208.9088063252, "output_tokens_per_minute": 57770.50123738509, "slo_seconds": 5.0, "slo_attainment": 99.0625, "ttft_slo_ms": 1000, "ttft_slo_attainment": 99.0625, "tpot_slo_ms": 50, "tpot_slo_attainment": 100.0, "Latency": {"unit": "s", "min": 0.5154312320519239, "p50": 3.3711158444639295, "p90": 4.185148675530217, "p95": 4.503684256901034, "p99": 4.932671312601306, "max": 5.423899143002927}, "Throughput": {"unit": "tokens/s", "min": 20.82556375034456, "p50": 56.52200527615513, "p90": 69.23440786163928, "p95": 71.8645497066455, "p99": 77.34323182718137, "max": 95.49391543428304}, "TTFT": {"unit": "s", "min": 0.05746790091507137, "p50": 0.38276188110467046, "p90": 0.6829572479007766, "p95": 0.7685455190832727, "p99": 0.9462665861239657, "max": 1.218249452067539}, "TPOT": {"unit": "ms", "min": 9.889972130604201, "p50": 15.317483896380244, "p90": 18.41641268096209, "p95": 19.547669336155302, "p99": 21.385860110588617, "max": 27.765498886448004}, "Input Tokens per Minute": {"unit": "tokens/min", "min": 1301208.9088063252, "p50": 1301208.9088063252, "p90": 1301208.9088063252, "p95": 1301208.9088063252, "p99": 1301208.9088063252, "max": 1301208.9088063252}, "Output Tokens per Minute": {"unit": "tokens/min", "min": 57770.50123738509, "p50": 57770.50123738509, "p90": 57770.50123738509, "p95": 57770.50123738509, "p99": 57770.50123738509, "max": 57770.50123738509}}
{"actual_qps": 4.599955846710035, "success_rate": 100.0, "input_tokens": 4177, "output_tokens": 182, "model": "meta-llama/Llama-3.1-8B-Instruct",