{"actual_qps": 5.414990795304558, "success_rate": 100.0, "input_tokens": 4119, "output_tokens": 172, "model": "meta-llama/Llama-3.1-8B-Instruct", "input_tokens_per_minute": 1256515.3292446164, "output_tokens_per_minute": 52599.92893640794, "slo_seconds": 5.0, "slo_attainment": 99.3485342019544, "ttft_slo_ms": 1000, "ttft_slo_attainment": 87.29641693811075, "tpot_slo_ms": 50, "tpot_slo_attainment": 100.0, "Latency": {"unit": "s", "min": 0.4981047280598432, "p50": 2.9054569338914007, "p90": 3.8791997264605023, "p95": 4.310790621908382, "p99": 4.779100556089543, "max": 6.598244652850553}, "Throughput": {"unit": "tokens/s", "min": 12.190487262623435, "p50": 63.421237816727775, "p90": 78.96381019055677, "p95": 83.49191069636487, "p99": 93.57627668318422, "max": 96.08854751780277}, "TTFT": {"unit": "s", "min": 0.1233771089464426, "p50": 0.6473467170726508, "p90": 1.0730707309208811, "p95": 1.3015953696565694, "p99": 1.578688378543593, "max": 4.23656193097122}, "TPOT": {"unit": "ms", "min": 8.089069660533877, "p50": 11.996493557814379, "p90": 16.78434887166187, "p95": 18.266721789590406, "p99": 22.206804312549394, "max": 31.81838416194002}, "Input Tokens per Minute": {"unit": "tokens/min", "min": 1256515.3292446164, "p50": 1256515.3292446164, "p90": 1256515.3292446164, "p95": 1256515.3292446164, "p99": 1256515.3292446164, "max": 1256515.3292446164}, "Output Tokens per Minute": {"unit": "tokens/min", "min": 52599.92893640794, "p50": 52599.92893640794, "p90": 52599.92893640794, "p95": 52599.92893640794, "p99": 52599.92893640794, "max": 52599.92893640794}}
{"actual_qps": 5.50380741580249, "success_rate": 100.0, "input_tokens": 3915, "output_tokens": 173, "model": "meta-llama/Llama-3.1-8B-Instruct", "input_tokens_per_minute": 1260519.4417042637, "output_tokens_per_minute": 55989.017670863694, "slo_seconds": 5.0, "slo_attainment": 97.22222222222221, "ttft_slo_ms": 1000, "ttft_slo_attainment": 68.20987654320987, "tpot_slo_ms": 50, "tpot_slo_attainment": 100.0, "Latency": {"unit": "s", "min": 0.8048268749844283, "p50": 3.452872959431261, "p90": 4.559425934730098, "p95": 4.798983889340889, "p99": 5.1290409831143915, "max": 5.523971603019163}, "Throughput": {"unit": "tokens/s", "min": 11.280309700043688, "p50": 52.121161312445935, "p90": 65.62079306755233, "p95": 69.30602471699306, "p99": 76.30852390842884, "max": 78.62765548431679}, "TTFT": {"unit": "s", "min": 0.16209862101823092, "p50": 0.7833800024818629, "p90": 1.4189965444616972, "p95": 1.6758968282258129, "p99": 2.0718869591411186, "max": 2.5119116860441864}, "TPOT": {"unit": "ms", "min": 9.828859968271491, "p50": 14.26189597029164, "p90": 17.616311793939932, "p95": 19.617073676998178, "p99": 23.114299784852722, "max": 26.86577221459669}, "Input Tokens per Minute": {"unit": "tokens/min", "min": 1260519.4417042637, "p50": 1260519.4417042637, "p90": 1260519.4417042637, "p95": 1260519.4417042637, "p99": 1260519.4417042637, "max": 1260519.4417042637}, "Output Tokens per Minute": {"unit": "tokens/min", "min": 55989.017670863694, "p50": 55989.017670863694, "p90": 55989.017670863694, "p95": 55989.017670863694, "p99": 55989.017670863694, "max": 55989.017670863694}}
{"actual_qps": 5.5219850572639135, "success_rate": 100.0, "input_tokens": 4021, "output_tokens": 174, "model": "meta-llama/Llama-3.1-8B-Instruct", "input_tokens_per_minute": 1332494.4370681914, "output_tokens_per_minute": 57925.623250698445, "slo_seconds": 5.0, "slo_attainment": 96.13095238095238, "ttft_slo_ms": 1000, "ttft_slo_attainment": 71.72619047619048, "tpot_slo_ms": 50, "tpot_slo_attainment": 100.0, "Latency": {"unit": "s", "min": 0.40785736800171435, "p50": 3.3795338585041463, "p90": 4.486656617489643, "p95": 4.836991080315784, "p99": 5.485298640292603, "max": 5.794808696955442}, "Throughput": {"unit": "tokens/s", "min": 12.987752445549765, "p50": 53.960729734894244, "p90": 65.5117044145185, "p95": 71.60332859707503, "p99": 82.21247486606241, "max": 90.12886075991169}, "TTFT": {"unit": "s", "min": 0.14206461794674397, "p50": 0.7189745970536023, "p90": 1.4623138613533229, "p95": 1.7137825295212679, "p99": 2.356499685556627, "max": 2.818019750993699}, "TPOT": {"unit": "ms", "min": 9.302234059820574, "p50": 14.090866217855059, "p90": 17.205044655854714, "p95": 19.047492063769596, "p99": 23.41255183559378, "max": 26.615056142743146}, "Input Tokens per Minute": {"unit": "tokens/min", "min": 1332494.4370681914, "p50": 1332494.4370681914, "p90": 1332494.4370681914, "p95": 1332494.4370681914, "p99": 1332494.4370681914, "max": 1332494.4370681914}, "Output Tokens per Minute": {"unit": "tokens/min", "min": 57925.623250698445, "p50": 57925.623250698445, "p90": 57925.623250698445, "p95": 57925.623250698445, "p99": 57925.623250698445, "max": 57925.623250698445}}
{"actual_qps": 5.658806226829244, "success_rate": 100.0, "input_tokens": 4002, "output_tokens": 176, "model": "meta-llama/Llama-3.1-8B-Instruct", "input_tokens_per_minute": 1390445.4528685873, "output_tokens_per_minute": 61149.552157223494, "slo_seconds": 5.0, "slo_attainment": 99.15014164305948, "ttft_slo_ms": 1000, "ttft_slo_attainment": 90.6515580736544, "tpot_slo_ms": 50, "tpot_slo_attainment": 100.0, "Latency": {"unit": "s", "min": 0.426955166971311, "p50": 3.178388820029795, "p90": 4.0006169456522915, "p95": 4.322532914858312, "p99": 4.83839472752996, "max": 5.8922460379544646}, "Throughput": {"unit": "tokens/s", "min": 11.233686327938095, "p50": 58.72257634461334, "p90": 72.26586198473424, "p95": 74.75505489372908, "p99": 82.11786906303202, "max": 84.76082212213211}, "TTFT": {"unit": "s", "min": 0.06432989216409624, "p50": 0.4131511030718684, "p90": 0.9717760662082584, "p95": 1.2600250588264317, "p99": 1.749280051039534, "max": 2.0999476280994713}, "TPOT": {"unit": "ms", "min": 2.2799425226237093, "p50": 14.281111054506209, "p90": 16.934141852944418, "p95": 18.402900062875826, "p99": 19.52295274501807, "max": 25.267994739925086}, "Input Tokens per Minute": {"unit": "tokens/min", "min": 1390445.4528685873, "p50": 1390445.4528685873, "p90": 1390445.4528685873, "p95": 1390445.4528685873, "p99": 1390445.4528685873, "max": 1390445.4528685873}, "Output Tokens per Minute": {"unit": "tokens/min", "min": 61149.552157223494, "p50": 61149.552157223494, "p90": 61149.552157223494, "p95": 61149.552157223494, "p99": 61149.552157223494, "max": 61149.552157223494}}
{"actual_qps": 5.852434579213153, "success_rate": 100.0, "input_tokens": 4131, "output_tokens": 174, "model": "meta-llama/Llama-3.1-8B-Instruct", "input_tokens_per_minute": 1426339.6180066247, "output_tokens_per_minute": 60360.73156681908, "slo_seconds": 5.0, "slo_attainment": 99.14529914529915, "ttft_slo_ms": 1000, "ttft_slo_attainment": 99.71509971509973, "tpot_slo_ms": 50, "tpot_slo_attainment": 100.0, "Latency": {"unit": "s", "min": 0.447768263053149, "p50": 3.3065696209669113, "p90": 4.069669333985075, "p95": 4.255539552075788, "p99": 4.779390627867542, "max": 5.312986887991428}, "Throughput": {"unit": "tokens/s", "min": 18.06467293847071, "p50": 55.84367729954976, "p90": 68.40897774436648, "p95": 70.34780128861202, "p99": 81.3766892103059, "max": 95.491807150766}, "TTFT": {"unit": "s", "min": 0.06565028615295887, "p50": 0.33706799801439047, "p90": 0.5649443140719086, "p95": 0.5955494339577854, "p99": 0.7467404796043411, "max": 1.017397915944457}, "TPOT": {"unit": "ms", "min": 3.2022465020418167, "p50": 15.757048313389532, "p90": 18.75416567343189, "p95": 19.908556082921862, "p99": 22.67637424610892, "max": 29.650261470427115}, "Input Tokens per Minute": {"unit": "tokens/min", "min": 1426339.6180066247, "p50": 1426339.6180066247, "p90": 1426339.6180066247, "p95": 1426339.6180066247, "p99": 1426339.6180066247, "max": 1426339.6180066247}, "Output Tokens per Minute": {"unit": "tokens/min", "min": 60360.73156681908, "p50": 60360.73156681908, "p90": 60360.73156681908, "p95": 60360.73156681908, "p99": 60360.73156681908, "max": 60360.73156681908}}
{"actual_qps": 5.672207903569425, "success_rate": 100.0, "input_tokens": 3986, "output_tokens": 179,