{"actual_qps": 5.300973186619838, "success_rate": 100.0, "input_tokens": 4146, "output_tokens": 174, "model": "meta-llama/Llama-3.1-8B-Instruct", "input_tokens_per_minute": 1269133.7417848988, "output_tokens_per_minute": 53422.84219039702, "slo_seconds": 5.0, "slo_attainment": 71.00977198697068, "ttft_slo_ms": 1000, "ttft_slo_attainment": 49.5114006514658, "tpot_slo_ms": 50, "tpot_slo_attainment": 99.0228013029316, "Latency": {"unit": "s", "min": 0.3796499709133059, "p50": 3.271137887146324, "p90": 7.066979962028563, "p95": 8.777719803084619, "p99": 9.355381981730462, "max": 15.614820200949907}, "Throughput": {"unit": "tokens/s", "min": 2.7698862279318752, "p50": 52.52403442555548, "p90": 81.73883480839073, "p95": 88.28119571897733, "p99": 99.93327606995213, "max": 112.01866411136386}, "TTFT": {"unit": "s", "min": 0.14943213784135878, "p50": 1.009428015211597, "p90": 4.785631981957704, "p95": 5.4021702769212405, "p99": 5.67995614180807, "max": 12.653812894131988}, "TPOT": {"unit": "ms", "min": 3.659934654612752, "p50": 11.685342899986995, "p90": 17.7940344498797, "p95": 19.988806882302544, "p99": 48.504497237650746, "max": 95.01222051391058}, "Input Tokens per Minute": {"unit": "tokens/min", "min": 1269133.7417848988, "p50": 1269133.7417848988, "p90": 1269133.7417848988, "p95": 1269133.7417848988, "p99": 1269133.7417848988, "max": 1269133.7417848988}, "Output Tokens per Minute": {"unit": "tokens/min", "min": 53422.84219039702, "p50": 53422.84219039702, "p90": 53422.84219039702, "p95": 53422.84219039702, "p99": 53422.84219039702, "max": 53422.84219039702}}
{"actual_qps": 5.101791231207659, "success_rate": 100.0, "input_tokens": 4219, "output_tokens": 177, "model": "meta-llama/Llama-3.1-8B-Instruct", "input_tokens_per_minute": 1224106.0458449102, "output_tokens_per_minute": 51495.54792649681, "slo_seconds": 5.0, "slo_attainment": 77.31958762886599, "ttft_slo_ms": 1000, "ttft_slo_attainment": 53.95189003436426, "tpot_slo_ms": 50, "tpot_slo_attainment": 100.0, "Latency": {"unit": "s", "min": 0.9387611681595445, "p50": 4.1979269199073315, "p90": 5.9789722939021885, "p95": 6.8931651001330465, "p99": 7.377462968532935, "max": 9.9636488459073}, "Throughput": {"unit": "tokens/s", "min": 4.346730536788435, "p50": 43.656063560793314, "p90": 58.137857405750594, "p95": 62.651970027473986, "p99": 70.08396696949445, "max": 81.17451812837129}, "TTFT": {"unit": "s", "min": 0.15770645393058658, "p50": 0.953379845013842, "p90": 1.6334492869209498, "p95": 1.8540734460111707, "p99": 2.9535734621808016, "max": 4.887008560821414}, "TPOT": {"unit": "ms", "min": 7.621705726099511, "p50": 17.62779962374412, "p90": 24.8279513969044, "p95": 26.74296917861805, "p99": 29.391083784457592, "max": 35.63132021938347}, "Input Tokens per Minute": {"unit": "tokens/min", "min": 1224106.0458449102, "p50": 1224106.0458449102, "p90": 1224106.0458449102, "p95": 1224106.0458449102, "p99": 1224106.0458449102, "max": 1224106.0458449102}, "Output Tokens per Minute": {"unit": "tokens/min", "min": 51495.54792649681, "p50": 51495.54792649681, "p90": 51495.54792649681, "p95": 51495.54792649681, "p99": 51495.54792649681, "max": 51495.54792649681}}
{"actual_qps": 5.076273213718522, "success_rate": 100.0, "input_tokens": 4289, "output_tokens": 177, "model": "meta-llama/Llama-3.1-8B-Instruct", "input_tokens_per_minute": 1289614.888893701, "output_tokens_per_minute": 53429.00767953641, "slo_seconds": 5.0, "slo_attainment": 73.77049180327869, "ttft_slo_ms": 1000, "ttft_slo_attainment": 42.62295081967213, "tpot_slo_ms": 50, "tpot_slo_attainment": 99.34426229508196, "Latency": {"unit": "s", "min": 0.8445270720403641, "p50": 4.2385628030169755, "p90": 5.709319529961794, "p95": 6.175863822735846, "p99": 7.58458446601405, "max": 9.37024857988581}, "Throughput": {"unit": "tokens/s", "min": 4.6088915520410225, "p50": 43.75661748902497, "p90": 56.55128317457015, "p95": 59.569668754515384, "p99": 64.8788189174419, "max": 82.55547756255635}, "TTFT": {"unit": "s", "min": 0.15747166308574378, "p50": 1.0918704599607736, "p90": 2.0836999745573848, "p95": 2.440558353252709, "p99": 3.619880911428471, "max": 4.72926309122704}, "TPOT": {"unit": "ms", "min": 7.466149582926716, "p50": 16.80073494456671, "p90": 22.731682810295915, "p95": 26.697208360305535, "p99": 38.69499472462955, "max": 52.51377305830829}, "Input Tokens per Minute": {"unit": "tokens/min", "min": 1289614.888893701, "p50": 1289614.888893701, "p90": 1289614.888893701, "p95": 1289614.888893701, "p99": 1289614.888893701, "max": 1289614.888893701}, "Output Tokens per Minute": {"unit": "tokens/min", "min": 53429.00767953641, "p50": 53429.00767953641, "p90": 53429.00767953641, "p95": 53429.00767953641, "p99": 53429.00767953641, "max": 53429.00767953641}}
{"actual_qps": 5.136169334554595, "success_rate": 100.0, "input_tokens": 4326, "output_tokens": 172, "model": "meta-llama/Llama-3.1-8B-Instruct", "input_tokens_per_minute": 1397039.699947519, "output_tokens_per_minute": 55781.75268086744, "slo_seconds": 5.0, "slo_attainment": 78.96341463414635, "ttft_slo_ms": 1000, "ttft_slo_attainment": 75.3048780487805, "tpot_slo_ms": 50, "tpot_slo_attainment": 100.0, "Latency": {"unit": "s", "min": 0.5299981250427663, "p50": 3.9920098358998075, "p90": 5.5177163820713755, "p95": 6.286267771478739, "p99": 7.320351015627384, "max": 8.160737566184253}, "Throughput": {"unit": "tokens/s", "min": 6.918634133349941, "p50": 44.69611620821081, "p90": 59.495455360086666, "p95": 63.07524345038316, "p99": 71.69337266147218, "max": 77.70413772236583}, "TTFT": {"unit": "s", "min": 0.05656069586984813, "p50": 0.5979104405269027, "p90": 1.5648854044266047, "p95": 2.1021631828858505, "p99": 2.4848492994019793, "max": 3.4554838410113007}, "TPOT": {"unit": "ms", "min": 11.708277408615686, "p50": 17.958999180432663, "p90": 23.588049251882417, "p95": 25.72296531859173, "p99": 33.41371090374163, "max": 45.19164118477527}, "Input Tokens per Minute": {"unit": "tokens/min", "min": 1397039.699947519, "p50": 1397039.699947519, "p90": 1397039.699947519, "p95": 1397039.699947519, "p99": 1397039.699947519, "max": 1397039.699947519}, "Output Tokens per Minute": {"unit": "tokens/min", "min": 55781.75268086744, "p50": 55781.75268086744, "p90": 55781.75268086744, "p95": 55781.75268086744, "p99": 55781.75268086744, "max": 55781.75268086744}}
{"actual_qps": 5.083313574577753, "success_rate": 100.0, "input_tokens": 4235, "output_tokens": 181, "model": "meta-llama/Llama-3.1-8B-Instruct", "input_tokens_per_minute": 1259427.4472213795, "output_tokens_per_minute": 54086.324515863664, "slo_seconds": 5.0, "slo_attainment": 74.17218543046357, "ttft_slo_ms": 1000, "ttft_slo_attainment": 81.45695364238411, "tpot_slo_ms": 50, "tpot_slo_attainment": 100.0, "Latency": {"unit": "s", "min": 0.5638247360475361, "p50": 4.1242457705084234, "p90": 6.187726310896689, "p95": 6.7131669872091155, "p99": 7.493480948559009, "max": 7.72227571089752}, "Throughput": {"unit": "tokens/s", "min": 4.3603636858493955, "p50": 44.39190772109337, "p90": 59.216337338000564, "p95": 64.06968461902404, "p99": 71.65641499392278, "max": 77.69397229072058}, "TTFT": {"unit": "s", "min": 0.0841809690464288, "p50": 0.5790804534917697, "p90": 1.288612025580369, "p95": 1.5004761393880472, "p99": 2.039808032889852, "max": 3.495418510166928}, "TPOT": {"unit": "ms", "min": 8.481132836701969, "p50": 18.676677192014772, "p90": 27.37627117286188, "p95": 28.792355570476502, "p99": 33.85730364464047, "max": 42.697890851370715}, "Input Tokens per Minute": {"unit": "tokens/min", "min": 1259427.4472213795, "p50": 1259427.4472213795, "p90": 1259427.4472213795, "p95": 1259427.4472213795, "p99": 1259427.4472213795, "max": 1259427.4472213795}, "Output Tokens per Minute": {"unit": "tokens/min", "min": 54086.324515863664, "p50": 54086.324515863664, "p90": 54086.324515863664, "p95": 54086.324515863664, "p99": 54086.324515863664, "max": 54086.324515863664}}
{"actual_qps": 5.29515428573292, "success_rate": 100.0, "input_tokens": 4252, "output_tokens": 173,