{"actual_qps": 5.836753999697516, "success_rate": 100.0, "input_tokens": 3873, "output_tokens": 172, "model": "meta-llama/Llama-3.1-8B-Instruct", "input_tokens_per_minute": 1206073.0198549964, "output_tokens_per_minute": 53664.973422218856, "slo_seconds": 5.0, "slo_attainment": 94.56869009584665, "ttft_slo_ms": 1000, "ttft_slo_attainment": 62.30031948881789, "tpot_slo_ms": 50, "tpot_slo_attainment": 100.0, "Latency": {"unit": "s", "min": 0.5543598590884358, "p50": 3.438730350928381, "p90": 4.71011461513117, "p95": 5.0761810528114415, "p99": 5.877618457293138, "max": 9.226935546146706}, "Throughput": {"unit": "tokens/s", "min": 5.978611375647224, "p50": 48.780204225728, "p90": 72.22199553207966, "p95": 78.30074240947584, "p99": 87.76979525364543, "max": 88.84255528299367}, "TTFT": {"unit": "s", "min": 0.10785430809482932, "p50": 0.7722540879622102, "p90": 2.04287998508662, "p95": 2.317419607564807, "p99": 3.487709079282358, "max": 6.422011860180646}, "TPOT": {"unit": "ms", "min": 7.137967882915698, "p50": 13.874567969089103, "p90": 19.43755911817615, "p95": 20.743399831860238, "p99": 23.1907372130003, "max": 48.34720566647038}, "Input Tokens per Minute": {"unit": "tokens/min", "min": 1206073.0198549964, "p50": 1206073.0198549964, "p90": 1206073.0198549964, "p95": 1206073.0198549964, "p99": 1206073.0198549964, "max": 1206073.0198549964}, "Output Tokens per Minute": {"unit": "tokens/min", "min": 53664.973422218856, "p50": 53664.973422218856, "p90": 53664.973422218856, "p95": 53664.973422218856, "p99": 53664.973422218856, "max": 53664.973422218856}}
{"actual_qps": 5.441605495772567, "success_rate": 100.0, "input_tokens": 4097, "output_tokens": 175, "model": "meta-llama/Llama-3.1-8B-Instruct", "input_tokens_per_minute": 1381927.7851908829, "output_tokens_per_minute": 59289.15018817739, "slo_seconds": 5.0, "slo_attainment": 71.68141592920354, "ttft_slo_ms": 1000, "ttft_slo_attainment": 39.233038348082594, "tpot_slo_ms": 50, "tpot_slo_attainment": 100.0, "Latency": {"unit": "s", "min": 0.3900957959704101, "p50": 4.412836170056835, "p90": 5.97409998443909, "p95": 6.934828654443844, "p99": 7.758513231212273, "max": 8.11008298699744}, "Throughput": {"unit": "tokens/s", "min": 8.266032985744394, "p50": 41.221937296144226, "p90": 55.639936247224654, "p95": 60.39694313920589, "p99": 69.01087238960513, "max": 73.76220068269149}, "TTFT": {"unit": "s", "min": 0.22961548482999206, "p50": 1.1884515781421214, "p90": 2.08966800016351, "p95": 2.471311872615479, "p99": 3.56565835909918, "max": 4.45813507004641}, "TPOT": {"unit": "ms", "min": 8.491086249705404, "p50": 17.11485247670593, "p90": 23.711399322413094, "p95": 26.19719817533526, "p99": 27.877661906905033, "max": 29.076518706278875}, "Input Tokens per Minute": {"unit": "tokens/min", "min": 1381927.7851908829, "p50": 1381927.7851908829, "p90": 1381927.7851908829, "p95": 1381927.7851908829, "p99": 1381927.7851908829, "max": 1381927.7851908829}, "Output Tokens per Minute": {"unit": "tokens/min", "min": 59289.15018817739, "p50": 59289.15018817739, "p90": 59289.15018817739, "p95": 59289.15018817739, "p99": 59289.15018817739, "max": 59289.15018817739}}
{"actual_qps": 5.581104666736132, "success_rate": 100.0, "input_tokens": 4075, "output_tokens": 174, "model": "meta-llama/Llama-3.1-8B-Instruct", "input_tokens_per_minute": 1392907.8085036897, "output_tokens_per_minute": 59722.416137919805, "slo_seconds": 5.0, "slo_attainment": 80.97982708933718, "ttft_slo_ms": 1000, "ttft_slo_attainment": 61.95965417867435, "tpot_slo_ms": 50, "tpot_slo_attainment": 100.0, "Latency": {"unit": "s", "min": 0.6765181210357696, "p50": 4.109989574877545, "p90": 5.466024072049186, "p95": 5.930488213454373, "p99": 7.347296087304132, "max": 7.561117836972699}, "Throughput": {"unit": "tokens/s", "min": 7.74535431331121, "p50": 44.90102490639325, "p90": 57.79072044895033, "p95": 60.948612294397726, "p99": 66.95005010793764, "max": 77.14514140851476}, "TTFT": {"unit": "s", "min": 0.17728080390952528, "p50": 0.8575465369503945, "p90": 1.511678041797132, "p95": 1.6952632524771614, "p99": 2.033634105408566, "max": 2.860104365972802}, "TPOT": {"unit": "ms", "min": 11.838095085251899, "p50": 17.044619316628307, "p90": 22.676264593805726, "p95": 25.858705019736078, "p99": 28.444412640581405, "max": 32.327195498510264}, "Input Tokens per Minute": {"unit": "tokens/min", "min": 1392907.8085036897, "p50": 1392907.8085036897, "p90": 1392907.8085036897, "p95": 1392907.8085036897, "p99": 1392907.8085036897, "max": 1392907.8085036897}, "Output Tokens per Minute": {"unit": "tokens/min", "min": 59722.416137919805, "p50": 59722.416137919805, "p90": 59722.416137919805, "p95": 59722.416137919805, "p99": 59722.416137919805, "max": 59722.416137919805}}
{"actual_qps": 5.674918716825703, "success_rate": 100.0, "input_tokens": 4132, "output_tokens": 172, "model": "meta-llama/Llama-3.1-8B-Instruct", "input_tokens_per_minute": 1411267.6531387751, "output_tokens_per_minute": 58901.71992084721, "slo_seconds": 5.0, "slo_attainment": 83.5734870317003, "ttft_slo_ms": 1000, "ttft_slo_attainment": 76.36887608069163, "tpot_slo_ms": 50, "tpot_slo_attainment": 100.0, "Latency": {"unit": "s", "min": 0.554598581045866, "p50": 3.9858519369736314, "p90": 5.326557943085208, "p95": 5.678852803120389, "p99": 6.187189719537275, "max": 6.6057952891569585}, "Throughput": {"unit": "tokens/s", "min": 8.966570696624972, "p50": 44.82461528341238, "p90": 58.72703101327818, "p95": 64.33372854178305, "p99": 73.84128188102171, "max": 80.28389840835001}, "TTFT": {"unit": "s", "min": 0.07379828509874642, "p50": 0.6876065819524229, "p90": 1.209857359621674, "p95": 1.405643714102916, "p99": 1.6986305816704423, "max": 2.1318449049722403}, "TPOT": {"unit": "ms", "min": 5.50036652780631, "p50": 18.058493733406067, "p90": 23.398590883960825, "p95": 25.79816218322826, "p99": 30.071616616048182, "max": 39.33770812171347}, "Input Tokens per Minute": {"unit": "tokens/min", "min": 1411267.6531387751, "p50": 1411267.6531387751, "p90": 1411267.6531387751, "p95": 1411267.6531387751, "p99": 1411267.6531387751, "max": 1411267.6531387751}, "Output Tokens per Minute": {"unit": "tokens/min", "min": 58901.71992084721, "p50": 58901.71992084721, "p90": 58901.71992084721, "p95": 58901.71992084721, "p99": 58901.71992084721, "max": 58901.71992084721}}
{"actual_qps": 6.233272816670516, "success_rate": 100.0, "input_tokens": 3970, "output_tokens": 174, "model": "meta-llama/Llama-3.1-8B-Instruct", "input_tokens_per_minute": 1480870.3671856506, "output_tokens_per_minute": 64905.65271125535, "slo_seconds": 5.0, "slo_attainment": 62.532981530343015, "ttft_slo_ms": 1000, "ttft_slo_attainment": 74.14248021108179, "tpot_slo_ms": 50, "tpot_slo_attainment": 100.0, "Latency": {"unit": "s", "min": 0.5964771821163595, "p50": 4.478594481945038, "p90": 6.421957915229723, "p95": 6.782590646389871, "p99": 7.672381627093992, "max": 8.679317845031619}, "Throughput": {"unit": "tokens/s", "min": 7.184413497693727, "p50": 38.75260614835278, "p90": 54.476465459746215, "p95": 56.96142046499715, "p99": 69.26114567550518, "max": 72.56742540132079}, "TTFT": {"unit": "s", "min": 0.1163696451112628, "p50": 0.6782123071607202, "p90": 1.456974501814693, "p95": 1.6993694662814953, "p99": 2.254486687299795, "max": 2.445372673915699}, "TPOT": {"unit": "ms", "min": 7.646000497819235, "p50": 21.07089525088668, "p90": 27.739862780496143, "p95": 29.530851528350617, "p99": 33.16737716450408, "max": 37.82118005744581}, "Input Tokens per Minute": {"unit": "tokens/min", "min": 1480870.3671856506, "p50": 1480870.3671856506, "p90": 1480870.3671856506, "p95": 1480870.3671856506, "p99": 1480870.3671856506, "max": 1480870.3671856506}, "Output Tokens per Minute": {"unit": "tokens/min", "min": 64905.65271125535, "p50": 64905.65271125535, "p90": 64905.65271125535, "p95": 64905.65271125535, "p99": 64905.65271125535, "max": 64905.65271125535}}
{"actual_qps": 5.672162350571099, "success_rate": 100.0, "input_tokens": 3934, "output_tokens": 176,