{"actual_qps": 6.415608086044913, "success_rate": 100.0, "input_tokens": 3969, "output_tokens": 180, "model": "meta-llama/Llama-3.1-8B-Instruct", "input_tokens_per_minute": 1389652.5408107783, "output_tokens_per_minute": 63119.63688747877, "slo_seconds": 5.0, "slo_attainment": 82.10227272727273, "ttft_slo_ms": 1000, "ttft_slo_attainment": 44.60227272727273, "tpot_slo_ms": 50, "tpot_slo_attainment": 100.0, "Latency": {"unit": "s", "min": 0.7203941959887743, "p50": 3.924126936472021, "p90": 5.576150003098883, "p95": 6.2928784572402945, "p99": 7.348920725495555, "max": 7.98189535504207}, "Throughput": {"unit": "tokens/s", "min": 11.560370376231099, "p50": 47.92875595782806, "p90": 64.07111950480531, "p95": 67.96273987897843, "p99": 73.95267338856429, "max": 77.37292249837834}, "TTFT": {"unit": "s", "min": 0.1632464148569852, "p50": 1.0510011084843427, "p90": 1.8350817284081138, "p95": 2.316345295426436, "p99": 3.1468620101991114, "max": 4.449626605026424}, "TPOT": {"unit": "ms", "min": 2.4486868143347755, "p50": 15.066450876511407, "p90": 20.989008472246883, "p95": 24.811251026905843, "p99": 29.316579964737528, "max": 36.04749902539576}, "Input Tokens per Minute": {"unit": "tokens/min", "min": 1389652.5408107783, "p50": 1389652.5408107783, "p90": 1389652.5408107783, "p95": 1389652.5408107783, "p99": 1389652.5408107783, "max": 1389652.5408107783}, "Output Tokens per Minute": {"unit": "tokens/min", "min": 63119.63688747877, "p50": 63119.63688747877, "p90": 63119.63688747877, "p95": 63119.63688747877, "p99": 63119.63688747877, "max": 63119.63688747877}}
{"actual_qps": 5.344478015642902, "success_rate": 100.0, "input_tokens": 3944, "output_tokens": 175, "model": "meta-llama/Llama-3.1-8B-Instruct", "input_tokens_per_minute": 1306610.7001472695, "output_tokens_per_minute": 58024.947799614885, "slo_seconds": 5.0, "slo_attainment": 86.48648648648648, "ttft_slo_ms": 1000, "ttft_slo_attainment": 60.36036036036037, "tpot_slo_ms": 50, "tpot_slo_attainment": 100.0, "Latency": {"unit": "s", "min": 0.7080284140538424, "p50": 3.8942539570853114, "p90": 5.258142541116104, "p95": 5.661968654766679, "p99": 6.715448300177232, "max": 10.32515555806458}, "Throughput": {"unit": "tokens/s", "min": 8.873793375294559, "p50": 46.1077458631078, "p90": 57.94893254501475, "p95": 60.892537783060426, "p99": 66.4464215235706, "max": 71.53957093004527}, "TTFT": {"unit": "s", "min": 0.21043575392104685, "p50": 0.878284779842943, "p90": 1.4389715287368745, "p95": 1.6190962020307769, "p99": 2.1189489620458337, "max": 5.305182707961649}, "TPOT": {"unit": "ms", "min": 9.789164333293835, "p50": 16.2068185216312, "p90": 21.948402685470167, "p95": 25.56385423715415, "p99": 28.011048084649087, "max": 35.54639420789582}, "Input Tokens per Minute": {"unit": "tokens/min", "min": 1306610.7001472695, "p50": 1306610.7001472695, "p90": 1306610.7001472695, "p95": 1306610.7001472695, "p99": 1306610.7001472695, "max": 1306610.7001472695}, "Output Tokens per Minute": {"unit": "tokens/min", "min": 58024.947799614885, "p50": 58024.947799614885, "p90": 58024.947799614885, "p95": 58024.947799614885, "p99": 58024.947799614885, "max": 58024.947799614885}}
{"actual_qps": 5.395075214382996, "success_rate": 100.0, "input_tokens": 3936, "output_tokens": 179, "model": "meta-llama/Llama-3.1-8B-Instruct", "input_tokens_per_minute": 1266659.6944500173, "output_tokens_per_minute": 57863.41155462565, "slo_seconds": 5.0, "slo_attainment": 77.67584097859327, "ttft_slo_ms": 1000, "ttft_slo_attainment": 58.40978593272171, "tpot_slo_ms": 50, "tpot_slo_attainment": 100.0, "Latency": {"unit": "s", "min": 1.0084799460601062, "p50": 4.173125102883205, "p90": 5.854451157758013, "p95": 6.316732459445484, "p99": 7.261262102504261, "max": 7.5803906810469925}, "Throughput": {"unit": "tokens/s", "min": 13.465867474855356, "p50": 44.26992550329619, "p90": 56.59663252098808, "p95": 60.01261359988857, "p99": 64.5300422399174, "max": 70.62394246063667}, "TTFT": {"unit": "s", "min": 0.1242078598588705, "p50": 0.9280551741831005, "p90": 1.51932764579542, "p95": 1.6955445882864293, "p99": 2.2636281413352117, "max": 2.696332643041387}, "TPOT": {"unit": "ms", "min": 12.188061688039172, "p50": 17.016355292263192, "p90": 23.968811173825035, "p95": 25.68234710848911, "p99": 28.642644905836214, "max": 33.15312070658476}, "Input Tokens per Minute": {"unit": "tokens/min", "min": 1266659.6944500173, "p50": 1266659.6944500173, "p90": 1266659.6944500173, "p95": 1266659.6944500173, "p99": 1266659.6944500173, "max": 1266659.6944500173}, "Output Tokens per Minute": {"unit": "tokens/min", "min": 57863.41155462565, "p50": 57863.41155462565, "p90": 57863.41155462565, "p95": 57863.41155462565, "p99": 57863.41155462565, "max": 57863.41155462565}}
{"actual_qps": 5.707848319331106, "success_rate": 100.0, "input_tokens": 4098, "output_tokens": 178, "model": "meta-llama/Llama-3.1-8B-Instruct", "input_tokens_per_minute": 1415262.6956528968, "output_tokens_per_minute": 61518.61600838239, "slo_seconds": 5.0, "slo_attainment": 79.2022792022792, "ttft_slo_ms": 1000, "ttft_slo_attainment": 72.07977207977207, "tpot_slo_ms": 50, "tpot_slo_attainment": 100.0, "Latency": {"unit": "s", "min": 0.7648056950420141, "p50": 4.180235979147255, "p90": 5.527424421161413, "p95": 5.92948075698223, "p99": 6.5608031580923125, "max": 6.844823146006092}, "Throughput": {"unit": "tokens/s", "min": 9.6306986502381, "p50": 44.0102877100554, "p90": 57.30472053227797, "p95": 61.44712030434715, "p99": 68.83706777246823, "max": 84.89005439197334}, "TTFT": {"unit": "s", "min": 0.10386775201186538, "p50": 0.7509607211686671, "p90": 1.292673195945099, "p95": 1.39027240651194, "p99": 1.6633545689983293, "max": 2.053914301795885}, "TPOT": {"unit": "ms", "min": 11.112221728460527, "p50": 17.886284734099053, "p90": 23.92262863299468, "p95": 26.726353952155712, "p99": 28.886248268673768, "max": 37.90223394411013}, "Input Tokens per Minute": {"unit": "tokens/min", "min": 1415262.6956528968, "p50": 1415262.6956528968, "p90": 1415262.6956528968, "p95": 1415262.6956528968, "p99": 1415262.6956528968, "max": 1415262.6956528968}, "Output Tokens per Minute": {"unit": "tokens/min", "min": 61518.61600838239, "p50": 61518.61600838239, "p90": 61518.61600838239, "p95": 61518.61600838239, "p99": 61518.61600838239, "max": 61518.61600838239}}
{"actual_qps": 5.4601527191781045, "success_rate": 100.0, "input_tokens": 3953, "output_tokens": 175, "model": "meta-llama/Llama-3.1-8B-Instruct", "input_tokens_per_minute": 1326382.2661653464, "output_tokens_per_minute": 58883.07397265727, "slo_seconds": 5.0, "slo_attainment": 62.75659824046921, "ttft_slo_ms": 1000, "ttft_slo_attainment": 61.87683284457478, "tpot_slo_ms": 50, "tpot_slo_attainment": 100.0, "Latency": {"unit": "s", "min": 0.7863100739195943, "p50": 4.534078706987202, "p90": 6.296945116017014, "p95": 6.7064115449320525, "p99": 7.264066310180353, "max": 8.308985654031858}, "Throughput": {"unit": "tokens/s", "min": 9.056131718025647, "p50": 39.908923179682745, "p90": 54.867289109205096, "p95": 58.86267603526533, "p99": 61.77396402585347, "max": 71.72464548568219}, "TTFT": {"unit": "s", "min": 0.10732127400115132, "p50": 0.8362402440980077, "p90": 1.507122979965061, "p95": 1.6815599619876593, "p99": 2.166931710951031, "max": 2.517711082007736}, "TPOT": {"unit": "ms", "min": 9.261996782599732, "p50": 19.706316391736195, "p90": 27.104110885824113, "p95": 28.684265608548294, "p99": 35.08559472790544, "max": 37.86529658374364}, "Input Tokens per Minute": {"unit": "tokens/min", "min": 1326382.2661653464, "p50": 1326382.2661653464, "p90": 1326382.2661653464, "p95": 1326382.2661653464, "p99": 1326382.2661653464, "max": 1326382.2661653464}, "Output Tokens per Minute": {"unit": "tokens/min", "min": 58883.07397265727, "p50": 58883.07397265727, "p90": 58883.07397265727, "p95": 58883.07397265727, "p99": 58883.07397265727, "max": 58883.07397265727}}
{"actual_qps": 5.149963516457372, "success_rate": 100.0, "input_tokens": 4132, "output_tokens": 170,