{"actual_qps": 5.213414513397546, "success_rate": 100.0, "input_tokens": 3917, "output_tokens": 176, "model": "meta-llama/Llama-3.1-8B-Instruct", "input_tokens_per_minute": 1135967.2733412334, "output_tokens_per_minute": 51100.39951331891, "slo_seconds": 5.0, "slo_attainment": 56.849315068493155, "ttft_slo_ms": 1000, "ttft_slo_attainment": 36.986301369863014, "tpot_slo_ms": 50, "tpot_slo_attainment": 99.65753424657534, "Latency": {"unit": "s", "min": 0.9056207409594208, "p50": 4.815862310468219, "p90": 6.5928086525760605, "p95": 7.925787396670785, "p99": 13.883517021287691, "max": 18.37453476106748}, "Throughput": {"unit": "tokens/s", "min": 5.331342202332119, "p50": 38.35962857472291, "p90": 54.327977483544096, "p95": 57.57038374964022, "p99": 67.99945593195385, "max": 73.76291671636675}, "TTFT": {"unit": "s", "min": 0.19869166798889637, "p50": 1.1982251135632396, "p90": 2.613331918045879, "p95": 4.117511185235343, "p99": 10.1980525476951, "max": 13.259866344043985}, "TPOT": {"unit": "ms", "min": 10.845381192242105, "p50": 18.337513439488323, "p90": 25.66963635771, "p95": 26.630041057222883, "p99": 31.5251251810048, "max": 56.90908288199674}, "Input Tokens per Minute": {"unit": "tokens/min", "min": 1135967.2733412334, "p50": 1135967.2733412334, "p90": 1135967.2733412334, "p95": 1135967.2733412334, "p99": 1135967.2733412334, "max": 1135967.2733412334}, "Output Tokens per Minute": {"unit": "tokens/min", "min": 51100.39951331891, "p50": 51100.39951331891, "p90": 51100.39951331891, "p95": 51100.39951331891, "p99": 51100.39951331891, "max": 51100.39951331891}}
{"actual_qps": 5.199647925989257, "success_rate": 100.0, "input_tokens": 3991, "output_tokens": 180, "model": "meta-llama/Llama-3.1-8B-Instruct", "input_tokens_per_minute": 1217669.297876016, "output_tokens_per_minute": 55174.98959143264, "slo_seconds": 5.0, "slo_attainment": 71.93548387096774, "ttft_slo_ms": 1000, "ttft_slo_attainment": 48.38709677419355, "tpot_slo_ms": 50, "tpot_slo_attainment": 100.0, "Latency": {"unit": "s", "min": 1.046332152094692, "p50": 4.279265315504745, "p90": 6.05710894141812, "p95": 6.471405777754263, "p99": 7.75609035303118, "max": 8.556942040100694}, "Throughput": {"unit": "tokens/s", "min": 7.960645248626163, "p50": 42.65730806678836, "p90": 55.4940040835871, "p95": 58.467885884490265, "p99": 64.14275966903642, "max": 74.63951949172925}, "TTFT": {"unit": "s", "min": 0.18064741999842227, "p50": 1.0153559235623106, "p90": 1.810219831299037, "p95": 2.2247328019584534, "p99": 3.815925321904948, "max": 4.892514079110697}, "TPOT": {"unit": "ms", "min": 10.62962440910804, "p50": 17.099710728073898, "p90": 23.74934801226984, "p95": 25.476047999133044, "p99": 29.07140738326103, "max": 30.16189048584137}, "Input Tokens per Minute": {"unit": "tokens/min", "min": 1217669.297876016, "p50": 1217669.297876016, "p90": 1217669.297876016, "p95": 1217669.297876016, "p99": 1217669.297876016, "max": 1217669.297876016}, "Output Tokens per Minute": {"unit": "tokens/min", "min": 55174.98959143264, "p50": 55174.98959143264, "p90": 55174.98959143264, "p95": 55174.98959143264, "p99": 55174.98959143264, "max": 55174.98959143264}}
{"actual_qps": 5.088906273785828, "success_rate": 100.0, "input_tokens": 3983, "output_tokens": 180, "model": "meta-llama/Llama-3.1-8B-Instruct", "input_tokens_per_minute": 1203650.9158461501, "output_tokens_per_minute": 54651.41621036772, "slo_seconds": 5.0, "slo_attainment": 62.21498371335505, "ttft_slo_ms": 1000, "ttft_slo_attainment": 27.68729641693811, "tpot_slo_ms": 50, "tpot_slo_attainment": 100.0, "Latency": {"unit": "s", "min": 0.8461622479371727, "p50": 4.7276582980994135, "p90": 6.310263085411862, "p95": 6.726421110425144, "p99": 7.733442161493003, "max": 8.413964724866673}, "Throughput": {"unit": "tokens/s", "min": 6.400485954037406, "p50": 39.6164211639307, "p90": 52.72605652678954, "p95": 54.51575799085039, "p99": 60.258096773233106, "max": 69.8715157215346}, "TTFT": {"unit": "s", "min": 0.2457684080582112, "p50": 1.2571072808932513, "p90": 2.3875993605237458, "p95": 2.7436590778408574, "p99": 3.7139694415591658, "max": 5.304465188877657}, "TPOT": {"unit": "ms", "min": 11.155887024860885, "p50": 17.828977753375494, "p90": 22.830924972113127, "p95": 24.2696924321718, "p99": 27.88893431750753, "max": 48.46814547336715}, "Input Tokens per Minute": {"unit": "tokens/min", "min": 1203650.9158461501, "p50": 1203650.9158461501, "p90": 1203650.9158461501, "p95": 1203650.9158461501, "p99": 1203650.9158461501, "max": 1203650.9158461501}, "Output Tokens per Minute": {"unit": "tokens/min", "min": 54651.41621036772, "p50": 54651.41621036772, "p90": 54651.41621036772, "p95": 54651.41621036772, "p99": 54651.41621036772, "max": 54651.41621036772}}
{"actual_qps": 5.027242398045217, "success_rate": 100.0, "input_tokens": 3937, "output_tokens": 174, "model": "meta-llama/Llama-3.1-8B-Instruct", "input_tokens_per_minute": 1224641.0907923013, "output_tokens_per_minute": 54205.59150806997, "slo_seconds": 5.0, "slo_attainment": 57.27848101265823, "ttft_slo_ms": 1000, "ttft_slo_attainment": 36.075949367088604, "tpot_slo_ms": 50, "tpot_slo_attainment": 100.0, "Latency": {"unit": "s", "min": 0.9656631979160011, "p50": 4.771663237479515, "p90": 6.440041142981499, "p95": 6.994776447012555, "p99": 7.7291060503223035, "max": 8.893855941016227}, "Throughput": {"unit": "tokens/s", "min": 7.76554891969833, "p50": 37.4743367030815, "p90": 49.439423613082496, "p95": 54.498913075866895, "p99": 59.00763474845132, "max": 66.67879478568817}, "TTFT": {"unit": "s", "min": 0.31719524203799665, "p50": 1.1306535894982517, "p90": 1.8452849009772763, "p95": 2.1561554599902593, "p99": 3.019099837646358, "max": 3.52837817883119}, "TPOT": {"unit": "ms", "min": 9.158111662448695, "p50": 19.367514165871818, "p90": 26.96938711585917, "p95": 29.972458496659378, "p99": 34.00787872901516, "max": 38.3562249207527}, "Input Tokens per Minute": {"unit": "tokens/min", "min": 1224641.0907923013, "p50": 1224641.0907923013, "p90": 1224641.0907923013, "p95": 1224641.0907923013, "p99": 1224641.0907923013, "max": 1224641.0907923013}, "Output Tokens per Minute": {"unit": "tokens/min", "min": 54205.59150806997, "p50": 54205.59150806997, "p90": 54205.59150806997, "p95": 54205.59150806997, "p99": 54205.59150806997, "max": 54205.59150806997}}
{"actual_qps": 4.9499954051514665, "success_rate": 100.0, "input_tokens": 3869, "output_tokens": 177, "model": "meta-llama/Llama-3.1-8B-Instruct", "input_tokens_per_minute": 1119520.940457141, "output_tokens_per_minute": 51356.44688742539, "slo_seconds": 5.0, "slo_attainment": 72.10884353741497, "ttft_slo_ms": 1000, "ttft_slo_attainment": 67.00680272108843, "tpot_slo_ms": 50, "tpot_slo_attainment": 100.0, "Latency": {"unit": "s", "min": 0.7728994931094348, "p50": 4.155802997061983, "p90": 6.050580544373951, "p95": 6.557542301807552, "p99": 7.178295408773701, "max": 7.476632145000622}, "Throughput": {"unit": "tokens/s", "min": 11.363047672725797, "p50": 42.79241625241037, "p90": 57.60361296651994, "p95": 61.07793312501131, "p99": 68.55990612494863, "max": 75.78535243858455}, "TTFT": {"unit": "s", "min": 0.13987183780409396, "p50": 0.8775520989438519, "p90": 1.320048274914734, "p95": 1.4136307745473458, "p99": 1.8456809726404022, "max": 1.9807126121595502}, "TPOT": {"unit": "ms", "min": 10.797972728808721, "p50": 18.250355229071857, "p90": 25.52390310073262, "p95": 27.394187794180148, "p99": 29.566925775292493, "max": 40.81415008073924}, "Input Tokens per Minute": {"unit": "tokens/min", "min": 1119520.940457141, "p50": 1119520.940457141, "p90": 1119520.940457141, "p95": 1119520.940457141, "p99": 1119520.940457141, "max": 1119520.940457141}, "Output Tokens per Minute": {"unit": "tokens/min", "min": 51356.44688742539, "p50": 51356.44688742539, "p90": 51356.44688742539, "p95": 51356.44688742539, "p99": 51356.44688742539, "max": 51356.44688742539}}
{"actual_qps": 5.166638834851983, "success_rate": 100.0, "input_tokens": 3992, "output_tokens": 178, "model": "meta-llama/Llama-3.1-8B-Instruct",