{"actual_qps": 5.673340127754571, "success_rate": 100.0, "input_tokens": 4302, "output_tokens": 177, "model": "meta-llama/Llama-3.1-8B-Instruct", "input_tokens_per_minute": 1315633.7221213218, "output_tokens_per_minute": 54271.10569302897, "slo_seconds": 5.0, "slo_attainment": 86.08414239482201, "ttft_slo_ms": 1000, "ttft_slo_attainment": 58.252427184466015, "tpot_slo_ms": 50, "tpot_slo_attainment": 100.0, "Latency": {"unit": "s", "min": 0.7364503131248057, "p50": 3.2410267340019345, "p90": 5.3237180119846, "p95": 5.80413118894212, "p99": 5.986631128862501, "max": 10.880412403028458}, "Throughput": {"unit": "tokens/s", "min": 5.953913641274115, "p50": 57.148894872156, "p90": 76.501834541872, "p95": 85.75773025244236, "p99": 93.37944056952959, "max": 101.23510815358354}, "TTFT": {"unit": "s", "min": 0.1287917229346931, "p50": 0.8656261640135199, "p90": 2.6379340348765252, "p95": 3.087983654346317, "p99": 3.583287325790152, "max": 8.222687009954825}, "TPOT": {"unit": "ms", "min": 7.240333672772026, "p50": 12.013885719074526, "p90": 15.687668270797875, "p95": 17.677440168102017, "p99": 24.98914702871188, "max": 26.950091055101332}, "Input Tokens per Minute": {"unit": "tokens/min", "min": 1315633.7221213218, "p50": 1315633.7221213218, "p90": 1315633.7221213218, "p95": 1315633.7221213218, "p99": 1315633.7221213218, "max": 1315633.7221213218}, "Output Tokens per Minute": {"unit": "tokens/min", "min": 54271.10569302897, "p50": 54271.10569302897, "p90": 54271.10569302897, "p95": 54271.10569302897, "p99": 54271.10569302897, "max": 54271.10569302897}}
{"actual_qps": 4.606335881380317, "success_rate": 100.0, "input_tokens": 4250, "output_tokens": 182, "model": "meta-llama/Llama-3.1-8B-Instruct", "input_tokens_per_minute": 1254514.1907344798, "output_tokens_per_minute": 53787.526038894895, "slo_seconds": 5.0, "slo_attainment": 64.21404682274247, "ttft_slo_ms": 1000, "ttft_slo_attainment": 37.79264214046823, "tpot_slo_ms": 50, "tpot_slo_attainment": 100.0, "Latency": {"unit": "s", "min": 0.7440722861792892, "p50": 4.594682542141527, "p90": 6.296926549822092, "p95": 6.713999972026795, "p99": 7.676953124455176, "max": 8.552148473914713}, "Throughput": {"unit": "tokens/s", "min": 6.603120228471298, "p50": 40.97068903676021, "p90": 54.02142159830136, "p95": 58.04022318395437, "p99": 63.10681799326122, "max": 69.31753311192377}, "TTFT": {"unit": "s", "min": 0.2545485980808735, "p50": 1.1898184418678284, "p90": 2.089200702123344, "p95": 3.116285516764037, "p99": 4.1160730351787045, "max": 4.615188931114972}, "TPOT": {"unit": "ms", "min": 11.27115649700015, "p50": 17.011815224311686, "p90": 25.019675170787465, "p95": 26.838243819489715, "p99": 29.92285092958845, "max": 44.8446873947978}, "Input Tokens per Minute": {"unit": "tokens/min", "min": 1254514.1907344798, "p50": 1254514.1907344798, "p90": 1254514.1907344798, "p95": 1254514.1907344798, "p99": 1254514.1907344798, "max": 1254514.1907344798}, "Output Tokens per Minute": {"unit": "tokens/min", "min": 53787.526038894895, "p50": 53787.526038894895, "p90": 53787.526038894895, "p95": 53787.526038894895, "p99": 53787.526038894895, "max": 53787.526038894895}}
{"actual_qps": 4.754212013600051, "success_rate": 100.0, "input_tokens": 4234, "output_tokens": 183, "model": "meta-llama/Llama-3.1-8B-Instruct", "input_tokens_per_minute": 1170297.4850211695, "output_tokens_per_minute": 50768.09889474608, "slo_seconds": 5.0, "slo_attainment": 79.35943060498221, "ttft_slo_ms": 1000, "ttft_slo_attainment": 54.092526690391466, "tpot_slo_ms": 50, "tpot_slo_attainment": 100.0, "Latency": {"unit": "s", "min": 0.9648318230174482, "p50": 4.205537091940641, "p90": 5.483784424839541, "p95": 5.888676607050002, "p99": 7.085800192039458, "max": 7.389785908861086}, "Throughput": {"unit": "tokens/s", "min": 9.348765432870291, "p50": 45.045926584605596, "p90": 58.136005114427505, "p95": 61.38686616078312, "p99": 66.45252740701264, "max": 72.89515700332436}, "TTFT": {"unit": "s", "min": 0.263492387952283, "p50": 0.9400382169988006, "p90": 1.552811742061749, "p95": 1.6781951910816133, "p99": 1.9789409470278756, "max": 2.314708527876064}, "TPOT": {"unit": "ms", "min": 10.33386307564087, "p50": 16.959379809726048, "p90": 23.36186146241936, "p95": 25.568017532812462, "p99": 28.380950391011766, "max": 30.011716531589627}, "Input Tokens per Minute": {"unit": "tokens/min", "min": 1170297.4850211695, "p50": 1170297.4850211695, "p90": 1170297.4850211695, "p95": 1170297.4850211695, "p99": 1170297.4850211695, "max": 1170297.4850211695}, "Output Tokens per Minute": {"unit": "tokens/min", "min": 50768.09889474608, "p50": 50768.09889474608, "p90": 50768.09889474608, "p95": 50768.09889474608, "p99": 50768.09889474608, "max": 50768.09889474608}}
{"actual_qps": 4.758682229423775, "success_rate": 100.0, "input_tokens": 4316, "output_tokens": 186, "model": "meta-llama/Llama-3.1-8B-Instruct", "input_tokens_per_minute": 1277911.5330241863, "output_tokens_per_minute": 55222.959489834626, "slo_seconds": 5.0, "slo_attainment": 87.70764119601328, "ttft_slo_ms": 1000, "ttft_slo_attainment": 84.0531561461794, "tpot_slo_ms": 50, "tpot_slo_attainment": 100.0, "Latency": {"unit": "s", "min": 0.696135301142931, "p50": 3.99026762903668, "p90": 5.047807038994506, "p95": 5.265793660888448, "p99": 6.055634414078668, "max": 6.355125168105587}, "Throughput": {"unit": "tokens/s", "min": 14.336807321068758, "p50": 47.69592229475842, "p90": 61.0831450500086, "p95": 65.57531555656767, "p99": 73.34950806932908, "max": 79.6095905571771}, "TTFT": {"unit": "s", "min": 0.08310539508238435, "p50": 0.5892952319700271, "p90": 1.1821377859450877, "p95": 1.3659069552086294, "p99": 1.9481740659102798, "max": 2.0497947558760643}, "TPOT": {"unit": "ms", "min": 11.67476698117075, "p50": 17.267902099747378, "p90": 21.380948829441213, "p95": 22.889512768904467, "p99": 25.312999703327016, "max": 26.632013587964387}, "Input Tokens per Minute": {"unit": "tokens/min", "min": 1277911.5330241863, "p50": 1277911.5330241863, "p90": 1277911.5330241863, "p95": 1277911.5330241863, "p99": 1277911.5330241863, "max": 1277911.5330241863}, "Output Tokens per Minute": {"unit": "tokens/min", "min": 55222.959489834626, "p50": 55222.959489834626, "p90": 55222.959489834626, "p95": 55222.959489834626, "p99": 55222.959489834626, "max": 55222.959489834626}}
{"actual_qps": 5.516647111534373, "success_rate": 100.0, "input_tokens": 4107, "output_tokens": 180, "model": "meta-llama/Llama-3.1-8B-Instruct", "input_tokens_per_minute": 1272534.0274217685, "output_tokens_per_minute": 56022.650738191216, "slo_seconds": 5.0, "slo_attainment": 63.49206349206349, "ttft_slo_ms": 1000, "ttft_slo_attainment": 67.3015873015873, "tpot_slo_ms": 50, "tpot_slo_attainment": 100.0, "Latency": {"unit": "s", "min": 0.6806317989248782, "p50": 4.500824552960694, "p90": 6.288245454989376, "p95": 7.046075901691802, "p99": 7.80308817697689, "max": 8.490874920040369}, "Throughput": {"unit": "tokens/s", "min": 11.601539902649819, "p50": 40.61132141655195, "p90": 55.75073136122899, "p95": 58.740062129089544, "p99": 66.58091139981856, "max": 75.07252731685901}, "TTFT": {"unit": "s", "min": 0.11750235897488892, "p50": 0.7391106199938804, "p90": 1.5300792933907361, "p95": 1.770098768407479, "p99": 2.5368802667735144, "max": 3.9024342459160835}, "TPOT": {"unit": "ms", "min": 8.506683994912438, "p50": 19.854453085785984, "p90": 26.56941943516459, "p95": 29.256134834509574, "p99": 32.02340638945557, "max": 35.01388277800288}, "Input Tokens per Minute": {"unit": "tokens/min", "min": 1272534.0274217685, "p50": 1272534.0274217685, "p90": 1272534.0274217685, "p95": 1272534.0274217685, "p99": 1272534.0274217685, "max": 1272534.0274217685}, "Output Tokens per Minute": {"unit": "tokens/min", "min": 56022.650738191216, "p50": 56022.650738191216, "p90": 56022.650738191216, "p95": 56022.650738191216, "p99": 56022.650738191216, "max": 56022.650738191216}}
{"actual_qps": 4.67210047336598, "success_rate": 100.0, "input_tokens": 4205, "output_tokens": 181,