{"actual_qps": 5.0643382170106435, "success_rate": 100.0, "input_tokens": 4138, "output_tokens": 180, "model": "meta-llama/Llama-3.1-8B-Instruct", "input_tokens_per_minute": 1159482.5367565036, "output_tokens_per_minute": 50583.859753400015, "slo_seconds": 5.0, "slo_attainment": 87.67605633802818, "ttft_slo_ms": 1000, "ttft_slo_attainment": 61.97183098591549, "tpot_slo_ms": 50, "tpot_slo_attainment": 100.0, "Latency": {"unit": "s", "min": 0.7272298748139292, "p50": 3.984117424930446, "p90": 5.125444505317137, "p95": 6.0027694109128715, "p99": 6.750051364689137, "max": 8.64317777310498}, "Throughput": {"unit": "tokens/s", "min": 8.90658561559588, "p50": 47.657808013956476, "p90": 63.47577619284034, "p95": 67.94805391292579, "p99": 74.57964204607055, "max": 95.83003367586242}, "TTFT": {"unit": "s", "min": 0.1403126830700785, "p50": 0.8593113664537668, "p90": 1.512815552111715, "p95": 1.6436336739803663, "p99": 2.0733613726357008, "max": 5.877370373113081}, "TPOT": {"unit": "ms", "min": 5.323921151172657, "p50": 15.749855843761576, "p90": 21.54780595104711, "p95": 25.26621538532291, "p99": 27.095042587293875, "max": 31.381733469007646}, "Input Tokens per Minute": {"unit": "tokens/min", "min": 1159482.5367565036, "p50": 1159482.5367565036, "p90": 1159482.5367565036, "p95": 1159482.5367565036, "p99": 1159482.5367565036, "max": 1159482.5367565036}, "Output Tokens per Minute": {"unit": "tokens/min", "min": 50583.859753400015, "p50": 50583.859753400015, "p90": 50583.859753400015, "p95": 50583.859753400015, "p99": 50583.859753400015, "max": 50583.859753400015}}
{"actual_qps": 4.967399612352629, "success_rate": 100.0, "input_tokens": 4023, "output_tokens": 180, "model": "meta-llama/Llama-3.1-8B-Instruct", "input_tokens_per_minute": 1222996.4083614321, "output_tokens_per_minute": 54736.8091541756, "slo_seconds": 5.0, "slo_attainment": 85.43689320388349, "ttft_slo_ms": 1000, "ttft_slo_attainment": 63.75404530744336, "tpot_slo_ms": 50, "tpot_slo_attainment": 100.0, "Latency": {"unit": "s", "min": 0.6799213849008083, "p50": 3.896561620058492, "p90": 5.2001415238715705, "p95": 5.670031085377558, "p99": 6.525364674134182, "max": 6.7977076910901815}, "Throughput": {"unit": "tokens/s", "min": 6.720937350027429, "p50": 47.88003284448779, "p90": 61.98786913470695, "p95": 64.76012329732227, "p99": 72.06765237196838, "max": 73.40075656426055}, "TTFT": {"unit": "s", "min": 0.1698889338877052, "p50": 0.818043400067836, "p90": 1.499483622005209, "p95": 1.7589585231617086, "p99": 2.4839557393081493, "max": 3.1716380859725177}, "TPOT": {"unit": "ms", "min": 6.573872175067663, "p50": 15.829784223737503, "p90": 20.27964117618069, "p95": 23.272980626310005, "p99": 27.53138198360657, "max": 33.576668705791235}, "Input Tokens per Minute": {"unit": "tokens/min", "min": 1222996.4083614321, "p50": 1222996.4083614321, "p90": 1222996.4083614321, "p95": 1222996.4083614321, "p99": 1222996.4083614321, "max": 1222996.4083614321}, "Output Tokens per Minute": {"unit": "tokens/min", "min": 54736.8091541756, "p50": 54736.8091541756, "p90": 54736.8091541756, "p95": 54736.8091541756, "p99": 54736.8091541756, "max": 54736.8091541756}}
{"actual_qps": 5.247189805948266, "success_rate": 100.0, "input_tokens": 4170, "output_tokens": 179, "model": "meta-llama/Llama-3.1-8B-Instruct", "input_tokens_per_minute": 1279996.5811805627, "output_tokens_per_minute": 54972.8835911983, "slo_seconds": 5.0, "slo_attainment": 71.15384615384616, "ttft_slo_ms": 1000, "ttft_slo_attainment": 51.92307692307693, "tpot_slo_ms": 50, "tpot_slo_attainment": 100.0, "Latency": {"unit": "s", "min": 0.6220916020683944, "p50": 4.370952557423152, "p90": 5.930604350962677, "p95": 6.49783285818994, "p99": 7.3967248429497685, "max": 8.20296352985315}, "Throughput": {"unit": "tokens/s", "min": 9.170156884570327, "p50": 42.505720361362194, "p90": 54.8422884848095, "p95": 58.8262668329836, "p99": 63.58382263678629, "max": 70.74859085367646}, "TTFT": {"unit": "s", "min": 0.27742835390381515, "p50": 0.9815891635371372, "p90": 1.633087492804043, "p95": 1.794878756010439, "p99": 2.2460753999068395, "max": 2.776521206833422}, "TPOT": {"unit": "ms", "min": 8.73672792554966, "p50": 17.5741030424511, "p90": 25.214643628645376, "p95": 26.6113949006531, "p99": 28.47597260527715, "max": 31.56144051812589}, "Input Tokens per Minute": {"unit": "tokens/min", "min": 1279996.5811805627, "p50": 1279996.5811805627, "p90": 1279996.5811805627, "p95": 1279996.5811805627, "p99": 1279996.5811805627, "max": 1279996.5811805627}, "Output Tokens per Minute": {"unit": "tokens/min", "min": 54972.8835911983, "p50": 54972.8835911983, "p90": 54972.8835911983, "p95": 54972.8835911983, "p99": 54972.8835911983, "max": 54972.8835911983}}
{"actual_qps": 4.9058029141494375, "success_rate": 100.0, "input_tokens": 4127, "output_tokens": 182, "model": "meta-llama/Llama-3.1-8B-Instruct", "input_tokens_per_minute": 1165259.486570093, "output_tokens_per_minute": 51495.703862551454, "slo_seconds": 5.0, "slo_attainment": 72.12543554006969, "ttft_slo_ms": 1000, "ttft_slo_attainment": 67.59581881533101, "tpot_slo_ms": 50, "tpot_slo_attainment": 100.0, "Latency": {"unit": "s", "min": 0.9737077329773456, "p50": 4.407348569948226, "p90": 5.794054902531209, "p95": 6.370533399656415, "p99": 7.211320503926835, "max": 7.945300905033946}, "Throughput": {"unit": "tokens/s", "min": 7.041817518341117, "p50": 42.42445980010738, "p90": 54.88655430520413, "p95": 59.881067940245856, "p99": 71.1495726690465, "max": 74.93810532534451}, "TTFT": {"unit": "s", "min": 0.1614762379322201, "p50": 0.8236324198078364, "p90": 1.3767689148895443, "p95": 1.5215633484302087, "p99": 2.3520167775033043, "max": 3.2379096469376236}, "TPOT": {"unit": "ms", "min": 11.953510355728504, "p50": 18.81870102071807, "p90": 25.168881740364903, "p95": 27.835165735816197, "p99": 30.07016508278181, "max": 30.973277447848165}, "Input Tokens per Minute": {"unit": "tokens/min", "min": 1165259.486570093, "p50": 1165259.486570093, "p90": 1165259.486570093, "p95": 1165259.486570093, "p99": 1165259.486570093, "max": 1165259.486570093}, "Output Tokens per Minute": {"unit": "tokens/min", "min": 51495.703862551454, "p50": 51495.703862551454, "p90": 51495.703862551454, "p95": 51495.703862551454, "p99": 51495.703862551454, "max": 51495.703862551454}}
{"actual_qps": 5.016363265501122, "success_rate": 100.0, "input_tokens": 3949, "output_tokens": 178, "model": "meta-llama/Llama-3.1-8B-Instruct", "input_tokens_per_minute": 1247132.8254458383, "output_tokens_per_minute": 56503.922382348515, "slo_seconds": 5.0, "slo_attainment": 63.55140186915887, "ttft_slo_ms": 1000, "ttft_slo_attainment": 61.059190031152646, "tpot_slo_ms": 50, "tpot_slo_attainment": 100.0, "Latency": {"unit": "s", "min": 0.7181617370806634, "p50": 4.580723737832159, "p90": 6.338080131914467, "p95": 6.755411611171439, "p99": 7.77500072461553, "max": 8.659646901069209}, "Throughput": {"unit": "tokens/s", "min": 7.256804817695205, "p50": 41.04773814668476, "p90": 54.66649816970226, "p95": 58.537192960581216, "p99": 64.07824452248308, "max": 71.92093169515094}, "TTFT": {"unit": "s", "min": 0.2358746831305325, "p50": 0.8238186498638242, "p90": 1.4461432630196214, "p95": 1.5998459490947425, "p99": 2.0405552362091854, "max": 2.5345458399970084}, "TPOT": {"unit": "ms", "min": 11.685324595214762, "p50": 19.91273242694761, "p90": 27.582046622644416, "p95": 29.84361899326797, "p99": 37.01162618415265, "max": 48.50351725901036}, "Input Tokens per Minute": {"unit": "tokens/min", "min": 1247132.8254458383, "p50": 1247132.8254458383, "p90": 1247132.8254458383, "p95": 1247132.8254458383, "p99": 1247132.8254458383, "max": 1247132.8254458383}, "Output Tokens per Minute": {"unit": "tokens/min", "min": 56503.922382348515, "p50": 56503.922382348515, "p90": 56503.922382348515, "p95": 56503.922382348515, "p99": 56503.922382348515, "max": 56503.922382348515}}
{"actual_qps": 5.032093049779506, "success_rate": 100.0, "input_tokens": 4122, "output_tokens": 173,