{"actual_qps": 5.396857434930908, "success_rate": 100.0, "input_tokens": 4137, "output_tokens": 176, "model": "meta-llama/Llama-3.1-8B-Instruct", "input_tokens_per_minute": 1237314.2332534492, "output_tokens_per_minute": 52861.47588834527, "slo_seconds": 5.0, "slo_attainment": 99.33774834437085, "ttft_slo_ms": 1000, "ttft_slo_attainment": 90.39735099337747, "tpot_slo_ms": 50, "tpot_slo_attainment": 100.0, "Latency": {"unit": "s", "min": 0.6734716398641467, "p50": 2.6771993645234033, "p90": 3.831988300732337, "p95": 4.335942557430825, "p99": 4.956332865278237, "max": 5.66475814091973}, "Throughput": {"unit": "tokens/s", "min": 11.109570961185335, "p50": 69.61750157945849, "p90": 86.88201716479459, "p95": 92.49061449820815, "p99": 101.74351346913441, "max": 107.82587435504612}, "TTFT": {"unit": "s", "min": 0.11343995598144829, "p50": 0.4761755574727431, "p90": 0.9618526855716488, "p95": 1.1288999741780572, "p99": 1.4069488236075272, "max": 3.480421039974317}, "TPOT": {"unit": "ms", "min": 7.6545578341032545, "p50": 11.432200215696053, "p90": 16.544710689167637, "p95": 18.119154650873195, "p99": 20.025458362394406, "max": 27.290184167213738}, "Input Tokens per Minute": {"unit": "tokens/min", "min": 1237314.2332534492, "p50": 1237314.2332534492, "p90": 1237314.2332534492, "p95": 1237314.2332534492, "p99": 1237314.2332534492, "max": 1237314.2332534492}, "Output Tokens per Minute": {"unit": "tokens/min", "min": 52861.47588834527, "p50": 52861.47588834527, "p90": 52861.47588834527, "p95": 52861.47588834527, "p99": 52861.47588834527, "max": 52861.47588834527}}
{"actual_qps": 5.516661455533345, "success_rate": 100.0, "input_tokens": 3889, "output_tokens": 176, "model": "meta-llama/Llama-3.1-8B-Instruct", "input_tokens_per_minute": 1271094.5997998342, "output_tokens_per_minute": 57652.3008920509, "slo_seconds": 5.0, "slo_attainment": 77.87878787878788, "ttft_slo_ms": 1000, "ttft_slo_attainment": 57.27272727272727, "tpot_slo_ms": 50, "tpot_slo_attainment": 100.0, "Latency": {"unit": "s", "min": 0.7263507600873709, "p50": 4.136657992959954, "p90": 5.658826749352738, "p95": 6.322522207233123, "p99": 7.091164281056261, "max": 7.685338306939229}, "Throughput": {"unit": "tokens/s", "min": 9.622979230484107, "p50": 44.01119683663254, "p90": 59.3304368093161, "p95": 62.58839799713081, "p99": 68.59440980043729, "max": 78.52983069319083}, "TTFT": {"unit": "s", "min": 0.11829740996472538, "p50": 0.9087451701052487, "p90": 1.62777305028867, "p95": 1.9025276382453746, "p99": 2.4359448756137847, "max": 2.5711515359580517}, "TPOT": {"unit": "ms", "min": 2.928074000886193, "p50": 17.443320194224924, "p90": 23.9655836733367, "p95": 25.150632469718293, "p99": 28.374667675906217, "max": 31.014424186410768}, "Input Tokens per Minute": {"unit": "tokens/min", "min": 1271094.5997998342, "p50": 1271094.5997998342, "p90": 1271094.5997998342, "p95": 1271094.5997998342, "p99": 1271094.5997998342, "max": 1271094.5997998342}, "Output Tokens per Minute": {"unit": "tokens/min", "min": 57652.3008920509, "p50": 57652.3008920509, "p90": 57652.3008920509, "p95": 57652.3008920509, "p99": 57652.3008920509, "max": 57652.3008920509}}
{"actual_qps": 5.530494378469072, "success_rate": 100.0, "input_tokens": 4071, "output_tokens": 180, "model": "meta-llama/Llama-3.1-8B-Instruct", "input_tokens_per_minute": 1318407.7101454423, "output_tokens_per_minute": 58295.962787960096, "slo_seconds": 5.0, "slo_attainment": 81.34556574923548, "ttft_slo_ms": 1000, "ttft_slo_attainment": 61.773700305810394, "tpot_slo_ms": 50, "tpot_slo_attainment": 99.69418960244649, "Latency": {"unit": "s", "min": 0.7186336698941886, "p50": 4.115546316141263, "p90": 5.621003883704543, "p95": 6.256516165821813, "p99": 6.982627289374359, "max": 7.255313718924299}, "Throughput": {"unit": "tokens/s", "min": 7.708952315335811, "p50": 45.049897486966216, "p90": 58.098076067861975, "p95": 61.6948941930531, "p99": 66.40060056024929, "max": 76.44200135838364}, "TTFT": {"unit": "s", "min": 0.18456194689497352, "p50": 0.8144812108948827, "p90": 1.5029582716524608, "p95": 1.6622916673775758, "p99": 2.0891643999889493, "max": 2.373323915991932}, "TPOT": {"unit": "ms", "min": 8.673276846820954, "p50": 17.14583351300215, "p90": 23.90499313766807, "p95": 26.590959178544594, "p99": 29.88513609144189, "max": 53.52394582758493}, "Input Tokens per Minute": {"unit": "tokens/min", "min": 1318407.7101454423, "p50": 1318407.7101454423, "p90": 1318407.7101454423, "p95": 1318407.7101454423, "p99": 1318407.7101454423, "max": 1318407.7101454423}, "Output Tokens per Minute": {"unit": "tokens/min", "min": 58295.962787960096, "p50": 58295.962787960096, "p90": 58295.962787960096, "p95": 58295.962787960096, "p99": 58295.962787960096, "max": 58295.962787960096}}
{"actual_qps": 5.593551393380309, "success_rate": 100.0, "input_tokens": 3981, "output_tokens": 175, "model": "meta-llama/Llama-3.1-8B-Instruct", "input_tokens_per_minute": 1375585.5146443795, "output_tokens_per_minute": 60681.99496368146, "slo_seconds": 5.0, "slo_attainment": 92.5925925925926, "ttft_slo_ms": 1000, "ttft_slo_attainment": 82.90598290598291, "tpot_slo_ms": 50, "tpot_slo_attainment": 100.0, "Latency": {"unit": "s", "min": 0.6092605357989669, "p50": 3.878202305873856, "p90": 4.8955438998527825, "p95": 5.11883602605667, "p99": 5.774476298480295, "max": 5.860245638992637}, "Throughput": {"unit": "tokens/s", "min": 9.83707875308647, "p50": 47.647815045172734, "p90": 59.97639665997507, "p95": 64.53034140453269, "p99": 74.61188825933036, "max": 79.78228372075877}, "TTFT": {"unit": "s", "min": 0.09394701197743416, "p50": 0.6193234911188483, "p90": 1.1696670199744403, "p95": 1.3848857840057462, "p99": 1.7316055211704224, "max": 2.7764381179586053}, "TPOT": {"unit": "ms", "min": 10.41080364409615, "p50": 17.410838100169997, "p90": 21.305518923327327, "p95": 23.285589686845643, "p99": 28.871902760980213, "max": 33.23326247655565}, "Input Tokens per Minute": {"unit": "tokens/min", "min": 1375585.5146443795, "p50": 1375585.5146443795, "p90": 1375585.5146443795, "p95": 1375585.5146443795, "p99": 1375585.5146443795, "max": 1375585.5146443795}, "Output Tokens per Minute": {"unit": "tokens/min", "min": 60681.99496368146, "p50": 60681.99496368146, "p90": 60681.99496368146, "p95": 60681.99496368146, "p99": 60681.99496368146, "max": 60681.99496368146}}
{"actual_qps": 5.852493727343574, "success_rate": 100.0, "input_tokens": 4086, "output_tokens": 176, "model": "meta-llama/Llama-3.1-8B-Instruct", "input_tokens_per_minute": 1374842.2525053825, "output_tokens_per_minute": 59235.10541984617, "slo_seconds": 5.0, "slo_attainment": 62.86549707602339, "ttft_slo_ms": 1000, "ttft_slo_attainment": 64.03508771929825, "tpot_slo_ms": 50, "tpot_slo_attainment": 100.0, "Latency": {"unit": "s", "min": 0.5725923019926995, "p50": 4.57295888394583, "p90": 6.550927648344079, "p95": 7.064514364290516, "p99": 7.652318095464725, "max": 8.739450370892882}, "Throughput": {"unit": "tokens/s", "min": 11.104858000965196, "p50": 39.57809283487701, "p90": 53.65254963396669, "p95": 56.15144033435596, "p99": 66.51629510173066, "max": 70.97601310628481}, "TTFT": {"unit": "s", "min": 0.18207722599618137, "p50": 0.7926771835191175, "p90": 1.5789162685396154, "p95": 1.7187171963742003, "p99": 2.8715360165643506, "max": 3.4463498960249126}, "TPOT": {"unit": "ms", "min": 10.613497156141833, "p50": 20.27884526742435, "p90": 27.455673410551732, "p95": 28.698625237449107, "p99": 32.38111556400723, "max": 38.9523527235724}, "Input Tokens per Minute": {"unit": "tokens/min", "min": 1374842.2525053825, "p50": 1374842.2525053825, "p90": 1374842.2525053825, "p95": 1374842.2525053825, "p99": 1374842.2525053825, "max": 1374842.2525053825}, "Output Tokens per Minute": {"unit": "tokens/min", "min": 59235.10541984617, "p50": 59235.10541984617, "p90": 59235.10541984617, "p95": 59235.10541984617, "p99": 59235.10541984617, "max": 59235.10541984617}}
{"actual_qps": 5.737705070305033, "success_rate": 100.0, "input_tokens": 4023, "output_tokens": 175,