{"actual_qps": 5.643833948700339, "success_rate": 100.0, "input_tokens": 4006, "output_tokens": 180, "model": "meta-llama/Llama-3.1-8B-Instruct", "input_tokens_per_minute": 1281241.3998152015, "output_tokens_per_minute": 57606.71212901504, "slo_seconds": 5.0, "slo_attainment": 57.27554179566563, "ttft_slo_ms": 1000, "ttft_slo_attainment": 34.984520123839005, "tpot_slo_ms": 50, "tpot_slo_attainment": 99.69040247678018, "Latency": {"unit": "s", "min": 0.866986651904881, "p50": 4.679293785011396, "p90": 7.624925447721035, "p95": 7.6563254775945095, "p99": 8.137910001161504, "max": 13.177213686984032}, "Throughput": {"unit": "tokens/s", "min": 3.82269040103559, "p50": 38.07950230324695, "p90": 53.366557316694205, "p95": 56.378847965824704, "p99": 61.94992384334342, "max": 65.22178385542072}, "TTFT": {"unit": "s", "min": 0.2974740560166538, "p50": 1.2003422880079597, "p90": 3.2394367365166556, "p95": 3.881834130873899, "p99": 4.995593095333314, "max": 8.199235891923308}, "TPOT": {"unit": "ms", "min": 11.417734532562248, "p50": 18.54800182627514, "p90": 25.098553103343328, "p95": 27.166695362316094, "p99": 29.981180264268676, "max": 56.837512271515294}, "Input Tokens per Minute": {"unit": "tokens/min", "min": 1281241.3998152015, "p50": 1281241.3998152015, "p90": 1281241.3998152015, "p95": 1281241.3998152015, "p99": 1281241.3998152015, "max": 1281241.3998152015}, "Output Tokens per Minute": {"unit": "tokens/min", "min": 57606.71212901504, "p50": 57606.71212901504, "p90": 57606.71212901504, "p95": 57606.71212901504, "p99": 57606.71212901504, "max": 57606.71212901504}}
{"actual_qps": 5.641011162937635, "success_rate": 100.0, "input_tokens": 3946, "output_tokens": 180, "model": "meta-llama/Llama-3.1-8B-Instruct", "input_tokens_per_minute": 1269898.2837246207, "output_tokens_per_minute": 58054.258259683906, "slo_seconds": 5.0, "slo_attainment": 84.92307692307692, "ttft_slo_ms": 1000, "ttft_slo_attainment": 55.07692307692308, "tpot_slo_ms": 50, "tpot_slo_attainment": 100.0, "Latency": {"unit": "s", "min": 0.7114287891890854, "p50": 4.033894603140652, "p90": 5.254477062402293, "p95": 5.550097712222487, "p99": 6.274724175678563, "max": 6.89828047901392}, "Throughput": {"unit": "tokens/s", "min": 5.492386187778447, "p50": 46.410682936214116, "p90": 57.822250703420515, "p95": 60.985142090608974, "p99": 66.17933443852198, "max": 70.16423098134108}, "TTFT": {"unit": "s", "min": 0.18082632101140916, "p50": 0.9293656090740114, "p90": 1.5914178360253575, "p95": 1.774322164664045, "p99": 2.522617135308683, "max": 2.9911272360477597}, "TPOT": {"unit": "ms", "min": 9.691448416560888, "p50": 15.843227909335015, "p90": 21.303743646820266, "p95": 23.675385892319284, "p99": 27.086998566302178, "max": 28.39805191410846}, "Input Tokens per Minute": {"unit": "tokens/min", "min": 1269898.2837246207, "p50": 1269898.2837246207, "p90": 1269898.2837246207, "p95": 1269898.2837246207, "p99": 1269898.2837246207, "max": 1269898.2837246207}, "Output Tokens per Minute": {"unit": "tokens/min", "min": 58054.258259683906, "p50": 58054.258259683906, "p90": 58054.258259683906, "p95": 58054.258259683906, "p99": 58054.258259683906, "max": 58054.258259683906}}
{"actual_qps": 5.437692882757083, "success_rate": 100.0, "input_tokens": 4021, "output_tokens": 177, "model": "meta-llama/Llama-3.1-8B-Instruct", "input_tokens_per_minute": 1301919.615286194, "output_tokens_per_minute": 57605.721982708244, "slo_seconds": 5.0, "slo_attainment": 65.13761467889908, "ttft_slo_ms": 1000, "ttft_slo_attainment": 37.920489296636084, "tpot_slo_ms": 50, "tpot_slo_attainment": 100.0, "Latency": {"unit": "s", "min": 1.193638931028545, "p50": 4.543155760038644, "p90": 6.356114434357733, "p95": 6.741720450809225, "p99": 7.637012063534931, "max": 9.490541054168716}, "Throughput": {"unit": "tokens/s", "min": 11.284502042464442, "p50": 40.24728017525011, "p90": 52.531147165460425, "p95": 56.19470319060031, "p99": 62.654737353317174, "max": 69.13196422578424}, "TTFT": {"unit": "s", "min": 0.2844687451142818, "p50": 1.1561482490506023, "p90": 1.9844110749661925, "p95": 2.394727238011545, "p99": 3.5648178310785443, "max": 4.664142791181803}, "TPOT": {"unit": "ms", "min": 11.979901572116294, "p50": 17.897702638883537, "p90": 24.02249577133924, "p95": 26.54373923729343, "p99": 29.003615527855466, "max": 36.71592878850384}, "Input Tokens per Minute": {"unit": "tokens/min", "min": 1301919.615286194, "p50": 1301919.615286194, "p90": 1301919.615286194, "p95": 1301919.615286194, "p99": 1301919.615286194, "max": 1301919.615286194}, "Output Tokens per Minute": {"unit": "tokens/min", "min": 57605.721982708244, "p50": 57605.721982708244, "p90": 57605.721982708244, "p95": 57605.721982708244, "p99": 57605.721982708244, "max": 57605.721982708244}}
{"actual_qps": 5.351443885602842, "success_rate": 100.0, "input_tokens": 4181, "output_tokens": 175, "model": "meta-llama/Llama-3.1-8B-Instruct", "input_tokens_per_minute": 1383990.0883749833, "output_tokens_per_minute": 58148.295281524894, "slo_seconds": 5.0, "slo_attainment": 60.59701492537314, "ttft_slo_ms": 1000, "ttft_slo_attainment": 41.7910447761194, "tpot_slo_ms": 50, "tpot_slo_attainment": 100.0, "Latency": {"unit": "s", "min": 0.7232832419686019, "p50": 4.646857662824914, "p90": 6.473666214756667, "p95": 6.972921981476248, "p99": 7.688895320198503, "max": 8.252571484073997}, "Throughput": {"unit": "tokens/s", "min": 8.714702563211073, "p50": 38.06061531170333, "p90": 51.08413901684674, "p95": 55.8075835350396, "p99": 64.4840401881142, "max": 76.02545675709175}, "TTFT": {"unit": "s", "min": 0.24383024801500142, "p50": 1.0861559838522226, "p90": 1.9728911899961536, "p95": 2.3594442414119845, "p99": 3.163461112184452, "max": 3.9579892379697412}, "TPOT": {"unit": "ms", "min": 8.48966178514796, "p50": 19.29213113652252, "p90": 26.443499580320328, "p95": 29.47353842382432, "p99": 37.708010952428026, "max": 46.21442199191626}, "Input Tokens per Minute": {"unit": "tokens/min", "min": 1383990.0883749833, "p50": 1383990.0883749833, "p90": 1383990.0883749833, "p95": 1383990.0883749833, "p99": 1383990.0883749833, "max": 1383990.0883749833}, "Output Tokens per Minute": {"unit": "tokens/min", "min": 58148.295281524894, "p50": 58148.295281524894, "p90": 58148.295281524894, "p95": 58148.295281524894, "p99": 58148.295281524894, "max": 58148.295281524894}}
{"actual_qps": 5.4999612765202714, "success_rate": 100.0, "input_tokens": 4213, "output_tokens": 173, "model": "meta-llama/Llama-3.1-8B-Instruct", "input_tokens_per_minute": 1381961.8088124339, "output_tokens_per_minute": 57015.106456272006, "slo_seconds": 5.0, "slo_attainment": 65.06024096385542, "ttft_slo_ms": 1000, "ttft_slo_attainment": 59.63855421686747, "tpot_slo_ms": 50, "tpot_slo_attainment": 100.0, "Latency": {"unit": "s", "min": 0.5112678019795567, "p50": 4.519670748966746, "p90": 6.257573694293387, "p95": 6.657152916397899, "p99": 7.257001936151646, "max": 8.097026753006503}, "Throughput": {"unit": "tokens/s", "min": 8.7657424149385, "p50": 40.31293194600407, "p90": 54.58047495446072, "p95": 60.363825133581344, "p99": 63.52417692857128, "max": 81.39470477381361}, "TTFT": {"unit": "s", "min": 0.10501587088219821, "p50": 0.9035064534982666, "p90": 1.3927776213269685, "p95": 1.5238007716019633, "p99": 1.853438960229978, "max": 2.4229132318869233}, "TPOT": {"unit": "ms", "min": 9.447774135818083, "p50": 19.649023552841726, "p90": 27.229719313479322, "p95": 28.442737882959893, "p99": 34.61074230863539, "max": 39.88381817608195}, "Input Tokens per Minute": {"unit": "tokens/min", "min": 1381961.8088124339, "p50": 1381961.8088124339, "p90": 1381961.8088124339, "p95": 1381961.8088124339, "p99": 1381961.8088124339, "max": 1381961.8088124339}, "Output Tokens per Minute": {"unit": "tokens/min", "min": 57015.106456272006, "p50": 57015.106456272006, "p90": 57015.106456272006, "p95": 57015.106456272006, "p99": 57015.106456272006, "max": 57015.106456272006}}
{"actual_qps": 5.278725006026759, "success_rate": 100.0, "input_tokens": 4011, "output_tokens": 175,