{"actual_qps": 5.170291211178637, "success_rate": 100.0, "input_tokens": 4122, "output_tokens": 176, "model": "meta-llama/Llama-3.1-8B-Instruct", "input_tokens_per_minute": 1230092.303391902, "output_tokens_per_minute": 52598.656831175285, "slo_seconds": 5.0, "slo_attainment": 100.0, "ttft_slo_ms": 1000, "ttft_slo_attainment": 86.75496688741721, "tpot_slo_ms": 50, "tpot_slo_attainment": 100.0, "Latency": {"unit": "s", "min": 0.42353797680698335, "p50": 2.477820001426153, "p90": 3.363850646116771, "p95": 3.5562563190818763, "p99": 4.306823004682085, "max": 4.792078254977241}, "Throughput": {"unit": "tokens/s", "min": 14.713979440316582, "p50": 72.9441820504669, "p90": 94.3100679168969, "p95": 103.31435157521064, "p99": 113.33508071551783, "max": 124.89732822739435}, "TTFT": {"unit": "s", "min": 0.11673524091020226, "p50": 0.6171536069596186, "p90": 1.079504394438118, "p95": 1.2976084686699318, "p99": 2.094459447287958, "max": 2.577521207043901}, "TPOT": {"unit": "ms", "min": 5.928881589651984, "p50": 9.947453607950155, "p90": 13.00772066314672, "p95": 14.17651711682488, "p99": 17.054373177516567, "max": 25.392407702062936}, "Input Tokens per Minute": {"unit": "tokens/min", "min": 1230092.303391902, "p50": 1230092.303391902, "p90": 1230092.303391902, "p95": 1230092.303391902, "p99": 1230092.303391902, "max": 1230092.303391902}, "Output Tokens per Minute": {"unit": "tokens/min", "min": 52598.656831175285, "p50": 52598.656831175285, "p90": 52598.656831175285, "p95": 52598.656831175285, "p99": 52598.656831175285, "max": 52598.656831175285}}
{"actual_qps": 5.1317123168723295, "success_rate": 100.0, "input_tokens": 4254, "output_tokens": 176, "model": "meta-llama/Llama-3.1-8B-Instruct", "input_tokens_per_minute": 1244055.0535232883, "output_tokens_per_minute": 51697.64302520173, "slo_seconds": 5.0, "slo_attainment": 99.32432432432432, "ttft_slo_ms": 1000, "ttft_slo_attainment": 83.78378378378379, "tpot_slo_ms": 50, "tpot_slo_attainment": 100.0, "Latency": {"unit": "s", "min": 0.6014531890396029, "p50": 3.0972196485381573, "p90": 3.757436541141942, "p95": 3.9839556963997893, "p99": 4.817243572755251, "max": 5.247613288927823}, "Throughput": {"unit": "tokens/s", "min": 12.73073067131627, "p50": 60.713595605743905, "p90": 73.39098430790384, "p95": 77.50793101773036, "p99": 82.33951931223008, "max": 84.11927447514202}, "TTFT": {"unit": "s", "min": 0.14351086202077568, "p50": 0.6416443989146501, "p90": 1.148558429442346, "p95": 1.2805347479879856, "p99": 1.9076131135225307, "max": 2.729329048888758}, "TPOT": {"unit": "ms", "min": 6.4417533439529295, "p50": 12.79519339541357, "p90": 14.553313249161347, "p95": 15.11291994034459, "p99": 16.886003112793215, "max": 27.004668737451233}, "Input Tokens per Minute": {"unit": "tokens/min", "min": 1244055.0535232883, "p50": 1244055.0535232883, "p90": 1244055.0535232883, "p95": 1244055.0535232883, "p99": 1244055.0535232883, "max": 1244055.0535232883}, "Output Tokens per Minute": {"unit": "tokens/min", "min": 51697.64302520173, "p50": 51697.64302520173, "p90": 51697.64302520173, "p95": 51697.64302520173, "p99": 51697.64302520173, "max": 51697.64302520173}}
{"actual_qps": 4.984836711817751, "success_rate": 100.0, "input_tokens": 4247, "output_tokens": 178, "model": "meta-llama/Llama-3.1-8B-Instruct", "input_tokens_per_minute": 1303826.9806684009, "output_tokens_per_minute": 54836.165119130994, "slo_seconds": 5.0, "slo_attainment": 98.07073954983923, "ttft_slo_ms": 1000, "ttft_slo_attainment": 72.34726688102894, "tpot_slo_ms": 50, "tpot_slo_attainment": 100.0, "Latency": {"unit": "s", "min": 0.7221597970928997, "p50": 3.116855485131964, "p90": 3.986713550053537, "p95": 4.395823933999054, "p99": 5.148674650816245, "max": 5.240366855170578}, "Throughput": {"unit": "tokens/s", "min": 9.502143525123508, "p50": 59.53626336117062, "p90": 73.4445862373516, "p95": 80.55302757537777, "p99": 88.12645733511359, "max": 95.01372999225542}, "TTFT": {"unit": "s", "min": 0.1440432269591838, "p50": 0.7339800018817186, "p90": 1.3116465010680258, "p95": 1.5912047504680231, "p99": 2.198712586145848, "max": 2.553295854013413}, "TPOT": {"unit": "ms", "min": 9.319208346415257, "p50": 12.810680095630524, "p90": 15.15933381619327, "p95": 15.960683171746393, "p99": 19.155979060526317, "max": 21.194196913553323}, "Input Tokens per Minute": {"unit": "tokens/min", "min": 1303826.9806684009, "p50": 1303826.9806684009, "p90": 1303826.9806684009, "p95": 1303826.9806684009, "p99": 1303826.9806684009, "max": 1303826.9806684009}, "Output Tokens per Minute": {"unit": "tokens/min", "min": 54836.165119130994, "p50": 54836.165119130994, "p90": 54836.165119130994, "p95": 54836.165119130994, "p99": 54836.165119130994, "max": 54836.165119130994}}
{"actual_qps": 5.2144300382572215, "success_rate": 100.0, "input_tokens": 4375, "output_tokens": 173, "model": "meta-llama/Llama-3.1-8B-Instruct", "input_tokens_per_minute": 1381742.300196055, "output_tokens_per_minute": 54707.24193911185, "slo_seconds": 5.0, "slo_attainment": 100.0, "ttft_slo_ms": 1000, "ttft_slo_attainment": 77.88161993769471, "tpot_slo_ms": 50, "tpot_slo_attainment": 100.0, "Latency": {"unit": "s", "min": 0.6386047259438783, "p50": 3.1268837531097233, "p90": 3.8748806279618293, "p95": 4.159266459057108, "p99": 4.684694382362069, "max": 4.941126977093518}, "Throughput": {"unit": "tokens/s", "min": 10.012141105105098, "p50": 59.14535001218225, "p90": 71.9115379990807, "p95": 75.24631770072645, "p99": 80.85030755550018, "max": 95.41474313624725}, "TTFT": {"unit": "s", "min": 0.15345828607678413, "p50": 0.6866645039990544, "p90": 1.2459847850259393, "p95": 1.539395997999236, "p99": 2.030357177555563, "max": 2.258839388145134}, "TPOT": {"unit": "ms", "min": 5.505463519297979, "p50": 13.271781598362866, "p90": 15.464337687733485, "p95": 16.091130959366133, "p99": 21.96450818543478, "max": 45.500121421783284}, "Input Tokens per Minute": {"unit": "tokens/min", "min": 1381742.300196055, "p50": 1381742.300196055, "p90": 1381742.300196055, "p95": 1381742.300196055, "p99": 1381742.300196055, "max": 1381742.300196055}, "Output Tokens per Minute": {"unit": "tokens/min", "min": 54707.24193911185, "p50": 54707.24193911185, "p90": 54707.24193911185, "p95": 54707.24193911185, "p99": 54707.24193911185, "max": 54707.24193911185}}
{"actual_qps": 5.0655746906722126, "success_rate": 100.0, "input_tokens": 4221, "output_tokens": 176, "model": "meta-llama/Llama-3.1-8B-Instruct", "input_tokens_per_minute": 1291347.775561714, "output_tokens_per_minute": 53841.64912479733, "slo_seconds": 5.0, "slo_attainment": 100.0, "ttft_slo_ms": 1000, "ttft_slo_attainment": 100.0, "tpot_slo_ms": 50, "tpot_slo_attainment": 100.0, "Latency": {"unit": "s", "min": 0.4535495510790497, "p50": 2.7388772759586573, "p90": 3.326978678116575, "p95": 3.5138680080417544, "p99": 3.8157611806411293, "max": 4.191563359927386}, "Throughput": {"unit": "tokens/s", "min": 21.771542330338555, "p50": 68.88474009985407, "p90": 82.51151530806904, "p95": 88.75062288975374, "p99": 97.81522990405261, "max": 103.53320372556085}, "TTFT": {"unit": "s", "min": 0.028655190020799637, "p50": 0.29420815501362085, "p90": 0.5273607731796801, "p95": 0.5974336049985141, "p99": 0.7770414840662845, "max": 0.8628877089358866}, "TPOT": {"unit": "ms", "min": 4.9719711144765215, "p50": 12.841825271680502, "p90": 15.144290899783, "p95": 15.84459886705999, "p99": 17.657958157462, "max": 20.92638487279739}, "Input Tokens per Minute": {"unit": "tokens/min", "min": 1291347.775561714, "p50": 1291347.775561714, "p90": 1291347.775561714, "p95": 1291347.775561714, "p99": 1291347.775561714, "max": 1291347.775561714}, "Output Tokens per Minute": {"unit": "tokens/min", "min": 53841.64912479733, "p50": 53841.64912479733, "p90": 53841.64912479733, "p95": 53841.64912479733, "p99": 53841.64912479733, "max": 53841.64912479733}}
{"actual_qps": 5.266653577185482, "success_rate": 100.0, "input_tokens": 4257, "output_tokens": 171, "model": "meta-llama/Llama-3.1-8B-Instruct",