{"actual_qps": 6.401646589764105, "success_rate": 100.0, "input_tokens": 3953, "output_tokens": 177, "model": "meta-llama/Llama-3.1-8B-Instruct", "input_tokens_per_minute": 1413582.0538905258, "output_tokens_per_minute": 63323.11832853428, "slo_seconds": 5.0, "slo_attainment": 78.51239669421489, "ttft_slo_ms": 1000, "ttft_slo_attainment": 50.13774104683195, "tpot_slo_ms": 50, "tpot_slo_attainment": 100.0, "Latency": {"unit": "s", "min": 0.6731998729519546, "p50": 3.4839367649983615, "p90": 5.786581713054329, "p95": 6.05074044575449, "p99": 6.68067504983861, "max": 9.18050213996321}, "Throughput": {"unit": "tokens/s", "min": 8.195603604469092, "p50": 53.38001717640472, "p90": 68.51552989174931, "p95": 70.30845611936941, "p99": 76.53659513426506, "max": 80.28745887535337}, "TTFT": {"unit": "s", "min": 0.24296072404831648, "p50": 0.9985443810001016, "p90": 2.8808226289693266, "p95": 3.598902622982859, "p99": 4.2796116202371195, "max": 7.763469114899635}, "TPOT": {"unit": "ms", "min": 7.828143723636641, "p50": 12.991348446473179, "p90": 15.669484718758069, "p95": 16.538645126786665, "p99": 22.2917431513668, "max": 27.572810716394866}, "Input Tokens per Minute": {"unit": "tokens/min", "min": 1413582.0538905258, "p50": 1413582.0538905258, "p90": 1413582.0538905258, "p95": 1413582.0538905258, "p99": 1413582.0538905258, "max": 1413582.0538905258}, "Output Tokens per Minute": {"unit": "tokens/min", "min": 63323.11832853428, "p50": 63323.11832853428, "p90": 63323.11832853428, "p95": 63323.11832853428, "p99": 63323.11832853428, "max": 63323.11832853428}}
{"actual_qps": 5.348042080992696, "success_rate": 100.0, "input_tokens": 3977, "output_tokens": 173, "model": "meta-llama/Llama-3.1-8B-Instruct", "input_tokens_per_minute": 1327083.50422348, "output_tokens_per_minute": 57935.04457272682, "slo_seconds": 5.0, "slo_attainment": 100.0, "ttft_slo_ms": 1000, "ttft_slo_attainment": 81.12094395280236, "tpot_slo_ms": 50, "tpot_slo_attainment": 100.0, "Latency": {"unit": "s", "min": 0.6246588330250233, "p50": 3.019347670953721, "p90": 3.7411591106094417, "p95": 3.9424747682176524, "p99": 4.44293609389104, "max": 4.7761722770519555}, "Throughput": {"unit": "tokens/s", "min": 8.78404353537955, "p50": 60.984930132172956, "p90": 72.51095402618286, "p95": 75.33135396196168, "p99": 81.83965816663529, "max": 85.77911646926752}, "TTFT": {"unit": "s", "min": 0.14207600709050894, "p50": 0.668823862913996, "p90": 1.2393146108835935, "p95": 1.4219131186138825, "p99": 1.8372449251031504, "max": 2.1977950460277498}, "TPOT": {"unit": "ms", "min": 6.927370898354845, "p50": 12.248075518045741, "p90": 13.991995142091671, "p95": 14.549465441313481, "p99": 16.591081301255485, "max": 17.80865010805428}, "Input Tokens per Minute": {"unit": "tokens/min", "min": 1327083.50422348, "p50": 1327083.50422348, "p90": 1327083.50422348, "p95": 1327083.50422348, "p99": 1327083.50422348, "max": 1327083.50422348}, "Output Tokens per Minute": {"unit": "tokens/min", "min": 57935.04457272682, "p50": 57935.04457272682, "p90": 57935.04457272682, "p95": 57935.04457272682, "p99": 57935.04457272682, "max": 57935.04457272682}}
{"actual_qps": 5.447031027454161, "success_rate": 100.0, "input_tokens": 3904, "output_tokens": 176, "model": "meta-llama/Llama-3.1-8B-Instruct", "input_tokens_per_minute": 1225954.325177096, "output_tokens_per_minute": 55313.847751558074, "slo_seconds": 5.0, "slo_attainment": 99.68652037617555, "ttft_slo_ms": 1000, "ttft_slo_attainment": 86.52037617554859, "tpot_slo_ms": 50, "tpot_slo_attainment": 100.0, "Latency": {"unit": "s", "min": 0.5385759798809886, "p50": 3.151991483056918, "p90": 3.806892702868208, "p95": 4.03340312168002, "p99": 4.525820124051534, "max": 5.703108449932188}, "Throughput": {"unit": "tokens/s", "min": 14.564890846697672, "p50": 60.25827404304563, "p90": 74.04761571386805, "p95": 78.21342166817169, "p99": 83.80921858614359, "max": 88.8762652591562}, "TTFT": {"unit": "s", "min": 0.13793908711522818, "p50": 0.6281808840576559, "p90": 1.054836893873289, "p95": 1.2718826611526308, "p99": 1.933831763775088, "max": 2.78865241096355}, "TPOT": {"unit": "ms", "min": 2.786518060876166, "p50": 12.996767212632042, "p90": 15.096398349230489, "p95": 15.8926913768624, "p99": 19.157685160308194, "max": 22.209501315956004}, "Input Tokens per Minute": {"unit": "tokens/min", "min": 1225954.325177096, "p50": 1225954.325177096, "p90": 1225954.325177096, "p95": 1225954.325177096, "p99": 1225954.325177096, "max": 1225954.325177096}, "Output Tokens per Minute": {"unit": "tokens/min", "min": 55313.847751558074, "p50": 55313.847751558074, "p90": 55313.847751558074, "p95": 55313.847751558074, "p99": 55313.847751558074, "max": 55313.847751558074}}
{"actual_qps": 5.683576645037054, "success_rate": 100.0, "input_tokens": 4118, "output_tokens": 177, "model": "meta-llama/Llama-3.1-8B-Instruct", "input_tokens_per_minute": 1422904.341378552, "output_tokens_per_minute": 61163.555865792354, "slo_seconds": 5.0, "slo_attainment": 100.0, "ttft_slo_ms": 1000, "ttft_slo_attainment": 88.03418803418803, "tpot_slo_ms": 50, "tpot_slo_attainment": 100.0, "Latency": {"unit": "s", "min": 0.28320703795179725, "p50": 3.024586967891082, "p90": 3.8101834789849818, "p95": 3.9701257640263066, "p99": 4.233321116422303, "max": 4.555764176882803}, "Throughput": {"unit": "tokens/s", "min": 10.827467174601981, "p50": 60.84345331711998, "p90": 74.47253873369013, "p95": 76.85884094475057, "p99": 83.88737309592615, "max": 96.90100151455952}, "TTFT": {"unit": "s", "min": 0.08766805194318295, "p50": 0.6022099808324128, "p90": 1.077937754103914, "p95": 1.3095985384425148, "p99": 1.6783024625619873, "max": 2.1724882239941508}, "TPOT": {"unit": "ms", "min": 7.882653935147183, "p50": 12.69248121151298, "p90": 14.953717577678326, "p95": 15.634452341470737, "p99": 16.819614796529535, "max": 20.375451957806945}, "Input Tokens per Minute": {"unit": "tokens/min", "min": 1422904.341378552, "p50": 1422904.341378552, "p90": 1422904.341378552, "p95": 1422904.341378552, "p99": 1422904.341378552, "max": 1422904.341378552}, "Output Tokens per Minute": {"unit": "tokens/min", "min": 61163.555865792354, "p50": 61163.555865792354, "p90": 61163.555865792354, "p95": 61163.555865792354, "p99": 61163.555865792354, "max": 61163.555865792354}}
{"actual_qps": 5.483320122091046, "success_rate": 100.0, "input_tokens": 3935, "output_tokens": 175, "model": "meta-llama/Llama-3.1-8B-Instruct", "input_tokens_per_minute": 1290040.2743444468, "output_tokens_per_minute": 57591.523096726865, "slo_seconds": 5.0, "slo_attainment": 100.0, "ttft_slo_ms": 1000, "ttft_slo_attainment": 98.7987987987988, "tpot_slo_ms": 50, "tpot_slo_attainment": 100.0, "Latency": {"unit": "s", "min": 0.31247271108441055, "p50": 2.814632361056283, "p90": 3.6154860105831177, "p95": 3.7839936985168596, "p99": 4.203016158975662, "max": 4.472425685962662}, "Throughput": {"unit": "tokens/s", "min": 14.851062114383861, "p50": 65.7157099149463, "p90": 80.49740327833074, "p95": 83.11984222000733, "p99": 91.38877647295995, "max": 101.0642634832173}, "TTFT": {"unit": "s", "min": 0.05850106803700328, "p50": 0.40622906293720007, "p90": 0.731599390739575, "p95": 0.823618107801303, "p99": 1.0319031328707937, "max": 1.264247627928853}, "TPOT": {"unit": "ms", "min": 7.30870951831873, "p50": 12.794351418170349, "p90": 15.305988565005718, "p95": 15.947483361923327, "p99": 17.189821333544863, "max": 24.08772605635664}, "Input Tokens per Minute": {"unit": "tokens/min", "min": 1290040.2743444468, "p50": 1290040.2743444468, "p90": 1290040.2743444468, "p95": 1290040.2743444468, "p99": 1290040.2743444468, "max": 1290040.2743444468}, "Output Tokens per Minute": {"unit": "tokens/min", "min": 57591.523096726865, "p50": 57591.523096726865, "p90": 57591.523096726865, "p95": 57591.523096726865, "p99": 57591.523096726865, "max": 57591.523096726865}}
{"actual_qps": 5.1499786027851115, "success_rate": 100.0, "input_tokens": 4125, "output_tokens": 175, "model": "meta-llama/Llama-3.1-8B-Instruct",