{"actual_qps": 5.934544847351639, "success_rate": 100.0, "input_tokens": 3907, "output_tokens": 171, "model": "meta-llama/Llama-3.1-8B-Instruct", "input_tokens_per_minute": 1283768.938264255, "output_tokens_per_minute": 56348.995138712715, "slo_seconds": 5.0, "slo_attainment": 88.02395209580838, "ttft_slo_ms": 1000, "ttft_slo_attainment": 52.69461077844312, "tpot_slo_ms": 50, "tpot_slo_attainment": 100.0, "Latency": {"unit": "s", "min": 0.7161231650970876, "p50": 3.3637218039948493, "p90": 5.037090600118972, "p95": 5.243304654292293, "p99": 6.2188284772588, "max": 9.16345718712546}, "Throughput": {"unit": "tokens/s", "min": 3.282866906060047, "p50": 52.16463750425602, "p90": 70.01220363763598, "p95": 73.35255101315717, "p99": 83.82158512043675, "max": 88.1644343249428}, "TTFT": {"unit": "s", "min": 0.13998723099939525, "p50": 0.9497994175180793, "p90": 2.7560375872533767, "p95": 3.0942854152293875, "p99": 4.033307534425988, "max": 7.597668709000573}, "TPOT": {"unit": "ms", "min": 5.5227206562292475, "p50": 12.691408415072265, "p90": 14.770269837586124, "p95": 15.911758951761223, "p99": 20.035425397625133, "max": 46.95491666724491}, "Input Tokens per Minute": {"unit": "tokens/min", "min": 1283768.938264255, "p50": 1283768.938264255, "p90": 1283768.938264255, "p95": 1283768.938264255, "p99": 1283768.938264255, "max": 1283768.938264255}, "Output Tokens per Minute": {"unit": "tokens/min", "min": 56348.995138712715, "p50": 56348.995138712715, "p90": 56348.995138712715, "p95": 56348.995138712715, "p99": 56348.995138712715, "max": 56348.995138712715}}
{"actual_qps": 5.365237301726584, "success_rate": 100.0, "input_tokens": 4076, "output_tokens": 177, "model": "meta-llama/Llama-3.1-8B-Instruct", "input_tokens_per_minute": 1307274.6539908564, "output_tokens_per_minute": 57074.91128744401, "slo_seconds": 5.0, "slo_attainment": 100.0, "ttft_slo_ms": 1000, "ttft_slo_attainment": 82.20858895705521, "tpot_slo_ms": 50, "tpot_slo_attainment": 100.0, "Latency": {"unit": "s", "min": 0.8169189689215273, "p50": 3.0402074970770627, "p90": 3.7387072703568265, "p95": 3.9129643029882573, "p99": 4.43336107529467, "max": 4.841792754130438}, "Throughput": {"unit": "tokens/s", "min": 12.651809048617896, "p50": 62.01341610260134, "p90": 73.4480766152849, "p95": 77.296434369096, "p99": 84.10437303772721, "max": 86.82281007608935}, "TTFT": {"unit": "s", "min": 0.13385224505327642, "p50": 0.6727804810507223, "p90": 1.1366236434550956, "p95": 1.3178549645235762, "p99": 1.632731567020528, "max": 1.9976860450115055}, "TPOT": {"unit": "ms", "min": 6.71606429386884, "p50": 12.426378927310582, "p90": 14.38535453316442, "p95": 15.205783088253952, "p99": 19.16032153334416, "max": 23.260024417301313}, "Input Tokens per Minute": {"unit": "tokens/min", "min": 1307274.6539908564, "p50": 1307274.6539908564, "p90": 1307274.6539908564, "p95": 1307274.6539908564, "p99": 1307274.6539908564, "max": 1307274.6539908564}, "Output Tokens per Minute": {"unit": "tokens/min", "min": 57074.91128744401, "p50": 57074.91128744401, "p90": 57074.91128744401, "p95": 57074.91128744401, "p99": 57074.91128744401, "max": 57074.91128744401}}
{"actual_qps": 5.645586453038102, "success_rate": 100.0, "input_tokens": 4080, "output_tokens": 174, "model": "meta-llama/Llama-3.1-8B-Instruct", "input_tokens_per_minute": 1408826.1919682506, "output_tokens_per_minute": 60338.58307808148, "slo_seconds": 5.0, "slo_attainment": 100.0, "ttft_slo_ms": 1000, "ttft_slo_attainment": 84.04558404558404, "tpot_slo_ms": 50, "tpot_slo_attainment": 100.0, "Latency": {"unit": "s", "min": 0.6028753151185811, "p50": 3.0971821369603276, "p90": 3.7172657039482147, "p95": 3.9506017004605383, "p99": 4.3532035475363955, "max": 4.485960292862728}, "Throughput": {"unit": "tokens/s", "min": 10.916353090263266, "p50": 59.7487389711953, "p90": 71.98845868487842, "p95": 74.84128708978155, "p99": 80.70567029919316, "max": 84.45075347259224}, "TTFT": {"unit": "s", "min": 0.11559600685723126, "p50": 0.6472404089290649, "p90": 1.096160228131339, "p95": 1.262833522981964, "p99": 1.4988911330001429, "max": 2.743031253805384}, "TPOT": {"unit": "ms", "min": 6.966647359409502, "p50": 13.061405311633445, "p90": 14.81176834160359, "p95": 15.593260936743238, "p99": 18.658249366254655, "max": 24.092390415413927}, "Input Tokens per Minute": {"unit": "tokens/min", "min": 1408826.1919682506, "p50": 1408826.1919682506, "p90": 1408826.1919682506, "p95": 1408826.1919682506, "p99": 1408826.1919682506, "max": 1408826.1919682506}, "Output Tokens per Minute": {"unit": "tokens/min", "min": 60338.58307808148, "p50": 60338.58307808148, "p90": 60338.58307808148, "p95": 60338.58307808148, "p99": 60338.58307808148, "max": 60338.58307808148}}
{"actual_qps": 5.674924579849896, "success_rate": 100.0, "input_tokens": 4147, "output_tokens": 176, "model": "meta-llama/Llama-3.1-8B-Instruct", "input_tokens_per_minute": 1415743.0515317714, "output_tokens_per_minute": 60218.58067951073, "slo_seconds": 5.0, "slo_attainment": 100.0, "ttft_slo_ms": 1000, "ttft_slo_attainment": 93.94812680115274, "tpot_slo_ms": 50, "tpot_slo_attainment": 100.0, "Latency": {"unit": "s", "min": 0.35465076309628785, "p50": 2.8065625741146505, "p90": 3.5311342035885906, "p95": 3.719949379307218, "p99": 4.094488127240912, "max": 4.416129105957225}, "Throughput": {"unit": "tokens/s", "min": 18.242881696112182, "p50": 64.93220376377295, "p90": 80.77087716973712, "p95": 84.53552939283067, "p99": 89.68328813764413, "max": 102.80121922456318}, "TTFT": {"unit": "s", "min": 0.046405386878177524, "p50": 0.40082131582312286, "p90": 0.823366368142888, "p95": 1.0618365763453763, "p99": 1.3427249239198866, "max": 2.0772165530361235}, "TPOT": {"unit": "ms", "min": 9.543200155682674, "p50": 12.769264787969053, "p90": 14.472755664566428, "p95": 15.042574451674694, "p99": 16.34226446662417, "max": 19.113556287872296}, "Input Tokens per Minute": {"unit": "tokens/min", "min": 1415743.0515317714, "p50": 1415743.0515317714, "p90": 1415743.0515317714, "p95": 1415743.0515317714, "p99": 1415743.0515317714, "max": 1415743.0515317714}, "Output Tokens per Minute": {"unit": "tokens/min", "min": 60218.58067951073, "p50": 60218.58067951073, "p90": 60218.58067951073, "p95": 60218.58067951073, "p99": 60218.58067951073, "max": 60218.58067951073}}
{"actual_qps": 6.183299989904181, "success_rate": 100.0, "input_tokens": 3964, "output_tokens": 173, "model": "meta-llama/Llama-3.1-8B-Instruct", "input_tokens_per_minute": 1446694.8177270666, "output_tokens_per_minute": 63484.21972258378, "slo_seconds": 5.0, "slo_attainment": 100.0, "ttft_slo_ms": 1000, "ttft_slo_attainment": 100.0, "tpot_slo_ms": 50, "tpot_slo_attainment": 100.0, "Latency": {"unit": "s", "min": 0.3949767171870917, "p50": 2.8210862521082163, "p90": 3.5122543040197343, "p95": 3.643473474541679, "p99": 3.8720179666066548, "max": 4.1419618430081755}, "Throughput": {"unit": "tokens/s", "min": 21.02908279584425, "p50": 67.24046609467143, "p90": 78.49263817999179, "p95": 80.67589052155407, "p99": 87.85244475904875, "max": 96.12726843158349}, "TTFT": {"unit": "s", "min": 0.06909831310622394, "p50": 0.35381567501462996, "p90": 0.6262309069279581, "p95": 0.7200492030242458, "p99": 0.8163004325702788, "max": 0.9851501400116831}, "TPOT": {"unit": "ms", "min": 8.30770766414288, "p50": 12.842001537347784, "p90": 15.291225373190134, "p95": 15.926379582905515, "p99": 17.56636855597693, "max": 18.172529753035487}, "Input Tokens per Minute": {"unit": "tokens/min", "min": 1446694.8177270666, "p50": 1446694.8177270666, "p90": 1446694.8177270666, "p95": 1446694.8177270666, "p99": 1446694.8177270666, "max": 1446694.8177270666}, "Output Tokens per Minute": {"unit": "tokens/min", "min": 63484.21972258378, "p50": 63484.21972258378, "p90": 63484.21972258378, "p95": 63484.21972258378, "p99": 63484.21972258378, "max": 63484.21972258378}}
{"actual_qps": 5.666648296229336, "success_rate": 100.0, "input_tokens": 3917, "output_tokens": 178, "model": "meta-llama/Llama-3.1-8B-Instruct",