{"actual_qps": 5.049169192052869, "success_rate": 100.0, "input_tokens": 4173, "output_tokens": 179, "model": "meta-llama/Llama-3.1-8B-Instruct", "input_tokens_per_minute": 1194559.9883787334, "output_tokens_per_minute": 51282.18198040138, "slo_seconds": 5.0, "slo_attainment": 97.2508591065292, "ttft_slo_ms": 1000, "ttft_slo_attainment": 75.25773195876289, "tpot_slo_ms": 50, "tpot_slo_attainment": 100.0, "Latency": {"unit": "s", "min": 0.5883722889702767, "p50": 3.1183692538179457, "p90": 4.333156984997913, "p95": 4.67526231741067, "p99": 5.7526424812618675, "max": 8.372565496945754}, "Throughput": {"unit": "tokens/s", "min": 12.163523215676841, "p50": 60.49738506411137, "p90": 73.55889893070587, "p95": 77.95185475684141, "p99": 86.75888023896125, "max": 89.39437570170143}, "TTFT": {"unit": "s", "min": 0.09920576307922602, "p50": 0.6305595568846911, "p90": 1.578351073898375, "p95": 1.9312732195248827, "p99": 3.1847598642343664, "max": 5.190580303082243}, "TPOT": {"unit": "ms", "min": 6.627105663602168, "p50": 13.023799748613905, "p90": 15.293809396902745, "p95": 15.975808770976137, "p99": 17.46936661903269, "max": 22.48806944893052}, "Input Tokens per Minute": {"unit": "tokens/min", "min": 1194559.9883787334, "p50": 1194559.9883787334, "p90": 1194559.9883787334, "p95": 1194559.9883787334, "p99": 1194559.9883787334, "max": 1194559.9883787334}, "Output Tokens per Minute": {"unit": "tokens/min", "min": 51282.18198040138, "p50": 51282.18198040138, "p90": 51282.18198040138, "p95": 51282.18198040138, "p99": 51282.18198040138, "max": 51282.18198040138}}
{"actual_qps": 4.9498784688401845, "success_rate": 100.0, "input_tokens": 3971, "output_tokens": 183, "model": "meta-llama/Llama-3.1-8B-Instruct", "input_tokens_per_minute": 1183633.12723175, "output_tokens_per_minute": 54685.453163096754, "slo_seconds": 5.0, "slo_attainment": 100.0, "ttft_slo_ms": 1000, "ttft_slo_attainment": 92.4092409240924, "tpot_slo_ms": 50, "tpot_slo_attainment": 100.0, "Latency": {"unit": "s", "min": 0.6092641928698868, "p50": 2.9055775289889425, "p90": 3.546486542839557, "p95": 3.7535148259485136, "p99": 4.046245030909777, "max": 4.659799654968083}, "Throughput": {"unit": "tokens/s", "min": 24.439353825582497, "p50": 65.70309730488667, "p90": 78.2961251513154, "p95": 81.71857733970695, "p99": 88.48491943491558, "max": 93.9559943793928}, "TTFT": {"unit": "s", "min": 0.07293472997844219, "p50": 0.5124343289062381, "p90": 0.9223178948741406, "p95": 1.0524629456456749, "p99": 1.3820031787967324, "max": 1.7132887069601566}, "TPOT": {"unit": "ms", "min": 8.893500566482544, "p50": 12.317422749334243, "p90": 14.269883673559484, "p95": 14.955272595179387, "p99": 15.951024113204243, "max": 16.65039720182218}, "Input Tokens per Minute": {"unit": "tokens/min", "min": 1183633.12723175, "p50": 1183633.12723175, "p90": 1183633.12723175, "p95": 1183633.12723175, "p99": 1183633.12723175, "max": 1183633.12723175}, "Output Tokens per Minute": {"unit": "tokens/min", "min": 54685.453163096754, "p50": 54685.453163096754, "p90": 54685.453163096754, "p95": 54685.453163096754, "p99": 54685.453163096754, "max": 54685.453163096754}}
{"actual_qps": 5.2960830530773375, "success_rate": 100.0, "input_tokens": 4170, "output_tokens": 176, "model": "meta-llama/Llama-3.1-8B-Instruct", "input_tokens_per_minute": 1279906.3575265065, "output_tokens_per_minute": 54232.01154020006, "slo_seconds": 5.0, "slo_attainment": 100.0, "ttft_slo_ms": 1000, "ttft_slo_attainment": 86.21794871794873, "tpot_slo_ms": 50, "tpot_slo_attainment": 100.0, "Latency": {"unit": "s", "min": 0.5448752399533987, "p50": 3.042479782481678, "p90": 3.7131756859133027, "p95": 3.940277551254257, "p99": 4.31116289509926, "max": 4.721324563957751}, "Throughput": {"unit": "tokens/s", "min": 19.658908726948745, "p50": 61.187738561444206, "p90": 74.10755745954987, "p95": 77.7617959125231, "p99": 82.68547399173478, "max": 87.84635061397464}, "TTFT": {"unit": "s", "min": 0.1410537150222808, "p50": 0.5860818050568923, "p90": 1.0654412816511476, "p95": 1.2930824278504585, "p99": 1.8606200641416928, "max": 2.0427150651812553}, "TPOT": {"unit": "ms", "min": 9.661228723599384, "p50": 12.838435960095843, "p90": 14.809542239029549, "p95": 15.428667587214496, "p99": 17.287678062789567, "max": 24.128303788269736}, "Input Tokens per Minute": {"unit": "tokens/min", "min": 1279906.3575265065, "p50": 1279906.3575265065, "p90": 1279906.3575265065, "p95": 1279906.3575265065, "p99": 1279906.3575265065, "max": 1279906.3575265065}, "Output Tokens per Minute": {"unit": "tokens/min", "min": 54232.01154020006, "p50": 54232.01154020006, "p90": 54232.01154020006, "p95": 54232.01154020006, "p99": 54232.01154020006, "max": 54232.01154020006}}
{"actual_qps": 4.891135622021172, "success_rate": 100.0, "input_tokens": 4149, "output_tokens": 177, "model": "meta-llama/Llama-3.1-8B-Instruct", "input_tokens_per_minute": 1171465.94095142, "output_tokens_per_minute": 50058.578121651946, "slo_seconds": 5.0, "slo_attainment": 100.0, "ttft_slo_ms": 1000, "ttft_slo_attainment": 94.07665505226481, "tpot_slo_ms": 50, "tpot_slo_attainment": 100.0, "Latency": {"unit": "s", "min": 0.43665501615032554, "p50": 2.9542094769421965, "p90": 3.734284837730229, "p95": 3.8471227464266122, "p99": 4.3323635234869995, "max": 4.885048675816506}, "Throughput": {"unit": "tokens/s", "min": 22.253137132477704, "p50": 62.079918041854405, "p90": 77.05368893820257, "p95": 82.29673017166031, "p99": 90.98336602703951, "max": 99.1366413038588}, "TTFT": {"unit": "s", "min": 0.0829299979377538, "p50": 0.5362619441002607, "p90": 0.8830303554888819, "p95": 1.0150697529083117, "p99": 1.5612800021143627, "max": 1.638626511907205}, "TPOT": {"unit": "ms", "min": 8.376043965108693, "p50": 12.729312879403107, "p90": 14.938782672889193, "p95": 15.366736523474767, "p99": 17.392897638702884, "max": 22.331973537802696}, "Input Tokens per Minute": {"unit": "tokens/min", "min": 1171465.94095142, "p50": 1171465.94095142, "p90": 1171465.94095142, "p95": 1171465.94095142, "p99": 1171465.94095142, "max": 1171465.94095142}, "Output Tokens per Minute": {"unit": "tokens/min", "min": 50058.578121651946, "p50": 50058.578121651946, "p90": 50058.578121651946, "p95": 50058.578121651946, "p99": 50058.578121651946, "max": 50058.578121651946}}
{"actual_qps": 5.049970555468819, "success_rate": 100.0, "input_tokens": 3950, "output_tokens": 176, "model": "meta-llama/Llama-3.1-8B-Instruct", "input_tokens_per_minute": 1235623.5043715562, "output_tokens_per_minute": 55161.51768691889, "slo_seconds": 5.0, "slo_attainment": 100.0, "ttft_slo_ms": 1000, "ttft_slo_attainment": 97.16981132075472, "tpot_slo_ms": 50, "tpot_slo_attainment": 100.0, "Latency": {"unit": "s", "min": 0.372459446080029, "p50": 2.938048251438886, "p90": 3.5838718725601213, "p95": 3.7276527834706936, "p99": 4.031174134430476, "max": 4.2471389239653945}, "Throughput": {"unit": "tokens/s", "min": 16.87148597709906, "p50": 62.25326712367158, "p90": 77.31936835306554, "p95": 80.46117320978685, "p99": 85.1127926534448, "max": 94.68196762619719}, "TTFT": {"unit": "s", "min": 0.07516726013273001, "p50": 0.45394329098053277, "p90": 0.8118552595376969, "p95": 0.8725255520083005, "p99": 1.092496189193334, "max": 1.1199895618483424}, "TPOT": {"unit": "ms", "min": 9.364827922545373, "p50": 13.022849473106753, "p90": 15.072120966427216, "p95": 15.686006998425658, "p99": 17.908692112607476, "max": 18.239661689911937}, "Input Tokens per Minute": {"unit": "tokens/min", "min": 1235623.5043715562, "p50": 1235623.5043715562, "p90": 1235623.5043715562, "p95": 1235623.5043715562, "p99": 1235623.5043715562, "max": 1235623.5043715562}, "Output Tokens per Minute": {"unit": "tokens/min", "min": 55161.51768691889, "p50": 55161.51768691889, "p90": 55161.51768691889, "p95": 55161.51768691889, "p99": 55161.51768691889, "max": 55161.51768691889}}
{"actual_qps": 4.999974858045187, "success_rate": 100.0, "input_tokens": 4078, "output_tokens": 176, "model": "meta-llama/Llama-3.1-8B-Instruct",