{"actual_qps": 5.41448854635377, "success_rate": 100.0, "input_tokens": 4118, "output_tokens": 180, "model": "meta-llama/Llama-3.1-8B-Instruct", "input_tokens_per_minute": 1268897.2042675617, "output_tokens_per_minute": 55504.41431490398, "slo_seconds": 5.0, "slo_attainment": 98.08306709265176, "ttft_slo_ms": 1000, "ttft_slo_attainment": 64.85623003194888, "tpot_slo_ms": 50, "tpot_slo_attainment": 100.0, "Latency": {"unit": "s", "min": 0.5178116820752621, "p50": 3.2342426208779216, "p90": 4.485880228411406, "p95": 4.605323035875335, "p99": 5.394122683806344, "max": 8.836936061969027}, "Throughput": {"unit": "tokens/s", "min": 6.364807071225729, "p50": 58.57511342203102, "p90": 73.06963328152642, "p95": 78.86480318848331, "p99": 92.17468341483601, "max": 98.51207140368209}, "TTFT": {"unit": "s", "min": 0.1868502302095294, "p50": 0.7989474500063807, "p90": 1.941074773203582, "p95": 2.34467454967089, "p99": 2.904706015428528, "max": 6.439756900072098}, "TPOT": {"unit": "ms", "min": 8.644198804588324, "p50": 12.28323071404131, "p90": 15.092909518431652, "p95": 16.15434329301369, "p99": 20.59633684102707, "max": 35.35113772118671}, "Input Tokens per Minute": {"unit": "tokens/min", "min": 1268897.2042675617, "p50": 1268897.2042675617, "p90": 1268897.2042675617, "p95": 1268897.2042675617, "p99": 1268897.2042675617, "max": 1268897.2042675617}, "Output Tokens per Minute": {"unit": "tokens/min", "min": 55504.41431490398, "p50": 55504.41431490398, "p90": 55504.41431490398, "p95": 55504.41431490398, "p99": 55504.41431490398, "max": 55504.41431490398}}
{"actual_qps": 5.538960825557437, "success_rate": 100.0, "input_tokens": 3906, "output_tokens": 179, "model": "meta-llama/Llama-3.1-8B-Instruct", "input_tokens_per_minute": 1279163.6800642991, "output_tokens_per_minute": 58700.858031941636, "slo_seconds": 5.0, "slo_attainment": 100.0, "ttft_slo_ms": 1000, "ttft_slo_attainment": 90.69069069069069, "tpot_slo_ms": 50, "tpot_slo_attainment": 100.0, "Latency": {"unit": "s", "min": 0.4831171939149499, "p50": 3.026888333959505, "p90": 3.6109033695887773, "p95": 3.7952657275367527, "p99": 4.192071629837156, "max": 4.599663290893659}, "Throughput": {"unit": "tokens/s", "min": 11.069019171217592, "p50": 63.790021945257976, "p90": 76.15784550278207, "p95": 79.44512364418861, "p99": 85.84737512783852, "max": 97.46741241153131}, "TTFT": {"unit": "s", "min": 0.05767396790906787, "p50": 0.5728289450053126, "p90": 0.9861703520175072, "p95": 1.2220904495101417, "p99": 1.7552304042410105, "max": 2.156350089935586}, "TPOT": {"unit": "ms", "min": 5.1096305483952165, "p50": 12.532747220762785, "p90": 14.385104992969145, "p95": 14.894165120600805, "p99": 17.39472468423417, "max": 19.128453387464916}, "Input Tokens per Minute": {"unit": "tokens/min", "min": 1279163.6800642991, "p50": 1279163.6800642991, "p90": 1279163.6800642991, "p95": 1279163.6800642991, "p99": 1279163.6800642991, "max": 1279163.6800642991}, "Output Tokens per Minute": {"unit": "tokens/min", "min": 58700.858031941636, "p50": 58700.858031941636, "p90": 58700.858031941636, "p95": 58700.858031941636, "p99": 58700.858031941636, "max": 58700.858031941636}}
{"actual_qps": 5.469310150800421, "success_rate": 100.0, "input_tokens": 4076, "output_tokens": 179, "model": "meta-llama/Llama-3.1-8B-Instruct", "input_tokens_per_minute": 1357608.8683153747, "output_tokens_per_minute": 59748.44710607339, "slo_seconds": 5.0, "slo_attainment": 99.70501474926253, "ttft_slo_ms": 1000, "ttft_slo_attainment": 79.35103244837758, "tpot_slo_ms": 50, "tpot_slo_attainment": 100.0, "Latency": {"unit": "s", "min": 0.5971105170901865, "p50": 3.1061614418867975, "p90": 3.924657543282956, "p95": 4.11591125910636, "p99": 4.787979987831787, "max": 5.060870975954458}, "Throughput": {"unit": "tokens/s", "min": 11.502227083789855, "p50": 60.216652106931086, "p90": 72.47617664904533, "p95": 77.16439248430942, "p99": 83.49916938379116, "max": 89.76939865776586}, "TTFT": {"unit": "s", "min": 0.1284709160681814, "p50": 0.6476966692134738, "p90": 1.2120028593577439, "p95": 1.391434148396365, "p99": 1.9455214473139497, "max": 2.2567190430127084}, "TPOT": {"unit": "ms", "min": 8.674738756583436, "p50": 12.963722210761215, "p90": 15.171557506686778, "p95": 15.700197846092864, "p99": 18.994518926877902, "max": 30.698553503801424}, "Input Tokens per Minute": {"unit": "tokens/min", "min": 1357608.8683153747, "p50": 1357608.8683153747, "p90": 1357608.8683153747, "p95": 1357608.8683153747, "p99": 1357608.8683153747, "max": 1357608.8683153747}, "Output Tokens per Minute": {"unit": "tokens/min", "min": 59748.44710607339, "p50": 59748.44710607339, "p90": 59748.44710607339, "p95": 59748.44710607339, "p99": 59748.44710607339, "max": 59748.44710607339}}
{"actual_qps": 5.736580246853415, "success_rate": 100.0, "input_tokens": 3929, "output_tokens": 179, "model": "meta-llama/Llama-3.1-8B-Instruct", "input_tokens_per_minute": 1335993.6305936484, "output_tokens_per_minute": 60860.64933793676, "slo_seconds": 5.0, "slo_attainment": 100.0, "ttft_slo_ms": 1000, "ttft_slo_attainment": 94.79768786127167, "tpot_slo_ms": 50, "tpot_slo_attainment": 100.0, "Latency": {"unit": "s", "min": 0.39143707999028265, "p50": 2.858152532018721, "p90": 3.5929068324621767, "p95": 3.7520810951828025, "p99": 4.087393959774636, "max": 4.555628075962886}, "Throughput": {"unit": "tokens/s", "min": 15.024926644053922, "p50": 65.71120012336644, "p90": 79.20631089091921, "p95": 82.4288021898826, "p99": 89.86596288163437, "max": 94.5234927690512}, "TTFT": {"unit": "s", "min": 0.049951461143791676, "p50": 0.44081222906243056, "p90": 0.9000076910015196, "p95": 0.9914579052710906, "p99": 1.3402061979635622, "max": 1.5855339330155402}, "TPOT": {"unit": "ms", "min": 8.253467502072453, "p50": 12.816830321177653, "p90": 14.760956406489777, "p95": 15.28890855053449, "p99": 17.079586933592942, "max": 23.972611245699227}, "Input Tokens per Minute": {"unit": "tokens/min", "min": 1335993.6305936484, "p50": 1335993.6305936484, "p90": 1335993.6305936484, "p95": 1335993.6305936484, "p99": 1335993.6305936484, "max": 1335993.6305936484}, "Output Tokens per Minute": {"unit": "tokens/min", "min": 60860.64933793676, "p50": 60860.64933793676, "p90": 60860.64933793676, "p95": 60860.64933793676, "p99": 60860.64933793676, "max": 60860.64933793676}}
{"actual_qps": 5.836066398949941, "success_rate": 100.0, "input_tokens": 4154, "output_tokens": 170, "model": "meta-llama/Llama-3.1-8B-Instruct", "input_tokens_per_minute": 1453057.8280512954, "output_tokens_per_minute": 59792.660092322374, "slo_seconds": 5.0, "slo_attainment": 100.0, "ttft_slo_ms": 1000, "ttft_slo_attainment": 99.43820224719101, "tpot_slo_ms": 50, "tpot_slo_attainment": 100.0, "Latency": {"unit": "s", "min": 0.41991728404536843, "p50": 2.8487251683836803, "p90": 3.56269746448379, "p95": 3.7163087048684247, "p99": 3.9955471994355314, "max": 4.179892180953175}, "Throughput": {"unit": "tokens/s", "min": 24.05374204570488, "p50": 64.11851089469783, "p90": 77.64299874451824, "p95": 81.41965365637365, "p99": 95.39126019239215, "max": 101.5412253238339}, "TTFT": {"unit": "s", "min": 0.06376823480241, "p50": 0.37843543000053614, "p90": 0.6859608604572713, "p95": 0.761993306572549, "p99": 0.9511937748873601, "max": 1.0595382009632885}, "TPOT": {"unit": "ms", "min": 8.964282067370464, "p50": 13.208920615989285, "p90": 15.704521932171183, "p95": 16.34196944221218, "p99": 17.667485652324306, "max": 21.878506061529706}, "Input Tokens per Minute": {"unit": "tokens/min", "min": 1453057.8280512954, "p50": 1453057.8280512954, "p90": 1453057.8280512954, "p95": 1453057.8280512954, "p99": 1453057.8280512954, "max": 1453057.8280512954}, "Output Tokens per Minute": {"unit": "tokens/min", "min": 59792.660092322374, "p50": 59792.660092322374, "p90": 59792.660092322374, "p95": 59792.660092322374, "p99": 59792.660092322374, "max": 59792.660092322374}}
{"actual_qps": 5.819685329813237, "success_rate": 100.0, "input_tokens": 4005, "output_tokens": 176, "model": "meta-llama/Llama-3.1-8B-Instruct",