{"actual_qps": 5.646530979187551, "success_rate": 100.0, "input_tokens": 4280, "output_tokens": 180, "model": "meta-llama/Llama-3.1-8B-Instruct", "input_tokens_per_minute": 1353092.3348701608, "output_tokens_per_minute": 57034.23061669713, "slo_seconds": 5.0, "slo_attainment": 81.61993769470405, "ttft_slo_ms": 1000, "ttft_slo_attainment": 51.71339563862928, "tpot_slo_ms": 50, "tpot_slo_attainment": 100.0, "Latency": {"unit": "s", "min": 0.6602063078898937, "p50": 3.4246026361361146, "p90": 5.473948641913012, "p95": 5.783000134862959, "p99": 7.555638211173943, "max": 12.815718812867999}, "Throughput": {"unit": "tokens/s", "min": 5.272947149782085, "p50": 55.490674872793164, "p90": 78.89891959698626, "p95": 83.307292497382, "p99": 91.76281239511795, "max": 94.1007022924397}, "TTFT": {"unit": "s", "min": 0.10326053202152252, "p50": 0.9547628369182348, "p90": 3.2861520119477063, "p95": 3.7329546289984137, "p99": 5.722046467475596, "max": 9.567038452019915}, "TPOT": {"unit": "ms", "min": 4.1813959844934585, "p50": 11.750228989672795, "p90": 14.928415660203123, "p95": 16.3238455223191, "p99": 20.44428748023861, "max": 26.234763441607356}, "Input Tokens per Minute": {"unit": "tokens/min", "min": 1353092.3348701608, "p50": 1353092.3348701608, "p90": 1353092.3348701608, "p95": 1353092.3348701608, "p99": 1353092.3348701608, "max": 1353092.3348701608}, "Output Tokens per Minute": {"unit": "tokens/min", "min": 57034.23061669713, "p50": 57034.23061669713, "p90": 57034.23061669713, "p95": 57034.23061669713, "p99": 57034.23061669713, "max": 57034.23061669713}}
{"actual_qps": 4.595139654179958, "success_rate": 100.0, "input_tokens": 4258, "output_tokens": 172, "model": "meta-llama/Llama-3.1-8B-Instruct", "input_tokens_per_minute": 1215930.0788446502, "output_tokens_per_minute": 49231.66980636204, "slo_seconds": 5.0, "slo_attainment": 100.0, "ttft_slo_ms": 1000, "ttft_slo_attainment": 90.6896551724138, "tpot_slo_ms": 50, "tpot_slo_attainment": 100.0, "Latency": {"unit": "s", "min": 0.4009892188478261, "p50": 2.9252299841027707, "p90": 3.4948949466692287, "p95": 3.704827791231219, "p99": 4.716749173153658, "max": 4.886793539160863}, "Throughput": {"unit": "tokens/s", "min": 12.065468607638632, "p50": 64.37466352786896, "p90": 76.31783030269149, "p95": 79.8089595826897, "p99": 86.76611854256033, "max": 88.72887110224774}, "TTFT": {"unit": "s", "min": 0.11173371784389019, "p50": 0.48853497905656695, "p90": 0.9639461698010564, "p95": 1.2158346423646436, "p99": 1.652132925807966, "max": 2.6415416069794446}, "TPOT": {"unit": "ms", "min": 7.740079945720294, "p50": 12.55926945955778, "p90": 14.492402430015368, "p95": 15.478634914186738, "p99": 16.914098128462797, "max": 20.032095789377177}, "Input Tokens per Minute": {"unit": "tokens/min", "min": 1215930.0788446502, "p50": 1215930.0788446502, "p90": 1215930.0788446502, "p95": 1215930.0788446502, "p99": 1215930.0788446502, "max": 1215930.0788446502}, "Output Tokens per Minute": {"unit": "tokens/min", "min": 49231.66980636204, "p50": 49231.66980636204, "p90": 49231.66980636204, "p95": 49231.66980636204, "p99": 49231.66980636204, "max": 49231.66980636204}}
{"actual_qps": 4.747980143477622, "success_rate": 100.0, "input_tokens": 4256, "output_tokens": 183, "model": "meta-llama/Llama-3.1-8B-Instruct", "input_tokens_per_minute": 1195854.4393702284, "output_tokens_per_minute": 51557.17031385093, "slo_seconds": 5.0, "slo_attainment": 99.65034965034964, "ttft_slo_ms": 1000, "ttft_slo_attainment": 88.46153846153845, "tpot_slo_ms": 50, "tpot_slo_attainment": 100.0, "Latency": {"unit": "s", "min": 0.47442164504900575, "p50": 2.990158493979834, "p90": 3.668571711052209, "p95": 3.9103212230838835, "p99": 4.2376759047154335, "max": 5.26869458402507}, "Throughput": {"unit": "tokens/s", "min": 14.548501133491838, "p50": 63.03587818980968, "p90": 75.90819746722343, "p95": 80.07519926412822, "p99": 86.08122035996024, "max": 87.97770195109335}, "TTFT": {"unit": "s", "min": 0.13389148702844977, "p50": 0.5418763168854639, "p90": 1.054275484988466, "p95": 1.3242933177971281, "p99": 1.7022222292260247, "max": 2.3130248598754406}, "TPOT": {"unit": "ms", "min": 5.280666826625487, "p50": 12.58582088466846, "p90": 14.628996239288856, "p95": 15.079190290589166, "p99": 16.434288733372718, "max": 18.491477294660665}, "Input Tokens per Minute": {"unit": "tokens/min", "min": 1195854.4393702284, "p50": 1195854.4393702284, "p90": 1195854.4393702284, "p95": 1195854.4393702284, "p99": 1195854.4393702284, "max": 1195854.4393702284}, "Output Tokens per Minute": {"unit": "tokens/min", "min": 51557.17031385093, "p50": 51557.17031385093, "p90": 51557.17031385093, "p95": 51557.17031385093, "p99": 51557.17031385093, "max": 51557.17031385093}}
{"actual_qps": 4.763159959371962, "success_rate": 100.0, "input_tokens": 4313, "output_tokens": 185, "model": "meta-llama/Llama-3.1-8B-Instruct", "input_tokens_per_minute": 1245857.5466660832, "output_tokens_per_minute": 53613.20943942997, "slo_seconds": 5.0, "slo_attainment": 100.0, "ttft_slo_ms": 1000, "ttft_slo_attainment": 93.5374149659864, "tpot_slo_ms": 50, "tpot_slo_attainment": 100.0, "Latency": {"unit": "s", "min": 0.4046102340798825, "p50": 2.7606808049604297, "p90": 3.392300494480878, "p95": 3.752900730608962, "p99": 4.304237273463513, "max": 4.559422049904242}, "Throughput": {"unit": "tokens/s", "min": 11.027316573819242, "p50": 69.5472242060954, "p90": 81.68098502008185, "p95": 85.0762005712324, "p99": 91.06718898122416, "max": 94.09209300215}, "TTFT": {"unit": "s", "min": 0.04114147392101586, "p50": 0.3138611289905384, "p90": 0.8386242878623306, "p95": 1.1239962657680727, "p99": 1.5064877470582718, "max": 1.7666723288130015}, "TPOT": {"unit": "ms", "min": 9.831410764223513, "p50": 12.540629349447713, "p90": 14.395396358768771, "p95": 15.01739978233637, "p99": 15.94127310776905, "max": 28.847283355015165}, "Input Tokens per Minute": {"unit": "tokens/min", "min": 1245857.5466660832, "p50": 1245857.5466660832, "p90": 1245857.5466660832, "p95": 1245857.5466660832, "p99": 1245857.5466660832, "max": 1245857.5466660832}, "Output Tokens per Minute": {"unit": "tokens/min", "min": 53613.20943942997, "p50": 53613.20943942997, "p90": 53613.20943942997, "p95": 53613.20943942997, "p99": 53613.20943942997, "max": 53613.20943942997}}
{"actual_qps": 5.516617851205706, "success_rate": 100.0, "input_tokens": 4154, "output_tokens": 182, "model": "meta-llama/Llama-3.1-8B-Instruct", "input_tokens_per_minute": 1318257.040022175, "output_tokens_per_minute": 57897.19731647257, "slo_seconds": 5.0, "slo_attainment": 100.0, "ttft_slo_ms": 1000, "ttft_slo_attainment": 100.0, "tpot_slo_ms": 50, "tpot_slo_attainment": 100.0, "Latency": {"unit": "s", "min": 0.363669560989365, "p50": 2.8151857450138777, "p90": 3.4512990484014154, "p95": 3.53283745420631, "p99": 3.7971915258886275, "max": 4.020634602988139}, "Throughput": {"unit": "tokens/s", "min": 29.842428100129297, "p50": 68.0359175819396, "p90": 79.8209817616129, "p95": 83.14517381579513, "p99": 91.44545983740394, "max": 99.29336073723343}, "TTFT": {"unit": "s", "min": 0.037887486862018704, "p50": 0.26533230813220143, "p90": 0.49113235902041197, "p95": 0.5344777814112602, "p99": 0.606010908447206, "max": 0.6969886620063335}, "TPOT": {"unit": "ms", "min": 8.36202869605687, "p50": 13.330581000112184, "p90": 15.690148844566178, "p95": 16.19857230864877, "p99": 17.13324019409266, "max": 18.70008573982201}, "Input Tokens per Minute": {"unit": "tokens/min", "min": 1318257.040022175, "p50": 1318257.040022175, "p90": 1318257.040022175, "p95": 1318257.040022175, "p99": 1318257.040022175, "max": 1318257.040022175}, "Output Tokens per Minute": {"unit": "tokens/min", "min": 57897.19731647257, "p50": 57897.19731647257, "p90": 57897.19731647257, "p95": 57897.19731647257, "p99": 57897.19731647257, "max": 57897.19731647257}}
{"actual_qps": 4.67212254846601, "success_rate": 100.0, "input_tokens": 4131, "output_tokens": 180, "model": "meta-llama/Llama-3.1-8B-Instruct",