{"actual_qps": 6.389484673313263, "success_rate": 100.0, "input_tokens": 3960, "output_tokens": 174, "model": "meta-llama/Llama-3.1-8B-Instruct", "input_tokens_per_minute": 1369293.3121710604, "output_tokens_per_minute": 60310.79160940436, "slo_seconds": 5.0, "slo_attainment": 64.75644699140402, "ttft_slo_ms": 1000, "ttft_slo_attainment": 32.95128939828081, "tpot_slo_ms": 50, "tpot_slo_attainment": 99.7134670487106, "Latency": {"unit": "s", "min": 1.0372864969540387, "p50": 4.401478729909286, "p90": 6.123785453708842, "p95": 7.008744957670569, "p99": 8.789685986777757, "max": 9.51022570906207}, "Throughput": {"unit": "tokens/s", "min": 2.5872824536296903, "p50": 39.888188190314075, "p90": 59.091754719084626, "p95": 67.28242439725288, "p99": 81.53220578534405, "max": 106.70576150407425}, "TTFT": {"unit": "s", "min": 0.16470505320467055, "p50": 1.280014734948054, "p90": 2.4537990265525877, "p95": 2.81182652101852, "p99": 4.187902215551583, "max": 6.668716785963625}, "TPOT": {"unit": "ms", "min": 7.8210452906132195, "p50": 16.933375949639096, "p90": 24.777815907337573, "p95": 28.832337639189817, "p99": 41.68968010062062, "max": 57.85263965235037}, "Input Tokens per Minute": {"unit": "tokens/min", "min": 1369293.3121710604, "p50": 1369293.3121710604, "p90": 1369293.3121710604, "p95": 1369293.3121710604, "p99": 1369293.3121710604, "max": 1369293.3121710604}, "Output Tokens per Minute": {"unit": "tokens/min", "min": 60310.79160940436, "p50": 60310.79160940436, "p90": 60310.79160940436, "p95": 60310.79160940436, "p99": 60310.79160940436, "max": 60310.79160940436}}
{"actual_qps": 5.319061661548481, "success_rate": 100.0, "input_tokens": 3831, "output_tokens": 176, "model": "meta-llama/Llama-3.1-8B-Instruct", "input_tokens_per_minute": 973611.8816554409, "output_tokens_per_minute": 44739.21864213556, "slo_seconds": 5.0, "slo_attainment": 11.24031007751938, "ttft_slo_ms": 1000, "ttft_slo_attainment": 3.875968992248062, "tpot_slo_ms": 50, "tpot_slo_attainment": 72.86821705426357, "Latency": {"unit": "s", "min": 3.0555391509551555, "p50": 11.224101745523512, "p90": 20.122326288651678, "p95": 23.28661602322245, "p99": 26.81421800691868, "max": 27.886858026031405}, "Throughput": {"unit": "tokens/s", "min": 1.3420995056647569, "p50": 15.515643156089968, "p90": 38.00927375464678, "p95": 42.831118708610916, "p99": 50.443237251789526, "max": 53.176529642621276}, "TTFT": {"unit": "s", "min": 0.4897013648878783, "p50": 4.090911248000339, "p90": 11.18443823659327, "p95": 12.748739031306462, "p99": 16.127255848159553, "max": 18.781553871929646}, "TPOT": {"unit": "ms", "min": 1.9535822665141005, "p50": 40.321763095755735, "p90": 60.88417313122011, "p95": 69.22515033956044, "p99": 84.11331266164785, "max": 113.3440369410873}, "Input Tokens per Minute": {"unit": "tokens/min", "min": 973611.8816554409, "p50": 973611.8816554409, "p90": 973611.8816554409, "p95": 973611.8816554409, "p99": 973611.8816554409, "max": 973611.8816554409}, "Output Tokens per Minute": {"unit": "tokens/min", "min": 44739.21864213556, "p50": 44739.21864213556, "p90": 44739.21864213556, "p95": 44739.21864213556, "p99": 44739.21864213556, "max": 44739.21864213556}}
{"actual_qps": 5.4282936414646965, "success_rate": 100.0, "input_tokens": 4096, "output_tokens": 180, "model": "meta-llama/Llama-3.1-8B-Instruct", "input_tokens_per_minute": 1214516.1243526468, "output_tokens_per_minute": 53505.8202695025, "slo_seconds": 5.0, "slo_attainment": 0.33222591362126247, "ttft_slo_ms": 1000, "ttft_slo_attainment": 0.0, "tpot_slo_ms": 50, "tpot_slo_attainment": 29.900332225913623, "Latency": {"unit": "s", "min": 2.2305125209968537, "p50": 23.848262591985986, "p90": 32.22625237307511, "p95": 34.942639981163666, "p99": 38.65613049105741, "max": 40.59855363308452}, "Throughput": {"unit": "tokens/s", "min": 0.9555770305185578, "p50": 7.695328381639729, "p90": 12.966574466997997, "p95": 14.09961810247029, "p99": 17.556020832600236, "max": 21.09760121339189}, "TTFT": {"unit": "s", "min": 1.7180685990024358, "p50": 14.198433263925835, "p90": 19.539301906945184, "p95": 22.23658485803753, "p99": 29.899432115023956, "max": 36.08980308403261}, "TPOT": {"unit": "ms", "min": 5.543556884539562, "p50": 57.74588894974159, "p90": 79.5876008596496, "p95": 87.60552099233286, "p99": 143.24532985706261, "max": 197.8721091770293}, "Input Tokens per Minute": {"unit": "tokens/min", "min": 1214516.1243526468, "p50": 1214516.1243526468, "p90": 1214516.1243526468, "p95": 1214516.1243526468, "p99": 1214516.1243526468, "max": 1214516.1243526468}, "Output Tokens per Minute": {"unit": "tokens/min", "min": 53505.8202695025, "p50": 53505.8202695025, "p90": 53505.8202695025, "p95": 53505.8202695025, "p99": 53505.8202695025, "max": 53505.8202695025}}
{"actual_qps": 5.7130361047942255, "success_rate": 100.0, "input_tokens": 4086, "output_tokens": 175, "model": "meta-llama/Llama-3.1-8B-Instruct", "input_tokens_per_minute": 1348380.9313912834, "output_tokens_per_minute": 57869.11571666565, "slo_seconds": 5.0, "slo_attainment": 0.2985074626865672, "ttft_slo_ms": 1000, "ttft_slo_attainment": 1.4925373134328357, "tpot_slo_ms": 50, "tpot_slo_attainment": 39.1044776119403, "Latency": {"unit": "s", "min": 0.6078341009560972, "p50": 24.639516833005473, "p90": 31.104003172181546, "p95": 32.12473177118227, "p99": 33.931852867230795, "max": 36.61931368196383}, "Throughput": {"unit": "tokens/s", "min": 1.2145573246620207, "p50": 7.45266850439297, "p90": 11.802826166524394, "p95": 15.122274852107248, "p99": 18.82848885281138, "max": 32.90371495863896}, "TTFT": {"unit": "s", "min": 0.3954721628688276, "p50": 15.47821518802084, "p90": 18.11186565994285, "p95": 19.01064990060404, "p99": 20.405835561407734, "max": 21.00526351411827}, "TPOT": {"unit": "ms", "min": 7.347298512263364, "p50": 52.317162286537005, "p90": 74.21278418860769, "p95": 81.66284624022055, "p99": 111.31673444547548, "max": 148.29271480751535}, "Input Tokens per Minute": {"unit": "tokens/min", "min": 1348380.9313912834, "p50": 1348380.9313912834, "p90": 1348380.9313912834, "p95": 1348380.9313912834, "p99": 1348380.9313912834, "max": 1348380.9313912834}, "Output Tokens per Minute": {"unit": "tokens/min", "min": 57869.11571666565, "p50": 57869.11571666565, "p90": 57869.11571666565, "p95": 57869.11571666565, "p99": 57869.11571666565, "max": 57869.11571666565}}
{"actual_qps": 5.45893755779963, "success_rate": 100.0, "input_tokens": 3859, "output_tokens": 179, "model": "meta-llama/Llama-3.1-8B-Instruct", "input_tokens_per_minute": 1188112.6778500942, "output_tokens_per_minute": 55211.00594493853, "slo_seconds": 5.0, "slo_attainment": 0.9584664536741214, "ttft_slo_ms": 1000, "ttft_slo_attainment": 2.2364217252396164, "tpot_slo_ms": 50, "tpot_slo_attainment": 42.49201277955272, "Latency": {"unit": "s", "min": 1.6657746899873018, "p50": 24.899016644107178, "p90": 30.18498026402667, "p95": 31.523048633011054, "p99": 32.48674884061329, "max": 33.431765554938465}, "Throughput": {"unit": "tokens/s", "min": 1.0557404975727938, "p50": 7.483541996030886, "p90": 11.859560512932541, "p95": 15.736979319232459, "p99": 31.570068812973812, "max": 51.55916539605817}, "TTFT": {"unit": "s", "min": 0.668046013917774, "p50": 15.320637724129483, "p90": 18.302017186954618, "p95": 18.8916000535246, "p99": 19.752541939774527, "max": 22.137059940956533}, "TPOT": {"unit": "ms", "min": 9.200395472188616, "p50": 52.49360290255543, "p90": 77.17923497753078, "p95": 85.01662901537163, "p99": 162.11440700011602, "max": 311.3250146510408}, "Input Tokens per Minute": {"unit": "tokens/min", "min": 1188112.6778500942, "p50": 1188112.6778500942, "p90": 1188112.6778500942, "p95": 1188112.6778500942, "p99": 1188112.6778500942, "max": 1188112.6778500942}, "Output Tokens per Minute": {"unit": "tokens/min", "min": 55211.00594493853, "p50": 55211.00594493853, "p90": 55211.00594493853, "p95": 55211.00594493853, "p99": 55211.00594493853, "max": 55211.00594493853}}
{"actual_qps": 5.164058518715143, "success_rate": 100.0, "input_tokens": 4122,