{"actual_qps": 5.609413342369117, "success_rate": 100.0, "input_tokens": 3984, "output_tokens": 183, "model": "meta-llama/Llama-3.1-8B-Instruct", "input_tokens_per_minute": 1146676.2754470948, "output_tokens_per_minute": 52793.87325427246, "slo_seconds": 5.0, "slo_attainment": 40.13840830449827, "ttft_slo_ms": 1000, "ttft_slo_attainment": 19.72318339100346, "tpot_slo_ms": 50, "tpot_slo_attainment": 98.6159169550173, "Latency": {"unit": "s", "min": 0.9119663478340954, "p50": 5.434187394101173, "p90": 8.670527430111541, "p95": 10.715105216903599, "p99": 13.681980831241239, "max": 17.455098418984562}, "Throughput": {"unit": "tokens/s", "min": 6.574083843482284, "p50": 34.042980105330045, "p90": 47.996283716865946, "p95": 51.08875553138934, "p99": 57.32239115579684, "max": 58.37674358788619}, "TTFT": {"unit": "s", "min": 0.2880890560336411, "p50": 1.6924871120136231, "p90": 3.6332268819212907, "p95": 5.07525892695412, "p99": 7.352232004590334, "max": 9.16524885292165}, "TPOT": {"unit": "ms", "min": 5.441174053380059, "p50": 19.356257477588017, "p90": 30.568295392680483, "p95": 35.44398450600916, "p99": 50.47788268597847, "max": 54.01560216624704}, "Input Tokens per Minute": {"unit": "tokens/min", "min": 1146676.2754470948, "p50": 1146676.2754470948, "p90": 1146676.2754470948, "p95": 1146676.2754470948, "p99": 1146676.2754470948, "max": 1146676.2754470948}, "Output Tokens per Minute": {"unit": "tokens/min", "min": 52793.87325427246, "p50": 52793.87325427246, "p90": 52793.87325427246, "p95": 52793.87325427246, "p99": 52793.87325427246, "max": 52793.87325427246}}
{"actual_qps": 5.577378626020466, "success_rate": 100.0, "input_tokens": 3968, "output_tokens": 173, "model": "meta-llama/Llama-3.1-8B-Instruct", "input_tokens_per_minute": 922037.0083755553, "output_tokens_per_minute": 40405.37738150257, "slo_seconds": 5.0, "slo_attainment": 2.1367521367521367, "ttft_slo_ms": 1000, "ttft_slo_attainment": 0.8547008547008548, "tpot_slo_ms": 50, "tpot_slo_attainment": 48.29059829059829, "Latency": {"unit": "s", "min": 2.8367386229801923, "p50": 16.886329005472362, "p90": 25.650323352939456, "p95": 27.273898362007458, "p99": 30.389904728713432, "max": 30.81909568887204}, "Throughput": {"unit": "tokens/s", "min": 0.6610311329483876, "p50": 10.601576385721852, "p90": 18.44813548115543, "p95": 20.559651523020094, "p99": 26.507051295022073, "max": 29.972291910740076}, "TTFT": {"unit": "s", "min": 0.6851512701250613, "p50": 8.071758831385523, "p90": 14.74312446501572, "p95": 16.09086657516891, "p99": 20.064613283188077, "max": 23.22013404313475}, "TPOT": {"unit": "ms", "min": 0.8478768043519563, "p50": 51.41372288443878, "p90": 72.03824636011606, "p95": 77.81842257604309, "p99": 107.33905384063665, "max": 235.8853467603159}, "Input Tokens per Minute": {"unit": "tokens/min", "min": 922037.0083755553, "p50": 922037.0083755553, "p90": 922037.0083755553, "p95": 922037.0083755553, "p99": 922037.0083755553, "max": 922037.0083755553}, "Output Tokens per Minute": {"unit": "tokens/min", "min": 40405.37738150257, "p50": 40405.37738150257, "p90": 40405.37738150257, "p95": 40405.37738150257, "p99": 40405.37738150257, "max": 40405.37738150257}}
{"actual_qps": 5.496353248922357, "success_rate": 100.0, "input_tokens": 3977, "output_tokens": 180, "model": "meta-llama/Llama-3.1-8B-Instruct", "input_tokens_per_minute": 1481255.316577551, "output_tokens_per_minute": 67152.5623608878, "slo_seconds": 5.0, "slo_attainment": 0.0, "ttft_slo_ms": 1000, "ttft_slo_attainment": 0.0, "tpot_slo_ms": 50, "tpot_slo_attainment": 25.53191489361702, "Latency": {"unit": "s", "min": 9.25198103603907, "p50": 25.751376969041303, "p90": 32.251490977127105, "p95": 33.509361612203065, "p99": 35.906982362037525, "max": 37.45668846508488}, "Throughput": {"unit": "tokens/s", "min": 0.8781162942555206, "p50": 7.299989805383131, "p90": 12.410420660014907, "p95": 15.467350052190268, "p99": 17.486845961768896, "max": 19.271875033925994}, "TTFT": {"unit": "s", "min": 1.2143984569702297, "p50": 15.045819298597053, "p90": 19.052057552034967, "p95": 20.286615726014134, "p99": 23.45263004291337, "max": 26.68015396106057}, "TPOT": {"unit": "ms", "min": 6.303704611918065, "p50": 59.18103541930627, "p90": 80.93921672546288, "p95": 87.43300074658791, "p99": 205.2690795766573, "max": 295.7288936165202}, "Input Tokens per Minute": {"unit": "tokens/min", "min": 1481255.316577551, "p50": 1481255.316577551, "p90": 1481255.316577551, "p95": 1481255.316577551, "p99": 1481255.316577551, "max": 1481255.316577551}, "Output Tokens per Minute": {"unit": "tokens/min", "min": 67152.5623608878, "p50": 67152.5623608878, "p90": 67152.5623608878, "p95": 67152.5623608878, "p99": 67152.5623608878, "max": 67152.5623608878}}
{"actual_qps": 5.328567596685358, "success_rate": 100.0, "input_tokens": 4109, "output_tokens": 173, "model": "meta-llama/Llama-3.1-8B-Instruct", "input_tokens_per_minute": 1309702.235308178, "output_tokens_per_minute": 55176.743617935696, "slo_seconds": 5.0, "slo_attainment": 1.8518518518518516, "ttft_slo_ms": 1000, "ttft_slo_attainment": 0.6172839506172839, "tpot_slo_ms": 50, "tpot_slo_attainment": 35.49382716049383, "Latency": {"unit": "s", "min": 2.598246874054894, "p50": 25.58589529816527, "p90": 30.87427681798581, "p95": 31.902713403885716, "p99": 34.42020104545168, "max": 36.73923536320217}, "Throughput": {"unit": "tokens/s", "min": 0.739127315054898, "p50": 7.228394872129001, "p90": 9.999671412333669, "p95": 11.26485937178836, "p99": 17.994791516440337, "max": 51.188361401715696}, "TTFT": {"unit": "s", "min": 0.7754249009303749, "p50": 15.897289053536952, "p90": 18.16111181548331, "p95": 18.98488234730903, "p99": 20.118660037550143, "max": 20.59718349413015}, "TPOT": {"unit": "ms", "min": 10.381411558584027, "p50": 55.48165749528228, "p90": 80.16221708414524, "p95": 90.67648921101046, "p99": 206.85054361195384, "max": 401.17762588402803}, "Input Tokens per Minute": {"unit": "tokens/min", "min": 1309702.235308178, "p50": 1309702.235308178, "p90": 1309702.235308178, "p95": 1309702.235308178, "p99": 1309702.235308178, "max": 1309702.235308178}, "Output Tokens per Minute": {"unit": "tokens/min", "min": 55176.743617935696, "p50": 55176.743617935696, "p90": 55176.743617935696, "p95": 55176.743617935696, "p99": 55176.743617935696, "max": 55176.743617935696}}
{"actual_qps": 5.491927065376002, "success_rate": 100.0, "input_tokens": 4227, "output_tokens": 170, "model": "meta-llama/Llama-3.1-8B-Instruct", "input_tokens_per_minute": 1280619.6845253564, "output_tokens_per_minute": 51562.80155714783, "slo_seconds": 5.0, "slo_attainment": 0.0, "ttft_slo_ms": 1000, "ttft_slo_attainment": 1.2987012987012987, "tpot_slo_ms": 50, "tpot_slo_attainment": 35.38961038961039, "Latency": {"unit": "s", "min": 8.045220673084259, "p50": 26.75636877201032, "p90": 31.80853441460058, "p95": 33.1640459237271, "p99": 35.548227365564095, "max": 43.82061143498868}, "Throughput": {"unit": "tokens/s", "min": 0.5409003810198106, "p50": 6.9229716871642, "p90": 10.375668032835808, "p95": 13.524910655061577, "p99": 19.205803643007748, "max": 24.859479699433393}, "TTFT": {"unit": "s", "min": 0.41699011297896504, "p50": 16.385656160418876, "p90": 18.71063645745162, "p95": 19.55365883630002, "p99": 20.97664181366563, "max": 34.14008669485338}, "TPOT": {"unit": "ms", "min": 7.051602201349097, "p50": 53.65104131087524, "p90": 81.00847245004476, "p95": 92.51833400951145, "p99": 157.56692795448623, "max": 461.1628646539016}, "Input Tokens per Minute": {"unit": "tokens/min", "min": 1280619.6845253564, "p50": 1280619.6845253564, "p90": 1280619.6845253564, "p95": 1280619.6845253564, "p99": 1280619.6845253564, "max": 1280619.6845253564}, "Output Tokens per Minute": {"unit": "tokens/min", "min": 51562.80155714783, "p50": 51562.80155714783, "p90": 51562.80155714783, "p95": 51562.80155714783, "p99": 51562.80155714783, "max": 51562.80155714783}}
{"actual_qps": 5.265370407314527, "success_rate": 100.0, "input_tokens": 4170, "output_tokens": 175,