{"actual_qps": 5.072900179152049, "success_rate": 100.0, "input_tokens": 4176, "output_tokens": 179, "model": "meta-llama/Llama-3.1-8B-Instruct", "input_tokens_per_minute": 1121240.0074791282, "output_tokens_per_minute": 48232.80225418561, "slo_seconds": 5.0, "slo_attainment": 44.60966542750929, "ttft_slo_ms": 1000, "ttft_slo_attainment": 30.111524163568777, "tpot_slo_ms": 50, "tpot_slo_attainment": 98.14126394052045, "Latency": {"unit": "s", "min": 0.9190926570445299, "p50": 5.195279815001413, "p90": 9.022190038347619, "p95": 9.42909300555475, "p99": 11.084713948201388, "max": 14.956040545832366}, "Throughput": {"unit": "tokens/s", "min": 2.616015901332539, "p50": 35.14635791335766, "p90": 48.26523248481398, "p95": 52.72194374783664, "p99": 61.37037206702645, "max": 71.00891840805139}, "TTFT": {"unit": "s", "min": 0.25966737302951515, "p50": 1.5645895160268992, "p90": 4.5061374798882765, "p95": 5.340402099583296, "p99": 6.697839346146211, "max": 9.489736065967008}, "TPOT": {"unit": "ms", "min": 8.660568462581791, "p50": 19.038636884394677, "p90": 27.16663093891126, "p95": 29.40125857047749, "p99": 57.77680242834256, "max": 78.25637612404535}, "Input Tokens per Minute": {"unit": "tokens/min", "min": 1121240.0074791282, "p50": 1121240.0074791282, "p90": 1121240.0074791282, "p95": 1121240.0074791282, "p99": 1121240.0074791282, "max": 1121240.0074791282}, "Output Tokens per Minute": {"unit": "tokens/min", "min": 48232.80225418561, "p50": 48232.80225418561, "p90": 48232.80225418561, "p95": 48232.80225418561, "p99": 48232.80225418561, "max": 48232.80225418561}}
{"actual_qps": 4.929436368555136, "success_rate": 100.0, "input_tokens": 3986, "output_tokens": 177, "model": "meta-llama/Llama-3.1-8B-Instruct", "input_tokens_per_minute": 1010458.8449897859, "output_tokens_per_minute": 44989.472631449054, "slo_seconds": 5.0, "slo_attainment": 3.149606299212598, "ttft_slo_ms": 1000, "ttft_slo_attainment": 1.968503937007874, "tpot_slo_ms": 50, "tpot_slo_attainment": 66.53543307086615, "Latency": {"unit": "s", "min": 2.4026576068717986, "p50": 13.897744378540665, "p90": 23.72777074589394, "p95": 25.72868098154431, "p99": 31.969956079137045, "max": 34.29217730509117}, "Throughput": {"unit": "tokens/s", "min": 0.8311619667689948, "p50": 12.848252396039332, "p90": 23.211601596976244, "p95": 28.683879934380084, "p99": 32.677453023026274, "max": 34.64416112027879}, "TTFT": {"unit": "s", "min": 0.6287995730526745, "p50": 6.042492643464357, "p90": 13.282940452708864, "p95": 15.443611008755397, "p99": 19.522918261981104, "max": 21.951369532151148}, "TPOT": {"unit": "ms", "min": 7.49847811094518, "p50": 43.88373844962024, "p90": 67.40976578015461, "p95": 71.85431283602078, "p99": 93.0546942146878, "max": 107.42897696216546}, "Input Tokens per Minute": {"unit": "tokens/min", "min": 1010458.8449897859, "p50": 1010458.8449897859, "p90": 1010458.8449897859, "p95": 1010458.8449897859, "p99": 1010458.8449897859, "max": 1010458.8449897859}, "Output Tokens per Minute": {"unit": "tokens/min", "min": 44989.472631449054, "p50": 44989.472631449054, "p90": 44989.472631449054, "p95": 44989.472631449054, "p99": 44989.472631449054, "max": 44989.472631449054}}
{"actual_qps": 5.288172605906388, "success_rate": 100.0, "input_tokens": 3977, "output_tokens": 178, "model": "meta-llama/Llama-3.1-8B-Instruct", "input_tokens_per_minute": 1058287.4955378328, "output_tokens_per_minute": 47445.74738653277, "slo_seconds": 5.0, "slo_attainment": 1.4814814814814816, "ttft_slo_ms": 1000, "ttft_slo_attainment": 0.3703703703703704, "tpot_slo_ms": 50, "tpot_slo_attainment": 26.666666666666668, "Latency": {"unit": "s", "min": 4.031705118017271, "p50": 21.09066718793474, "p90": 30.691349498811178, "p95": 32.297044736263345, "p99": 34.573757239962, "max": 35.52443835884333}, "Throughput": {"unit": "tokens/s", "min": 1.0248378047964635, "p50": 8.434174500138575, "p90": 15.766067882296218, "p95": 17.055187734436146, "p99": 25.589145748320792, "max": 40.255897701610905}, "TTFT": {"unit": "s", "min": 0.9928912438917905, "p50": 12.414454154437408, "p90": 17.76129531939514, "p95": 20.02410485568689, "p99": 24.52191573292483, "max": 26.840406785020605}, "TPOT": {"unit": "ms", "min": 7.085595915243778, "p50": 55.791201432067055, "p90": 77.74657148004383, "p95": 85.48195840675037, "p99": 135.39207793335498, "max": 295.8979200697146}, "Input Tokens per Minute": {"unit": "tokens/min", "min": 1058287.4955378328, "p50": 1058287.4955378328, "p90": 1058287.4955378328, "p95": 1058287.4955378328, "p99": 1058287.4955378328, "max": 1058287.4955378328}, "Output Tokens per Minute": {"unit": "tokens/min", "min": 47445.74738653277, "p50": 47445.74738653277, "p90": 47445.74738653277, "p95": 47445.74738653277, "p99": 47445.74738653277, "max": 47445.74738653277}}
{"actual_qps": 4.886173921509799, "success_rate": 100.0, "input_tokens": 4325, "output_tokens": 177, "model": "meta-llama/Llama-3.1-8B-Instruct", "input_tokens_per_minute": 1344565.2062690465, "output_tokens_per_minute": 55166.21529838831, "slo_seconds": 5.0, "slo_attainment": 1.2658227848101267, "ttft_slo_ms": 1000, "ttft_slo_attainment": 3.1645569620253164, "tpot_slo_ms": 50, "tpot_slo_attainment": 29.430379746835445, "Latency": {"unit": "s", "min": 1.2033547249156982, "p50": 25.550898883957416, "p90": 31.118663648026995, "p95": 32.36784112959867, "p99": 34.3488709338708, "max": 36.5689701018855}, "Throughput": {"unit": "tokens/s", "min": 0.9551324345322819, "p50": 7.149483105900877, "p90": 11.885396675007332, "p95": 13.822514659737875, "p99": 21.08652600925815, "max": 22.910149951177083}, "TTFT": {"unit": "s", "min": 0.4397982500959188, "p50": 14.948157363105565, "p90": 17.86086998390965, "p95": 18.288977486256044, "p99": 19.928432225983126, "max": 21.317731485934928}, "TPOT": {"unit": "ms", "min": 5.123975065457237, "p50": 62.18803955485399, "p90": 78.60019333875883, "p95": 87.91147423445963, "p99": 170.77909615515074, "max": 311.6044498019619}, "Input Tokens per Minute": {"unit": "tokens/min", "min": 1344565.2062690465, "p50": 1344565.2062690465, "p90": 1344565.2062690465, "p95": 1344565.2062690465, "p99": 1344565.2062690465, "max": 1344565.2062690465}, "Output Tokens per Minute": {"unit": "tokens/min", "min": 55166.21529838831, "p50": 55166.21529838831, "p90": 55166.21529838831, "p95": 55166.21529838831, "p99": 55166.21529838831, "max": 55166.21529838831}}
{"actual_qps": 5.0163977304172285, "success_rate": 100.0, "input_tokens": 3920, "output_tokens": 176, "model": "meta-llama/Llama-3.1-8B-Instruct", "input_tokens_per_minute": 1237923.0253348085, "output_tokens_per_minute": 55790.21162142454, "slo_seconds": 5.0, "slo_attainment": 1.8691588785046727, "ttft_slo_ms": 1000, "ttft_slo_attainment": 3.115264797507788, "tpot_slo_ms": 50, "tpot_slo_attainment": 49.84423676012461, "Latency": {"unit": "s", "min": 1.1852323249913752, "p50": 23.734582226956263, "p90": 31.38182118185796, "p95": 32.345817791996524, "p99": 34.56286073881201, "max": 36.34787771617994}, "Throughput": {"unit": "tokens/s", "min": 0.9429747497670815, "p50": 7.283505642740655, "p90": 17.32492606124549, "p95": 21.294020052702717, "p99": 29.27515567453452, "max": 61.117703406841244}, "TTFT": {"unit": "s", "min": 0.22232303279452026, "p50": 15.68276313203387, "p90": 18.585090144071728, "p95": 19.188540088012815, "p99": 21.615508488379422, "max": 22.39521510200575}, "TPOT": {"unit": "ms", "min": 7.0945879095818976, "p50": 50.39667426767251, "p90": 77.07263659873051, "p95": 85.73649894450814, "p99": 125.44634134726655, "max": 358.35801799069435}, "Input Tokens per Minute": {"unit": "tokens/min", "min": 1237923.0253348085, "p50": 1237923.0253348085, "p90": 1237923.0253348085, "p95": 1237923.0253348085, "p99": 1237923.0253348085, "max": 1237923.0253348085}, "Output Tokens per Minute": {"unit": "tokens/min", "min": 55790.21162142454, "p50": 55790.21162142454, "p90": 55790.21162142454, "p95": 55790.21162142454, "p99": 55790.21162142454, "max": 55790.21162142454}}
{"actual_qps": 4.99999364900899, "success_rate": 100.0,