{"actual_qps": 5.7007110231547085, "success_rate": 100.0, "input_tokens": 4282, "output_tokens": 184, "model": "meta-llama/Llama-3.1-8B-Instruct", "input_tokens_per_minute": 1277472.6646154262, "output_tokens_per_minute": 55074.83434404756, "slo_seconds": 5.0, "slo_attainment": 84.33333333333334, "ttft_slo_ms": 1000, "ttft_slo_attainment": 47.333333333333336, "tpot_slo_ms": 50, "tpot_slo_attainment": 100.0, "Latency": {"unit": "s", "min": 0.6474078679457307, "p50": 3.6285811504349113, "p90": 5.876512301666663, "p95": 6.910794019827154, "p99": 8.469023410067892, "max": 9.661832587094977}, "Throughput": {"unit": "tokens/s", "min": 4.491795598353068, "p50": 52.852465702942354, "p90": 74.70287495757755, "p95": 80.9542447762998, "p99": 104.65257669826794, "max": 118.92965958192814}, "TTFT": {"unit": "s", "min": 0.15159288188442588, "p50": 1.03205414803233, "p90": 2.29089440475218, "p95": 3.436650342587382, "p99": 5.574455314851364, "max": 7.3846447810065}, "TPOT": {"unit": "ms", "min": 6.238232407690817, "p50": 12.980180950418461, "p90": 20.65299518111551, "p95": 24.16098827464581, "p99": 28.418336592727314, "max": 43.77603870365889}, "Input Tokens per Minute": {"unit": "tokens/min", "min": 1277472.6646154262, "p50": 1277472.6646154262, "p90": 1277472.6646154262, "p95": 1277472.6646154262, "p99": 1277472.6646154262, "max": 1277472.6646154262}, "Output Tokens per Minute": {"unit": "tokens/min", "min": 55074.83434404756, "p50": 55074.83434404756, "p90": 55074.83434404756, "p95": 55074.83434404756, "p99": 55074.83434404756, "max": 55074.83434404756}}
{"actual_qps": 4.551027137754604, "success_rate": 100.0, "input_tokens": 4245, "output_tokens": 173, "model": "meta-llama/Llama-3.1-8B-Instruct", "input_tokens_per_minute": 1076326.7219669735, "output_tokens_per_minute": 44014.129212377855, "slo_seconds": 5.0, "slo_attainment": 49.411764705882355, "ttft_slo_ms": 1000, "ttft_slo_attainment": 29.80392156862745, "tpot_slo_ms": 50, "tpot_slo_attainment": 96.47058823529412, "Latency": {"unit": "s", "min": 1.1103703370317817, "p50": 5.0513727008365095, "p90": 8.615232349559662, "p95": 10.474390194332226, "p99": 12.453674660548568, "max": 17.189675241941586}, "Throughput": {"unit": "tokens/s", "min": 2.913473534224978, "p50": 35.85666224968582, "p90": 50.05545232706619, "p95": 53.24073979646323, "p99": 63.36961183886523, "max": 71.70844446783357}, "TTFT": {"unit": "s", "min": 0.09105845098383725, "p50": 1.3990713239181787, "p90": 4.719237958546728, "p95": 5.686837967997415, "p99": 8.719549343576663, "max": 11.800585450138897}, "TPOT": {"unit": "ms", "min": 3.9030239983860935, "p50": 19.251852221412577, "p90": 32.268484743854884, "p95": 41.747359287689484, "p99": 54.49843829455256, "max": 58.959188829997885}, "Input Tokens per Minute": {"unit": "tokens/min", "min": 1076326.7219669735, "p50": 1076326.7219669735, "p90": 1076326.7219669735, "p95": 1076326.7219669735, "p99": 1076326.7219669735, "max": 1076326.7219669735}, "Output Tokens per Minute": {"unit": "tokens/min", "min": 44014.129212377855, "p50": 44014.129212377855, "p90": 44014.129212377855, "p95": 44014.129212377855, "p99": 44014.129212377855, "max": 44014.129212377855}}
{"actual_qps": 4.744390654362925, "success_rate": 100.0, "input_tokens": 4295, "output_tokens": 183, "model": "meta-llama/Llama-3.1-8B-Instruct", "input_tokens_per_minute": 1103914.9333099688, "output_tokens_per_minute": 47067.32053543919, "slo_seconds": 5.0, "slo_attainment": 2.6923076923076925, "ttft_slo_ms": 1000, "ttft_slo_attainment": 0.7692307692307693, "tpot_slo_ms": 50, "tpot_slo_attainment": 41.15384615384615, "Latency": {"unit": "s", "min": 2.6495765519794077, "p50": 17.200304683530703, "p90": 26.654679084173402, "p95": 29.238256859825917, "p99": 33.471277800248956, "max": 34.47185038798489}, "Throughput": {"unit": "tokens/s", "min": 0.9640075821688225, "p50": 10.584844999934088, "p90": 16.976174264375064, "p95": 19.015231282910438, "p99": 22.925433188165716, "max": 75.48375979195123}, "TTFT": {"unit": "s", "min": 0.6581202729139477, "p50": 7.404527961509302, "p90": 15.408645512140355, "p95": 17.12306747095426, "p99": 22.650587196960114, "max": 25.09133832505904}, "TPOT": {"unit": "ms", "min": 3.5788286781528185, "p50": 53.622299263572046, "p90": 72.91410495667488, "p95": 78.08607597952361, "p99": 85.4821372772661, "max": 122.11739033955382}, "Input Tokens per Minute": {"unit": "tokens/min", "min": 1103914.9333099688, "p50": 1103914.9333099688, "p90": 1103914.9333099688, "p95": 1103914.9333099688, "p99": 1103914.9333099688, "max": 1103914.9333099688}, "Output Tokens per Minute": {"unit": "tokens/min", "min": 47067.32053543919, "p50": 47067.32053543919, "p90": 47067.32053543919, "p95": 47067.32053543919, "p99": 47067.32053543919, "max": 47067.32053543919}}
{"actual_qps": 4.810398344848367, "success_rate": 100.0, "input_tokens": 4257, "output_tokens": 181, "model": "meta-llama/Llama-3.1-8B-Instruct", "input_tokens_per_minute": 1166024.7977591245, "output_tokens_per_minute": 49574.35640331172, "slo_seconds": 5.0, "slo_attainment": 1.7985611510791366, "ttft_slo_ms": 1000, "ttft_slo_attainment": 2.5179856115107913, "tpot_slo_ms": 50, "tpot_slo_attainment": 39.20863309352518, "Latency": {"unit": "s", "min": 1.2880104731302708, "p50": 22.670486622373573, "p90": 32.5291024715174, "p95": 34.565552026685324, "p99": 37.02933051242495, "max": 38.82349317194894}, "Throughput": {"unit": "tokens/s", "min": 0.8061180075632384, "p50": 7.483094792311533, "p90": 14.395154457801247, "p95": 18.040189996491307, "p99": 20.51598889928619, "max": 29.54753573747836}, "TTFT": {"unit": "s", "min": 0.4148721559904516, "p50": 14.65410800697282, "p90": 18.766143817943522, "p95": 19.52582439155085, "p99": 20.77676660236205, "max": 21.30266628297977}, "TPOT": {"unit": "ms", "min": 5.624994341911159, "p50": 56.76873607546952, "p90": 79.06283277517475, "p95": 89.41648799804216, "p99": 218.6319149559108, "max": 372.13559559655977}, "Input Tokens per Minute": {"unit": "tokens/min", "min": 1166024.7977591245, "p50": 1166024.7977591245, "p90": 1166024.7977591245, "p95": 1166024.7977591245, "p99": 1166024.7977591245, "max": 1166024.7977591245}, "Output Tokens per Minute": {"unit": "tokens/min", "min": 49574.35640331172, "p50": 49574.35640331172, "p90": 49574.35640331172, "p95": 49574.35640331172, "p99": 49574.35640331172, "max": 49574.35640331172}}
{"actual_qps": 5.50823701785318, "success_rate": 100.0, "input_tokens": 4230, "output_tokens": 181, "model": "meta-llama/Llama-3.1-8B-Instruct", "input_tokens_per_minute": 1231622.1249169072, "output_tokens_per_minute": 52810.22240866736, "slo_seconds": 5.0, "slo_attainment": 1.3513513513513513, "ttft_slo_ms": 1000, "ttft_slo_attainment": 2.364864864864865, "tpot_slo_ms": 50, "tpot_slo_attainment": 38.85135135135135, "Latency": {"unit": "s", "min": 2.3802894479595125, "p50": 25.495368779986165, "p90": 30.361980692483485, "p95": 31.684237609792035, "p99": 33.79321857983014, "max": 35.10417784797028}, "Throughput": {"unit": "tokens/s", "min": 0.8657414975890835, "p50": 7.382669896027263, "p90": 11.820399968459672, "p95": 18.43287692516302, "p99": 20.927117384448596, "max": 22.449179956939236}, "TTFT": {"unit": "s", "min": 0.3311757310293615, "p50": 15.327800840954296, "p90": 17.912744868546724, "p95": 18.407150445564184, "p99": 19.932955344440423, "max": 20.599923589034006}, "TPOT": {"unit": "ms", "min": 11.845498176141824, "p50": 53.76892295214418, "p90": 76.83856304016564, "p95": 85.30333128216064, "p99": 98.80180984398915, "max": 394.02597886510193}, "Input Tokens per Minute": {"unit": "tokens/min", "min": 1231622.1249169072, "p50": 1231622.1249169072, "p90": 1231622.1249169072, "p95": 1231622.1249169072, "p99": 1231622.1249169072, "max": 1231622.1249169072}, "Output Tokens per Minute": {"unit": "tokens/min", "min": 52810.22240866736, "p50": 52810.22240866736, "p90": 52810.22240866736, "p95": 52810.22240866736, "p99": 52810.22240866736, "max": 52810.22240866736}}
{"actual_qps": 4.599965644313966, "success_rate": 100.0,