{"actual_qps": 5.82441703213101, "success_rate": 100.0, "input_tokens": 3874, "output_tokens": 172, "model": "meta-llama/Llama-3.1-8B-Instruct", "input_tokens_per_minute": 1196219.7628574246, "output_tokens_per_minute": 53185.20082300404, "slo_seconds": 5.0, "slo_attainment": 61.09324758842444, "ttft_slo_ms": 1000, "ttft_slo_attainment": 40.19292604501607, "tpot_slo_ms": 50, "tpot_slo_attainment": 99.35691318327974, "Latency": {"unit": "s", "min": 0.5691268260125071, "p50": 4.552112603094429, "p90": 6.745066643925384, "p95": 7.477607150562108, "p99": 8.762406317237758, "max": 10.655999660026282}, "Throughput": {"unit": "tokens/s", "min": 4.711631423845846, "p50": 38.96362628826735, "p90": 63.8658042110354, "p95": 73.0675594772384, "p99": 84.18858979509432, "max": 113.74400178919326}, "TTFT": {"unit": "s", "min": 0.09847557987086475, "p50": 1.2093441260512918, "p90": 3.3701559000182897, "p95": 3.9581829585367814, "p99": 4.6247291702078615, "max": 6.393851292086765}, "TPOT": {"unit": "ms", "min": 7.8215528377975385, "p50": 17.24382234156955, "p90": 23.699836506109154, "p95": 28.479766906269198, "p99": 44.62210692356443, "max": 79.94677234724489}, "Input Tokens per Minute": {"unit": "tokens/min", "min": 1196219.7628574246, "p50": 1196219.7628574246, "p90": 1196219.7628574246, "p95": 1196219.7628574246, "p99": 1196219.7628574246, "max": 1196219.7628574246}, "Output Tokens per Minute": {"unit": "tokens/min", "min": 53185.20082300404, "p50": 53185.20082300404, "p90": 53185.20082300404, "p95": 53185.20082300404, "p99": 53185.20082300404, "max": 53185.20082300404}}
{"actual_qps": 5.445935051288385, "success_rate": 100.0, "input_tokens": 4090, "output_tokens": 170, "model": "meta-llama/Llama-3.1-8B-Instruct", "input_tokens_per_minute": 1090908.713097988, "output_tokens_per_minute": 45601.17627674904, "slo_seconds": 5.0, "slo_attainment": 16.236162361623617, "ttft_slo_ms": 1000, "ttft_slo_attainment": 3.3210332103321036, "tpot_slo_ms": 50, "tpot_slo_attainment": 87.82287822878229, "Latency": {"unit": "s", "min": 2.4249303040560335, "p50": 7.346631845925003, "p90": 15.30616939603351, "p95": 19.032797959982418, "p99": 21.878380800015304, "max": 24.24987443489954}, "Throughput": {"unit": "tokens/s", "min": 1.5026620576902994, "p50": 20.37716849805237, "p90": 38.45158238304045, "p95": 42.63223573802827, "p99": 51.469591832759626, "max": 60.51500333409809}, "TTFT": {"unit": "s", "min": 0.41455731308087707, "p50": 3.282441962044686, "p90": 8.052118859952316, "p95": 9.486476903432049, "p99": 12.913817261881203, "max": 14.131423362065107}, "TPOT": {"unit": "ms", "min": 1.861269321367519, "p50": 28.706347035131788, "p90": 51.77270047697088, "p95": 60.47426163331236, "p99": 75.67393409390117, "max": 230.23668465697588}, "Input Tokens per Minute": {"unit": "tokens/min", "min": 1090908.713097988, "p50": 1090908.713097988, "p90": 1090908.713097988, "p95": 1090908.713097988, "p99": 1090908.713097988, "max": 1090908.713097988}, "Output Tokens per Minute": {"unit": "tokens/min", "min": 45601.17627674904, "p50": 45601.17627674904, "p90": 45601.17627674904, "p95": 45601.17627674904, "p99": 45601.17627674904, "max": 45601.17627674904}}
{"actual_qps": 5.573368332545146, "success_rate": 100.0, "input_tokens": 4132, "output_tokens": 178, "model": "meta-llama/Llama-3.1-8B-Instruct", "input_tokens_per_minute": 1146871.6009807545, "output_tokens_per_minute": 49525.20212906593, "slo_seconds": 5.0, "slo_attainment": 1.4184397163120568, "ttft_slo_ms": 1000, "ttft_slo_attainment": 0.7092198581560284, "tpot_slo_ms": 50, "tpot_slo_attainment": 33.687943262411345, "Latency": {"unit": "s", "min": 1.486053111962974, "p50": 19.511997833033092, "p90": 28.974407711764798, "p95": 31.49196502409177, "p99": 33.622590925707485, "max": 35.99253699602559}, "Throughput": {"unit": "tokens/s", "min": 0.7521386544635748, "p50": 9.026538499619184, "p90": 16.007961961795033, "p95": 18.44999984510172, "p99": 24.91045393431857, "max": 50.43386731696635}, "TTFT": {"unit": "s", "min": 0.6848755008541048, "p50": 10.93426100409124, "p90": 17.779057261394335, "p95": 19.552562245016446, "p99": 22.081355203068814, "max": 25.310695569962263}, "TPOT": {"unit": "ms", "min": 7.596417259343941, "p50": 54.71758774329711, "p90": 76.16938006661682, "p95": 87.64199989027755, "p99": 147.16068870264274, "max": 274.3719780050656}, "Input Tokens per Minute": {"unit": "tokens/min", "min": 1146871.6009807545, "p50": 1146871.6009807545, "p90": 1146871.6009807545, "p95": 1146871.6009807545, "p99": 1146871.6009807545, "max": 1146871.6009807545}, "Output Tokens per Minute": {"unit": "tokens/min", "min": 49525.20212906593, "p50": 49525.20212906593, "p90": 49525.20212906593, "p95": 49525.20212906593, "p99": 49525.20212906593, "max": 49525.20212906593}}
{"actual_qps": 5.6959148241211786, "success_rate": 100.0, "input_tokens": 4072, "output_tokens": 173, "model": "meta-llama/Llama-3.1-8B-Instruct", "input_tokens_per_minute": 1510981.2413474938, "output_tokens_per_minute": 64317.805229222155, "slo_seconds": 5.0, "slo_attainment": 0.0, "ttft_slo_ms": 1000, "ttft_slo_attainment": 0.0, "tpot_slo_ms": 50, "tpot_slo_attainment": 28.912466843501328, "Latency": {"unit": "s", "min": 13.941210470860824, "p50": 26.769357938086614, "p90": 32.24374098489061, "p95": 33.34670163486153, "p99": 35.40392245968804, "max": 42.63846807810478}, "Throughput": {"unit": "tokens/s", "min": 0.7670234966650541, "p50": 6.956906961844209, "p90": 9.6113945034813, "p95": 10.66564804084564, "p99": 12.140712020970899, "max": 12.691466500020516}, "TTFT": {"unit": "s", "min": 7.3619234301149845, "p50": 16.083520213142037, "p90": 19.099617889523508, "p95": 20.32645294140093, "p99": 22.56486835983582, "max": 31.598953053122386}, "TPOT": {"unit": "ms", "min": 6.8804123965396204, "p50": 57.40248318059586, "p90": 84.17436309140082, "p95": 96.04453658614457, "p99": 172.47619656572013, "max": 247.6445452948273}, "Input Tokens per Minute": {"unit": "tokens/min", "min": 1510981.2413474938, "p50": 1510981.2413474938, "p90": 1510981.2413474938, "p95": 1510981.2413474938, "p99": 1510981.2413474938, "max": 1510981.2413474938}, "Output Tokens per Minute": {"unit": "tokens/min", "min": 64317.805229222155, "p50": 64317.805229222155, "p90": 64317.805229222155, "p95": 64317.805229222155, "p99": 64317.805229222155, "max": 64317.805229222155}}
{"actual_qps": 6.233303810324031, "success_rate": 100.0, "input_tokens": 3978, "output_tokens": 173, "model": "meta-llama/Llama-3.1-8B-Instruct", "input_tokens_per_minute": 1413441.5919635298, "output_tokens_per_minute": 61697.85117382523, "slo_seconds": 5.0, "slo_attainment": 0.8310249307479225, "ttft_slo_ms": 1000, "ttft_slo_attainment": 2.4930747922437675, "tpot_slo_ms": 50, "tpot_slo_attainment": 42.93628808864266, "Latency": {"unit": "s", "min": 1.3823288478888571, "p50": 24.470508058089763, "p90": 29.577085732016712, "p95": 31.458107072860003, "p99": 33.198076225118704, "max": 39.87378772580996}, "Throughput": {"unit": "tokens/s", "min": 0.9209590317395667, "p50": 7.442548590316639, "p90": 11.37741062819752, "p95": 12.75473479153592, "p99": 23.91974375375589, "max": 41.095998466779726}, "TTFT": {"unit": "s", "min": 0.634183628950268, "p50": 14.931905779056251, "p90": 18.29519796394743, "p95": 18.965224671177566, "p99": 21.54379066210238, "max": 31.21728734881617}, "TPOT": {"unit": "ms", "min": 4.468452832144167, "p50": 51.50014048364635, "p90": 77.38945856760607, "p95": 90.162074095775, "p99": 210.44763927615207, "max": 325.4179928997724}, "Input Tokens per Minute": {"unit": "tokens/min", "min": 1413441.5919635298, "p50": 1413441.5919635298, "p90": 1413441.5919635298, "p95": 1413441.5919635298, "p99": 1413441.5919635298, "max": 1413441.5919635298}, "Output Tokens per Minute": {"unit": "tokens/min", "min": 61697.85117382523, "p50": 61697.85117382523, "p90": 61697.85117382523, "p95": 61697.85117382523, "p99": 61697.85117382523, "max": 61697.85117382523}}
{"actual_qps": 5.672128801338657, "success_rate": 100.0, "input_tokens": 4020,