{"actual_qps": 5.409124316930286, "success_rate": 100.0, "input_tokens": 4109, "output_tokens": 174, "model": "meta-llama/Llama-3.1-8B-Instruct", "input_tokens_per_minute": 1223659.050475092, "output_tokens_per_minute": 51960.34593839473, "slo_seconds": 5.0, "slo_attainment": 92.33333333333333, "ttft_slo_ms": 1000, "ttft_slo_attainment": 69.33333333333334, "tpot_slo_ms": 50, "tpot_slo_attainment": 100.0, "Latency": {"unit": "s", "min": 0.6529279078822583, "p50": 3.2865850295638666, "p90": 4.774123312812301, "p95": 5.1476561450981535, "p99": 6.552161621882113, "max": 6.90703180199489}, "Throughput": {"unit": "tokens/s", "min": 11.861174683764474, "p50": 55.4724834982399, "p90": 70.94151907425316, "p95": 77.49238538675644, "p99": 87.65373199450889, "max": 103.52916732199431}, "TTFT": {"unit": "s", "min": 0.1739982981234789, "p50": 0.7622134444536641, "p90": 1.4047984806122262, "p95": 1.6663295320700855, "p99": 2.6529365431587175, "max": 4.266529253916815}, "TPOT": {"unit": "ms", "min": 6.747982657930636, "p50": 13.348553612846974, "p90": 19.38857277746677, "p95": 21.165202126075435, "p99": 26.99579997817707, "max": 49.24348336767013}, "Input Tokens per Minute": {"unit": "tokens/min", "min": 1223659.050475092, "p50": 1223659.050475092, "p90": 1223659.050475092, "p95": 1223659.050475092, "p99": 1223659.050475092, "max": 1223659.050475092}, "Output Tokens per Minute": {"unit": "tokens/min", "min": 51960.34593839473, "p50": 51960.34593839473, "p90": 51960.34593839473, "p95": 51960.34593839473, "p99": 51960.34593839473, "max": 51960.34593839473}}
{"actual_qps": 5.543693103908186, "success_rate": 100.0, "input_tokens": 3984, "output_tokens": 179, "model": "meta-llama/Llama-3.1-8B-Instruct", "input_tokens_per_minute": 1168528.1709802314, "output_tokens_per_minute": 52561.09923778228, "slo_seconds": 5.0, "slo_attainment": 32.21476510067114, "ttft_slo_ms": 1000, "ttft_slo_attainment": 20.13422818791946, "tpot_slo_ms": 50, "tpot_slo_attainment": 91.61073825503355, "Latency": {"unit": "s", "min": 1.2341897070873529, "p50": 6.884510544477962, "p90": 15.28863213041332, "p95": 18.601243068149767, "p99": 24.03037895430345, "max": 25.404152665985748}, "Throughput": {"unit": "tokens/s", "min": 2.1427321317997703, "p50": 25.395214718482332, "p90": 45.346235625604486, "p95": 48.23247845867325, "p99": 58.40077294578628, "max": 62.12356820073384}, "TTFT": {"unit": "s", "min": 0.3452180700842291, "p50": 2.224105451023206, "p90": 7.665227393643, "p95": 10.529700708959718, "p99": 11.452310377715593, "max": 12.891711617121473}, "TPOT": {"unit": "ms", "min": 2.6005102957987303, "p50": 25.39585034676533, "p90": 47.77293261854287, "p95": 55.495111860743975, "p99": 73.99254943484334, "max": 138.88690045639646}, "Input Tokens per Minute": {"unit": "tokens/min", "min": 1168528.1709802314, "p50": 1168528.1709802314, "p90": 1168528.1709802314, "p95": 1168528.1709802314, "p99": 1168528.1709802314, "max": 1168528.1709802314}, "Output Tokens per Minute": {"unit": "tokens/min", "min": 52561.09923778228, "p50": 52561.09923778228, "p90": 52561.09923778228, "p95": 52561.09923778228, "p99": 52561.09923778228, "max": 52561.09923778228}}
{"actual_qps": 5.481978160548273, "success_rate": 100.0, "input_tokens": 4014, "output_tokens": 171, "model": "meta-llama/Llama-3.1-8B-Instruct", "input_tokens_per_minute": 1027282.0873345613, "output_tokens_per_minute": 43826.33829276055, "slo_seconds": 5.0, "slo_attainment": 1.5384615384615385, "ttft_slo_ms": 1000, "ttft_slo_attainment": 0.38461538461538464, "tpot_slo_ms": 50, "tpot_slo_attainment": 35.0, "Latency": {"unit": "s", "min": 1.6682551759295166, "p50": 19.730148363974877, "p90": 28.63821083731018, "p95": 29.940638602117534, "p99": 33.39974595910637, "max": 35.221065582940355}, "Throughput": {"unit": "tokens/s", "min": 0.5201082541129132, "p50": 8.886039031265437, "p90": 14.705882744508049, "p95": 16.01546974074392, "p99": 19.82018379289321, "max": 32.98582052270243}, "TTFT": {"unit": "s", "min": 0.7719056541100144, "p50": 11.310074725886807, "p90": 17.385325492289848, "p95": 19.0283685385948, "p99": 23.84299610149592, "max": 31.30894680088386}, "TPOT": {"unit": "ms", "min": 9.653233176765916, "p50": 54.227286248336824, "p90": 72.83448234537438, "p95": 79.2193152435152, "p99": 183.2951908253658, "max": 337.63298370176926}, "Input Tokens per Minute": {"unit": "tokens/min", "min": 1027282.0873345613, "p50": 1027282.0873345613, "p90": 1027282.0873345613, "p95": 1027282.0873345613, "p99": 1027282.0873345613, "max": 1027282.0873345613}, "Output Tokens per Minute": {"unit": "tokens/min", "min": 43826.33829276055, "p50": 43826.33829276055, "p90": 43826.33829276055, "p95": 43826.33829276055, "p99": 43826.33829276055, "max": 43826.33829276055}}
{"actual_qps": 5.658373214330564, "success_rate": 100.0, "input_tokens": 4055, "output_tokens": 180, "model": "meta-llama/Llama-3.1-8B-Instruct", "input_tokens_per_minute": 1268994.0121613005, "output_tokens_per_minute": 56449.89931597538, "slo_seconds": 5.0, "slo_attainment": 0.9433962264150944, "ttft_slo_ms": 1000, "ttft_slo_attainment": 1.257861635220126, "tpot_slo_ms": 50, "tpot_slo_attainment": 32.075471698113205, "Latency": {"unit": "s", "min": 3.4836586168967187, "p50": 25.516399323940277, "p90": 31.186270841071384, "p95": 32.25223779440857, "p99": 34.245166373269164, "max": 39.966068919049576}, "Throughput": {"unit": "tokens/s", "min": 0.9886015597868365, "p50": 7.300032512783932, "p90": 12.499579608395385, "p95": 14.209562949240656, "p99": 18.324636794572477, "max": 20.918401059996043}, "TTFT": {"unit": "s", "min": 0.4464553138241172, "p50": 15.239248126512393, "p90": 18.307704608561473, "p95": 19.90164444738766, "p99": 21.33983491516206, "max": 21.88178412988782}, "TPOT": {"unit": "ms", "min": 4.280545855746479, "p50": 58.26567596931422, "p90": 76.5337341841797, "p95": 86.1275576879902, "p99": 129.30181942243487, "max": 194.90752299316227}, "Input Tokens per Minute": {"unit": "tokens/min", "min": 1268994.0121613005, "p50": 1268994.0121613005, "p90": 1268994.0121613005, "p95": 1268994.0121613005, "p99": 1268994.0121613005, "max": 1268994.0121613005}, "Output Tokens per Minute": {"unit": "tokens/min", "min": 56449.89931597538, "p50": 56449.89931597538, "p90": 56449.89931597538, "p95": 56449.89931597538, "p99": 56449.89931597538, "max": 56449.89931597538}}
{"actual_qps": 5.852612339764023, "success_rate": 100.0, "input_tokens": 4012, "output_tokens": 179, "model": "meta-llama/Llama-3.1-8B-Instruct", "input_tokens_per_minute": 1614332.4552872297, "output_tokens_per_minute": 72246.81071316433, "slo_seconds": 5.0, "slo_attainment": 1.9559902200488997, "ttft_slo_ms": 1000, "ttft_slo_attainment": 1.7114914425427872, "tpot_slo_ms": 50, "tpot_slo_attainment": 45.2322738386308, "Latency": {"unit": "s", "min": 1.6468305008020252, "p50": 23.62478962400928, "p90": 29.689905484765767, "p95": 31.12873282311484, "p99": 33.90141163157299, "max": 35.89732622797601}, "Throughput": {"unit": "tokens/s", "min": 0.958606561736559, "p50": 7.836029352461951, "p90": 12.329588307804235, "p95": 15.248903662068924, "p99": 27.267625447183196, "max": 58.78004892905226}, "TTFT": {"unit": "s", "min": 0.7194275390356779, "p50": 14.401562759187073, "p90": 18.108002573624255, "p95": 18.7095121466089, "p99": 19.937990470053634, "max": 21.618797820992768}, "TPOT": {"unit": "ms", "min": 8.60190133086813, "p50": 50.88329928150241, "p90": 76.87689039748555, "p95": 85.96273563221918, "p99": 162.51944356816688, "max": 326.0525331939929}, "Input Tokens per Minute": {"unit": "tokens/min", "min": 1614332.4552872297, "p50": 1614332.4552872297, "p90": 1614332.4552872297, "p95": 1614332.4552872297, "p99": 1614332.4552872297, "max": 1614332.4552872297}, "Output Tokens per Minute": {"unit": "tokens/min", "min": 72246.81071316433, "p50": 72246.81071316433, "p90": 72246.81071316433, "p95": 72246.81071316433, "p99": 72246.81071316433, "max": 72246.81071316433}}
{"actual_qps": 5.67209026905893, "success_rate": 100.0, "input_tokens": 4030, "output_tokens": 171,