{"actual_qps": 5.190904610681156, "success_rate": 100.0, "input_tokens": 3978, "output_tokens": 170, "model": "meta-llama/Llama-3.1-8B-Instruct", "input_tokens_per_minute": 979410.9832497023, "output_tokens_per_minute": 42067.09096496009, "slo_seconds": 5.0, "slo_attainment": 39.3574297188755, "ttft_slo_ms": 1000, "ttft_slo_attainment": 24.096385542168676, "tpot_slo_ms": 50, "tpot_slo_attainment": 97.59036144578313, "Latency": {"unit": "s", "min": 0.7568383880425245, "p50": 5.699308383977041, "p90": 8.698040288081394, "p95": 11.275210857670752, "p99": 14.755095331501225, "max": 17.15819512400776}, "Throughput": {"unit": "tokens/s", "min": 5.076856813457, "p50": 30.98916163543067, "p90": 46.89989255375372, "p95": 51.13415658118331, "p99": 56.708993016656464, "max": 59.123188806072946}, "TTFT": {"unit": "s", "min": 0.32061882014386356, "p50": 1.5848309840075672, "p90": 4.0259323185309785, "p95": 5.515050530666485, "p99": 7.852108817249543, "max": 9.300454783020541}, "TPOT": {"unit": "ms", "min": 1.4434293621505174, "p50": 21.353332397186353, "p90": 34.37781149327113, "p95": 43.69142644698181, "p99": 53.663126192810694, "max": 55.24759586951953}, "Input Tokens per Minute": {"unit": "tokens/min", "min": 979410.9832497023, "p50": 979410.9832497023, "p90": 979410.9832497023, "p95": 979410.9832497023, "p99": 979410.9832497023, "max": 979410.9832497023}, "Output Tokens per Minute": {"unit": "tokens/min", "min": 42067.09096496009, "p50": 42067.09096496009, "p90": 42067.09096496009, "p95": 42067.09096496009, "p99": 42067.09096496009, "max": 42067.09096496009}}
{"actual_qps": 5.226493452923477, "success_rate": 100.0, "input_tokens": 3897, "output_tokens": 179, "model": "meta-llama/Llama-3.1-8B-Instruct", "input_tokens_per_minute": 1113808.9417107818, "output_tokens_per_minute": 51366.225796094615, "slo_seconds": 5.0, "slo_attainment": 1.7301038062283738, "ttft_slo_ms": 1000, "ttft_slo_attainment": 0.6920415224913495, "tpot_slo_ms": 50, "tpot_slo_attainment": 48.09688581314879, "Latency": {"unit": "s", "min": 2.8203731349203736, "p50": 17.708667318103835, "p90": 28.46116036111489, "p95": 30.691953340638428, "p99": 34.919061955204235, "max": 35.97079086303711}, "Throughput": {"unit": "tokens/s", "min": 1.5641658682562052, "p50": 10.221535232645587, "p90": 17.702476878947678, "p95": 19.271648674035163, "p99": 30.012329738412976, "max": 70.912602848079}, "TTFT": {"unit": "s", "min": 0.8717038340400904, "p50": 9.088843054138124, "p90": 16.806429788609968, "p95": 19.646284610778093, "p99": 23.30782748082653, "max": 31.67003763001412}, "TPOT": {"unit": "ms", "min": 2.662390647773546, "p50": 50.35468606961582, "p90": 74.25105987285176, "p95": 81.2889772514864, "p99": 103.1975615536436, "max": 111.46246225883563}, "Input Tokens per Minute": {"unit": "tokens/min", "min": 1113808.9417107818, "p50": 1113808.9417107818, "p90": 1113808.9417107818, "p95": 1113808.9417107818, "p99": 1113808.9417107818, "max": 1113808.9417107818}, "Output Tokens per Minute": {"unit": "tokens/min", "min": 51366.225796094615, "p50": 51366.225796094615, "p90": 51366.225796094615, "p95": 51366.225796094615, "p99": 51366.225796094615, "max": 51366.225796094615}}
{"actual_qps": 5.056722819597342, "success_rate": 100.0, "input_tokens": 4035, "output_tokens": 178, "model": "meta-llama/Llama-3.1-8B-Instruct", "input_tokens_per_minute": 1013391.1392030887, "output_tokens_per_minute": 44885.9993544938, "slo_seconds": 5.0, "slo_attainment": 1.1811023622047243, "ttft_slo_ms": 1000, "ttft_slo_attainment": 1.968503937007874, "tpot_slo_ms": 50, "tpot_slo_attainment": 27.559055118110237, "Latency": {"unit": "s", "min": 2.3148188279010355, "p50": 24.907227103947662, "p90": 32.07142296035308, "p95": 33.15227467891527, "p99": 34.69609667996643, "max": 36.134137232089415}, "Throughput": {"unit": "tokens/s", "min": 0.9536189739284116, "p50": 7.351334783306331, "p90": 13.419735284294726, "p95": 16.622649045306773, "p99": 19.05958385603535, "max": 21.326683509898665}, "TTFT": {"unit": "s", "min": 0.3337138029746711, "p50": 15.44056680391077, "p90": 18.5122785652522, "p95": 19.121272252395283, "p99": 21.848436828777192, "max": 22.610101342899725}, "TPOT": {"unit": "ms", "min": 7.145975357221075, "p50": 57.33378270677984, "p90": 80.43476994870109, "p95": 90.73375618394144, "p99": 130.25601173495588, "max": 207.66387436176754}, "Input Tokens per Minute": {"unit": "tokens/min", "min": 1013391.1392030887, "p50": 1013391.1392030887, "p90": 1013391.1392030887, "p95": 1013391.1392030887, "p99": 1013391.1392030887, "max": 1013391.1392030887}, "Output Tokens per Minute": {"unit": "tokens/min", "min": 44885.9993544938, "p50": 44885.9993544938, "p90": 44885.9993544938, "p95": 44885.9993544938, "p99": 44885.9993544938, "max": 44885.9993544938}}
{"actual_qps": 5.059043230121067, "success_rate": 100.0, "input_tokens": 3975, "output_tokens": 179, "model": "meta-llama/Llama-3.1-8B-Instruct", "input_tokens_per_minute": 1265699.7543379893, "output_tokens_per_minute": 57134.55674823059, "slo_seconds": 5.0, "slo_attainment": 2.1739130434782608, "ttft_slo_ms": 1000, "ttft_slo_attainment": 2.7950310559006213, "tpot_slo_ms": 50, "tpot_slo_attainment": 39.130434782608695, "Latency": {"unit": "s", "min": 2.4381177800241858, "p50": 24.303471934399568, "p90": 30.193144371127712, "p95": 31.78314652676927, "p99": 33.73595830874518, "max": 37.6237044390291}, "Throughput": {"unit": "tokens/s", "min": 0.9909328500388028, "p50": 7.475419512221535, "p90": 15.875046144259654, "p95": 20.179475457442184, "p99": 49.360930823433534, "max": 82.03049156961401}, "TTFT": {"unit": "s", "min": 0.23669479694217443, "p50": 15.471276019932702, "p90": 18.285443344456144, "p95": 18.735348993365186, "p99": 19.261081030112692, "max": 20.36592785990797}, "TPOT": {"unit": "ms", "min": 2.9413756626616023, "p50": 52.918326912269976, "p90": 74.53913442748389, "p95": 82.70624680029246, "p99": 110.79954476279646, "max": 175.13560088734855}, "Input Tokens per Minute": {"unit": "tokens/min", "min": 1265699.7543379893, "p50": 1265699.7543379893, "p90": 1265699.7543379893, "p95": 1265699.7543379893, "p99": 1265699.7543379893, "max": 1265699.7543379893}, "Output Tokens per Minute": {"unit": "tokens/min", "min": 57134.55674823059, "p50": 57134.55674823059, "p90": 57134.55674823059, "p95": 57134.55674823059, "p99": 57134.55674823059, "max": 57134.55674823059}}
{"actual_qps": 5.000039178261365, "success_rate": 100.0, "input_tokens": 3911, "output_tokens": 180, "model": "meta-llama/Llama-3.1-8B-Instruct", "input_tokens_per_minute": 1204287.1412193687, "output_tokens_per_minute": 55599.77991942333, "slo_seconds": 5.0, "slo_attainment": 0.3194888178913738, "ttft_slo_ms": 1000, "ttft_slo_attainment": 2.2364217252396164, "tpot_slo_ms": 50, "tpot_slo_attainment": 31.309904153354633, "Latency": {"unit": "s", "min": 2.406883721007034, "p50": 26.686731240944937, "p90": 31.315109920781108, "p95": 32.71103601306676, "p99": 34.63872478480451, "max": 36.73334354092367}, "Throughput": {"unit": "tokens/s", "min": 1.2525324242524125, "p50": 7.047167408968647, "p90": 10.647514883317148, "p95": 17.018512088102444, "p99": 25.570618558729446, "max": 35.866360890503906}, "TTFT": {"unit": "s", "min": 0.6366306440904737, "p50": 15.729676773073152, "p90": 18.196531782252713, "p95": 18.540843290602787, "p99": 21.137557793259614, "max": 21.755151830846444}, "TPOT": {"unit": "ms", "min": 13.553967316817474, "p50": 57.44651184375187, "p90": 78.31350537314067, "p95": 88.06328933898993, "p99": 116.28493904338686, "max": 217.35652210190892}, "Input Tokens per Minute": {"unit": "tokens/min", "min": 1204287.1412193687, "p50": 1204287.1412193687, "p90": 1204287.1412193687, "p95": 1204287.1412193687, "p99": 1204287.1412193687, "max": 1204287.1412193687}, "Output Tokens per Minute": {"unit": "tokens/min", "min": 55599.77991942333, "p50": 55599.77991942333, "p90": 55599.77991942333, "p95": 55599.77991942333, "p99": 55599.77991942333, "max": 55599.77991942333}}
{"actual_qps": 5.065573987640583, "success_rate": 100.0,