{"actual_qps": 5.284451664219802, "success_rate": 100.0, "input_tokens": 4128, "output_tokens": 174, "model": "meta-llama/Llama-3.1-8B-Instruct", "input_tokens_per_minute": 1247509.9468095114, "output_tokens_per_minute": 52740.48417683343, "slo_seconds": 5.0, "slo_attainment": 42.43421052631579, "ttft_slo_ms": 1000, "ttft_slo_attainment": 24.342105263157894, "tpot_slo_ms": 50, "tpot_slo_attainment": 99.67105263157895, "Latency": {"unit": "s", "min": 0.6618641619570553, "p50": 6.87273543595802, "p90": 10.99545678643044, "p95": 12.803696620347909, "p99": 17.283485741934246, "max": 22.22671529999934}, "Throughput": {"unit": "tokens/s", "min": 0.8098362604212838, "p50": 24.127874715816617, "p90": 70.58292387327248, "p95": 79.03875542170924, "p99": 90.94496987376641, "max": 95.29886932663108}, "TTFT": {"unit": "s", "min": 0.12280799495056272, "p50": 4.666785418521613, "p90": 8.589252483146264, "p95": 9.922651848534588, "p99": 14.90705399699042, "max": 21.924477635184303}, "TPOT": {"unit": "ms", "min": 2.5773550169394603, "p50": 13.215000675663578, "p90": 21.541735973230107, "p95": 22.520036215883373, "p99": 34.267542169502704, "max": 58.24515797287123}, "Input Tokens per Minute": {"unit": "tokens/min", "min": 1247509.9468095114, "p50": 1247509.9468095114, "p90": 1247509.9468095114, "p95": 1247509.9468095114, "p99": 1247509.9468095114, "max": 1247509.9468095114}, "Output Tokens per Minute": {"unit": "tokens/min", "min": 52740.48417683343, "p50": 52740.48417683343, "p90": 52740.48417683343, "p95": 52740.48417683343, "p99": 52740.48417683343, "max": 52740.48417683343}}
{"actual_qps": 5.116294965443913, "success_rate": 100.0, "input_tokens": 4233, "output_tokens": 179, "model": "meta-llama/Llama-3.1-8B-Instruct", "input_tokens_per_minute": 1123420.4196989436, "output_tokens_per_minute": 47651.507527152164, "slo_seconds": 5.0, "slo_attainment": 56.17977528089888, "ttft_slo_ms": 1000, "ttft_slo_attainment": 38.57677902621723, "tpot_slo_ms": 50, "tpot_slo_attainment": 98.50187265917603, "Latency": {"unit": "s", "min": 0.8690483970567584, "p50": 4.767078450880945, "p90": 8.149099530791865, "p95": 10.526511707319878, "p99": 15.25760830059647, "max": 16.600919028976932}, "Throughput": {"unit": "tokens/s", "min": 3.573740792543373, "p50": 37.27462909894378, "p90": 55.61472691934759, "p95": 60.35989828409892, "p99": 73.91132017834167, "max": 77.21643221438119}, "TTFT": {"unit": "s", "min": 0.09683055896311998, "p50": 1.1669947949703783, "p90": 3.1612375847529623, "p95": 4.055141050601377, "p99": 7.450328638749194, "max": 9.707814514171332}, "TPOT": {"unit": "ms", "min": 8.162348832566348, "p50": 19.5400108391391, "p90": 32.422389972088475, "p95": 36.29136790138935, "p99": 52.82491878113325, "max": 58.53631324134767}, "Input Tokens per Minute": {"unit": "tokens/min", "min": 1123420.4196989436, "p50": 1123420.4196989436, "p90": 1123420.4196989436, "p95": 1123420.4196989436, "p99": 1123420.4196989436, "max": 1123420.4196989436}, "Output Tokens per Minute": {"unit": "tokens/min", "min": 47651.507527152164, "p50": 47651.507527152164, "p90": 47651.507527152164, "p95": 47651.507527152164, "p99": 47651.507527152164, "max": 47651.507527152164}}
{"actual_qps": 5.0550178033456135, "success_rate": 100.0, "input_tokens": 4330, "output_tokens": 175, "model": "meta-llama/Llama-3.1-8B-Instruct", "input_tokens_per_minute": 1024461.6867082822, "output_tokens_per_minute": 41419.73616807343, "slo_seconds": 5.0, "slo_attainment": 3.319502074688797, "ttft_slo_ms": 1000, "ttft_slo_attainment": 0.8298755186721992, "tpot_slo_ms": 50, "tpot_slo_attainment": 57.26141078838174, "Latency": {"unit": "s", "min": 1.5470500600058585, "p50": 14.616333053912967, "p90": 22.063194873044267, "p95": 24.81694752513431, "p99": 27.501779509196055, "max": 30.464505679905415}, "Throughput": {"unit": "tokens/s", "min": 0.7893575405745794, "p50": 12.115249252462489, "p90": 19.000985152419133, "p95": 22.610834826248542, "p99": 34.75034025431644, "max": 55.4999773989966}, "TTFT": {"unit": "s", "min": 0.7800569569226354, "p50": 6.234233936993405, "p90": 12.840325434925035, "p95": 14.27772305905819, "p99": 17.32870358410291, "max": 22.13682288187556}, "TPOT": {"unit": "ms", "min": 1.534605502904435, "p50": 47.26325013515675, "p90": 65.58762855790367, "p95": 71.74907746623089, "p99": 118.9922813664278, "max": 214.07283049645937}, "Input Tokens per Minute": {"unit": "tokens/min", "min": 1024461.6867082822, "p50": 1024461.6867082822, "p90": 1024461.6867082822, "p95": 1024461.6867082822, "p99": 1024461.6867082822, "max": 1024461.6867082822}, "Output Tokens per Minute": {"unit": "tokens/min", "min": 41419.73616807343, "p50": 41419.73616807343, "p90": 41419.73616807343, "p95": 41419.73616807343, "p99": 41419.73616807343, "max": 41419.73616807343}}
{"actual_qps": 5.143407612986924, "success_rate": 100.0, "input_tokens": 4236, "output_tokens": 177, "model": "meta-llama/Llama-3.1-8B-Instruct", "input_tokens_per_minute": 1443030.9026212692, "output_tokens_per_minute": 60349.06011710647, "slo_seconds": 5.0, "slo_attainment": 1.1527377521613833, "ttft_slo_ms": 1000, "ttft_slo_attainment": 1.1527377521613833, "tpot_slo_ms": 50, "tpot_slo_attainment": 37.17579250720461, "Latency": {"unit": "s", "min": 2.27758295298554, "p50": 22.013104252051562, "p90": 30.91254757805728, "p95": 32.39403445357457, "p99": 34.88977288379334, "max": 36.856166088953614}, "Throughput": {"unit": "tokens/s", "min": 0.7653180718877124, "p50": 7.401487650466551, "p90": 13.344196469036925, "p95": 14.945589905395096, "p99": 18.76231209060177, "max": 26.120729847127546}, "TTFT": {"unit": "s", "min": 0.6093363841064274, "p50": 14.319805231876671, "p90": 18.299699286790567, "p95": 19.563381829555144, "p99": 22.37516428536271, "max": 24.65703716594726}, "TPOT": {"unit": "ms", "min": 10.399590162864037, "p50": 58.3136249696321, "p90": 81.61845745954045, "p95": 88.2619585451113, "p99": 173.89205932833408, "max": 386.47160635275003}, "Input Tokens per Minute": {"unit": "tokens/min", "min": 1443030.9026212692, "p50": 1443030.9026212692, "p90": 1443030.9026212692, "p95": 1443030.9026212692, "p99": 1443030.9026212692, "max": 1443030.9026212692}, "Output Tokens per Minute": {"unit": "tokens/min", "min": 60349.06011710647, "p50": 60349.06011710647, "p90": 60349.06011710647, "p95": 60349.06011710647, "p99": 60349.06011710647, "max": 60349.06011710647}}
{"actual_qps": 5.082961531886419, "success_rate": 100.0, "input_tokens": 4286, "output_tokens": 172, "model": "meta-llama/Llama-3.1-8B-Instruct", "input_tokens_per_minute": 1199077.7065455199, "output_tokens_per_minute": 48354.435348779596, "slo_seconds": 5.0, "slo_attainment": 3.1578947368421053, "ttft_slo_ms": 1000, "ttft_slo_attainment": 1.7543859649122806, "tpot_slo_ms": 50, "tpot_slo_attainment": 41.40350877192983, "Latency": {"unit": "s", "min": 1.8747903821058571, "p50": 23.794238419039175, "p90": 30.133177646435797, "p95": 30.75025600916706, "p99": 32.46699251610787, "max": 34.141416747123}, "Throughput": {"unit": "tokens/s", "min": 0.9527780358362552, "p50": 7.491461944175267, "p90": 13.304215771218146, "p95": 16.994915394862115, "p99": 20.182139932298877, "max": 54.46518998966689}, "TTFT": {"unit": "s", "min": 0.6846348110120744, "p50": 14.712575464043766, "p90": 17.992436465481298, "p95": 18.859650557814167, "p99": 20.511285095121714, "max": 20.802361318841577}, "TPOT": {"unit": "ms", "min": 10.81589259319569, "p50": 53.650808205884225, "p90": 78.9159395512025, "p95": 89.2187219638235, "p99": 176.8093564751373, "max": 245.1114144283705}, "Input Tokens per Minute": {"unit": "tokens/min", "min": 1199077.7065455199, "p50": 1199077.7065455199, "p90": 1199077.7065455199, "p95": 1199077.7065455199, "p99": 1199077.7065455199, "max": 1199077.7065455199}, "Output Tokens per Minute": {"unit": "tokens/min", "min": 48354.435348779596, "p50": 48354.435348779596, "p90": 48354.435348779596, "p95": 48354.435348779596, "p99": 48354.435348779596, "max": 48354.435348779596}}
{"actual_qps": 5.266254964455425,