{"actual_qps": 5.385673950162314, "success_rate": 100.0, "input_tokens": 4123, "output_tokens": 175, "model": "meta-llama/Llama-3.1-8B-Instruct", "input_tokens_per_minute": 1189958.2360075053, "output_tokens_per_minute": 50601.61840220394, "slo_seconds": 5.0, "slo_attainment": 86.98630136986301, "ttft_slo_ms": 1000, "ttft_slo_attainment": 96.57534246575342, "tpot_slo_ms": 50, "tpot_slo_attainment": 99.65753424657534, "Latency": {"unit": "s", "min": 0.5083430169615895, "p50": 3.196897082030773, "p90": 5.281052289204672, "p95": 6.026480731228364, "p99": 7.124733645848458, "max": 8.100853180978447}, "Throughput": {"unit": "tokens/s", "min": 8.05129363999501, "p50": 54.342920252444145, "p90": 73.59207056926167, "p95": 79.27011365087128, "p99": 86.43489872649386, "max": 93.24862759915524}, "TTFT": {"unit": "s", "min": 0.07406109594739974, "p50": 0.4585208100033924, "p90": 0.7498984721256421, "p95": 0.8724594881059599, "p99": 1.1883319014660083, "max": 3.1498861389700323}, "TPOT": {"unit": "ms", "min": 6.92655987222679, "p50": 15.140220593948047, "p90": 24.760232297492294, "p95": 28.924488931841225, "p99": 35.52787271024578, "max": 85.75862863868036}, "Input Tokens per Minute": {"unit": "tokens/min", "min": 1189958.2360075053, "p50": 1189958.2360075053, "p90": 1189958.2360075053, "p95": 1189958.2360075053, "p99": 1189958.2360075053, "max": 1189958.2360075053}, "Output Tokens per Minute": {"unit": "tokens/min", "min": 50601.61840220394, "p50": 50601.61840220394, "p90": 50601.61840220394, "p95": 50601.61840220394, "p99": 50601.61840220394, "max": 50601.61840220394}}
{"actual_qps": 5.543208370156596, "success_rate": 100.0, "input_tokens": 4017, "output_tokens": 177, "model": "meta-llama/Llama-3.1-8B-Instruct", "input_tokens_per_minute": 1103049.9215878618, "output_tokens_per_minute": 48701.185538016645, "slo_seconds": 5.0, "slo_attainment": 8.24372759856631, "ttft_slo_ms": 1000, "ttft_slo_attainment": 14.695340501792115, "tpot_slo_ms": 50, "tpot_slo_attainment": 29.03225806451613, "Latency": {"unit": "s", "min": 1.54557603597641, "p50": 13.895100350026041, "p90": 24.771951604122297, "p95": 26.658288181992248, "p99": 28.208216940523105, "max": 30.249709711875767}, "Throughput": {"unit": "tokens/s", "min": 1.3486736347600852, "p50": 12.59260269464836, "p90": 29.76465512185572, "p95": 39.58727153851573, "p99": 44.66107247925203, "max": 52.018108004618156}, "TTFT": {"unit": "s", "min": 0.23001158190891147, "p50": 2.7589438820723444, "p90": 8.332918147696182, "p95": 9.469736498198467, "p99": 10.83733251016121, "max": 11.430172662017867}, "TPOT": {"unit": "ms", "min": 0.5663549948727066, "p50": 63.84036636045103, "p90": 96.47481922644158, "p95": 107.14774474214975, "p99": 205.63660327562383, "max": 294.3566416472416}, "Input Tokens per Minute": {"unit": "tokens/min", "min": 1103049.9215878618, "p50": 1103049.9215878618, "p90": 1103049.9215878618, "p95": 1103049.9215878618, "p99": 1103049.9215878618, "max": 1103049.9215878618}, "Output Tokens per Minute": {"unit": "tokens/min", "min": 48701.185538016645, "p50": 48701.185538016645, "p90": 48701.185538016645, "p95": 48701.185538016645, "p99": 48701.185538016645, "max": 48701.185538016645}}
{"actual_qps": 5.493629102965141, "success_rate": 100.0, "input_tokens": 3937, "output_tokens": 167, "model": "meta-llama/Llama-3.1-8B-Instruct", "input_tokens_per_minute": 1084894.9943678316, "output_tokens_per_minute": 46035.2999714203, "slo_seconds": 5.0, "slo_attainment": 1.4285714285714286, "ttft_slo_ms": 1000, "ttft_slo_attainment": 2.142857142857143, "tpot_slo_ms": 50, "tpot_slo_attainment": 3.9285714285714284, "Latency": {"unit": "s", "min": 2.136847878806293, "p50": 19.584200871526264, "p90": 30.040612725564277, "p95": 32.463400100241415, "p99": 34.10635019428562, "max": 34.95619757194072}, "Throughput": {"unit": "tokens/s", "min": 1.3045972134562558, "p50": 8.285830178797191, "p90": 14.102050110723765, "p95": 15.144222510787857, "p99": 16.838507311877088, "max": 17.604346520659345}, "TTFT": {"unit": "s", "min": 0.6447531001176685, "p50": 4.176383723970503, "p90": 10.386870418651961, "p95": 11.166370866051876, "p99": 11.598543119016103, "max": 11.77279128599912}, "TPOT": {"unit": "ms", "min": 0.8863539998910984, "p50": 89.2442188385977, "p90": 150.38353051060304, "p95": 215.71776626931054, "p99": 247.44389725184575, "max": 268.8318512742766}, "Input Tokens per Minute": {"unit": "tokens/min", "min": 1084894.9943678316, "p50": 1084894.9943678316, "p90": 1084894.9943678316, "p95": 1084894.9943678316, "p99": 1084894.9943678316, "max": 1084894.9943678316}, "Output Tokens per Minute": {"unit": "tokens/min", "min": 46035.2999714203, "p50": 46035.2999714203, "p90": 46035.2999714203, "p95": 46035.2999714203, "p99": 46035.2999714203, "max": 46035.2999714203}}
{"actual_qps": 5.6721884136872, "success_rate": 100.0, "input_tokens": 4012, "output_tokens": 178, "model": "meta-llama/Llama-3.1-8B-Instruct", "input_tokens_per_minute": 1192027.1166166596, "output_tokens_per_minute": 53063.15867396243, "slo_seconds": 5.0, "slo_attainment": 0.0, "ttft_slo_ms": 1000, "ttft_slo_attainment": 0.0, "tpot_slo_ms": 50, "tpot_slo_attainment": 7.6158940397351, "Latency": {"unit": "s", "min": 6.044311116915196, "p50": 25.347815360990353, "p90": 35.28673674683087, "p95": 36.35631603933871, "p99": 38.078270906291436, "max": 39.82228534598835}, "Throughput": {"unit": "tokens/s", "min": 1.0750251922838148, "p50": 6.9353903702313, "p90": 11.598246350655254, "p95": 12.784672253891593, "p99": 13.970885470971542, "max": 14.214776176180157}, "TTFT": {"unit": "s", "min": 1.8991314270533621, "p50": 9.084558030590415, "p90": 12.835510771628472, "p95": 13.79047714957269, "p99": 14.007748812292702, "max": 18.494458419969305}, "TPOT": {"unit": "ms", "min": 2.9554856079981557, "p50": 96.29788242711044, "p90": 132.45131186450647, "p95": 202.52608162876086, "p99": 253.00939318917483, "max": 502.5143464068499}, "Input Tokens per Minute": {"unit": "tokens/min", "min": 1192027.1166166596, "p50": 1192027.1166166596, "p90": 1192027.1166166596, "p95": 1192027.1166166596, "p99": 1192027.1166166596, "max": 1192027.1166166596}, "Output Tokens per Minute": {"unit": "tokens/min", "min": 53063.15867396243, "p50": 53063.15867396243, "p90": 53063.15867396243, "p95": 53063.15867396243, "p99": 53063.15867396243, "max": 53063.15867396243}}
{"actual_qps": 5.852479640345175, "success_rate": 100.0, "input_tokens": 4039, "output_tokens": 181, "model": "meta-llama/Llama-3.1-8B-Instruct", "input_tokens_per_minute": 1752067.1578353825, "output_tokens_per_minute": 78936.67161293798, "slo_seconds": 5.0, "slo_attainment": 0.0, "ttft_slo_ms": 1000, "ttft_slo_attainment": 1.3605442176870748, "tpot_slo_ms": 50, "tpot_slo_attainment": 17.233560090702948, "Latency": {"unit": "s", "min": 6.674540824024007, "p50": 24.600470995064825, "p90": 35.44868533289991, "p95": 36.932180115021765, "p99": 39.26954225213267, "max": 40.67344243102707}, "Throughput": {"unit": "tokens/s", "min": 1.04914337886524, "p50": 7.21037105969244, "p90": 10.972803709867954, "p95": 12.533094145881428, "p99": 14.082555868493792, "max": 14.916288242015208}, "TTFT": {"unit": "s", "min": 0.36526955501176417, "p50": 10.207716878969222, "p90": 13.062757301144302, "p95": 13.765546069014817, "p99": 14.607043663738295, "max": 15.893358584027737}, "TPOT": {"unit": "ms", "min": 2.3828258038259778, "p50": 95.0310963121753, "p90": 124.6702882915211, "p95": 137.80211390022345, "p99": 228.27988651790548, "max": 254.37404031187972}, "Input Tokens per Minute": {"unit": "tokens/min", "min": 1752067.1578353825, "p50": 1752067.1578353825, "p90": 1752067.1578353825, "p95": 1752067.1578353825, "p99": 1752067.1578353825, "max": 1752067.1578353825}, "Output Tokens per Minute": {"unit": "tokens/min", "min": 78936.67161293798, "p50": 78936.67161293798, "p90": 78936.67161293798, "p95": 78936.67161293798, "p99": 78936.67161293798, "max": 78936.67161293798}}
{"actual_qps": 5.721392111019702, "success_rate": 100.0, "input_tokens": 4019, "output_tokens": 173,