{"actual_qps": 5.061761529225066, "success_rate": 100.0, "input_tokens": 4179, "output_tokens": 175, "model": "meta-llama/Llama-3.1-8B-Instruct", "input_tokens_per_minute": 907265.4896352576, "output_tokens_per_minute": 38087.68101498861, "slo_seconds": 5.0, "slo_attainment": 38.07339449541284, "ttft_slo_ms": 1000, "ttft_slo_attainment": 51.37614678899083, "tpot_slo_ms": 50, "tpot_slo_attainment": 83.4862385321101, "Latency": {"unit": "s", "min": 0.7229242988396436, "p50": 5.497074860497378, "p90": 14.751771806692705, "p95": 17.540031362208534, "p99": 21.56154458988223, "max": 24.750465016113594}, "Throughput": {"unit": "tokens/s", "min": 2.6118672568008283, "p50": 34.378434284685255, "p90": 46.38597732961349, "p95": 50.720791535164636, "p99": 57.609856519130375, "max": 59.71452461785955}, "TTFT": {"unit": "s", "min": 0.13100857404060662, "p50": 0.9825667374534532, "p90": 4.411594287189655, "p95": 5.601068529195616, "p99": 8.895226160574206, "max": 10.635305072180927}, "TPOT": {"unit": "ms", "min": 6.134760647956001, "p50": 24.094997976018956, "p90": 66.50900489103104, "p95": 76.11388639497655, "p99": 163.1365421037961, "max": 177.19280432044928}, "Input Tokens per Minute": {"unit": "tokens/min", "min": 907265.4896352576, "p50": 907265.4896352576, "p90": 907265.4896352576, "p95": 907265.4896352576, "p99": 907265.4896352576, "max": 907265.4896352576}, "Output Tokens per Minute": {"unit": "tokens/min", "min": 38087.68101498861, "p50": 38087.68101498861, "p90": 38087.68101498861, "p95": 38087.68101498861, "p99": 38087.68101498861, "max": 38087.68101498861}}
{"actual_qps": 4.929527561019432, "success_rate": 100.0, "input_tokens": 4068, "output_tokens": 181, "model": "meta-llama/Llama-3.1-8B-Instruct", "input_tokens_per_minute": 1101910.9653582615, "output_tokens_per_minute": 49029.05196904599, "slo_seconds": 5.0, "slo_attainment": 1.8382352941176472, "ttft_slo_ms": 1000, "ttft_slo_attainment": 5.147058823529411, "tpot_slo_ms": 50, "tpot_slo_attainment": 10.661764705882353, "Latency": {"unit": "s", "min": 3.442316303960979, "p50": 18.100065784645267, "p90": 29.075405474868603, "p95": 31.240440619899893, "p99": 33.65139408112507, "max": 34.9361179349944}, "Throughput": {"unit": "tokens/s", "min": 1.4049948081840702, "p50": 9.918224449351634, "p90": 16.86022714477425, "p95": 18.392490028842655, "p99": 22.52154247827204, "max": 25.487955674606184}, "TTFT": {"unit": "s", "min": 0.3518293728120625, "p50": 3.606442407472059, "p90": 10.576347903697751, "p95": 11.439158696017694, "p99": 11.837703198958195, "max": 12.678024573018774}, "TPOT": {"unit": "ms", "min": 2.1337762991606724, "p50": 77.9192476403483, "p90": 108.33898509651348, "p95": 148.28735541321828, "p99": 238.1556245031282, "max": 245.14829128101053}, "Input Tokens per Minute": {"unit": "tokens/min", "min": 1101910.9653582615, "p50": 1101910.9653582615, "p90": 1101910.9653582615, "p95": 1101910.9653582615, "p99": 1101910.9653582615, "max": 1101910.9653582615}, "Output Tokens per Minute": {"unit": "tokens/min", "min": 49029.05196904599, "p50": 49029.05196904599, "p90": 49029.05196904599, "p95": 49029.05196904599, "p99": 49029.05196904599, "max": 49029.05196904599}}
{"actual_qps": 5.284540090012665, "success_rate": 100.0, "input_tokens": 4000, "output_tokens": 174, "model": "meta-llama/Llama-3.1-8B-Instruct", "input_tokens_per_minute": 1091100.3053141297, "output_tokens_per_minute": 47594.34050509418, "slo_seconds": 5.0, "slo_attainment": 0.7220216606498195, "ttft_slo_ms": 1000, "ttft_slo_attainment": 1.083032490974729, "tpot_slo_ms": 50, "tpot_slo_attainment": 3.6101083032490973, "Latency": {"unit": "s", "min": 3.5804897060152143, "p50": 22.678699711104855, "p90": 32.383614267967644, "p95": 33.671256515476855, "p99": 36.9474814254418, "max": 37.8497994991485}, "Throughput": {"unit": "tokens/s", "min": 1.342168246324697, "p50": 7.355581501973077, "p90": 12.40485472519769, "p95": 13.997085835530637, "p99": 16.429895633814215, "max": 17.114479922393443}, "TTFT": {"unit": "s", "min": 0.6092983509879559, "p50": 7.237781604053453, "p90": 10.580911469459533, "p95": 12.031085969274862, "p99": 13.534648735281081, "max": 14.565118079073727}, "TPOT": {"unit": "ms", "min": 2.2513950806892207, "p50": 93.78575855847355, "p90": 130.1440591217372, "p95": 172.23737397913013, "p99": 239.08770686743853, "max": 245.731260870922}, "Input Tokens per Minute": {"unit": "tokens/min", "min": 1091100.3053141297, "p50": 1091100.3053141297, "p90": 1091100.3053141297, "p95": 1091100.3053141297, "p99": 1091100.3053141297, "max": 1091100.3053141297}, "Output Tokens per Minute": {"unit": "tokens/min", "min": 47594.34050509418, "p50": 47594.34050509418, "p90": 47594.34050509418, "p95": 47594.34050509418, "p99": 47594.34050509418, "max": 47594.34050509418}}
{"actual_qps": 4.885210710438719, "success_rate": 100.0, "input_tokens": 4232, "output_tokens": 181, "model": "meta-llama/Llama-3.1-8B-Instruct", "input_tokens_per_minute": 1165796.520077886, "output_tokens_per_minute": 50092.75390494424, "slo_seconds": 5.0, "slo_attainment": 0.0, "ttft_slo_ms": 1000, "ttft_slo_attainment": 0.0, "tpot_slo_ms": 50, "tpot_slo_attainment": 8.214285714285714, "Latency": {"unit": "s", "min": 8.087453352985904, "p50": 26.84069475007709, "p90": 34.90858515179716, "p95": 36.693875207845124, "p99": 38.19076232230988, "max": 41.76064055995084}, "Throughput": {"unit": "tokens/s", "min": 1.053357234854756, "p50": 6.739254254337309, "p90": 10.375821477472332, "p95": 11.795811379830388, "p99": 12.702046947828965, "max": 13.093056756864346}, "TTFT": {"unit": "s", "min": 1.2348216089885682, "p50": 9.343736278940924, "p90": 13.488161082589068, "p95": 14.264185093704146, "p99": 14.782958304432686, "max": 22.322399693075567}, "TPOT": {"unit": "ms", "min": 15.791628603360163, "p50": 98.61257973644209, "p90": 125.90608838992428, "p95": 178.0907402146841, "p99": 247.15067170358563, "max": 255.77914049952395}, "Input Tokens per Minute": {"unit": "tokens/min", "min": 1165796.520077886, "p50": 1165796.520077886, "p90": 1165796.520077886, "p95": 1165796.520077886, "p99": 1165796.520077886, "max": 1165796.520077886}, "Output Tokens per Minute": {"unit": "tokens/min", "min": 50092.75390494424, "p50": 50092.75390494424, "p90": 50092.75390494424, "p95": 50092.75390494424, "p99": 50092.75390494424, "max": 50092.75390494424}}
{"actual_qps": 4.997233131954516, "success_rate": 100.0, "input_tokens": 4074, "output_tokens": 180, "model": "meta-llama/Llama-3.1-8B-Instruct", "input_tokens_per_minute": 1221787.2463264316, "output_tokens_per_minute": 54061.243841044416, "slo_seconds": 5.0, "slo_attainment": 0.0, "ttft_slo_ms": 1000, "ttft_slo_attainment": 1.6339869281045754, "tpot_slo_ms": 50, "tpot_slo_attainment": 13.071895424836603, "Latency": {"unit": "s", "min": 5.898383405059576, "p50": 28.212527070427313, "p90": 37.16987011593301, "p95": 38.28315113164717, "p99": 41.716595563315785, "max": 44.79081719391979}, "Throughput": {"unit": "tokens/s", "min": 0.9795774020107081, "p50": 6.27757575773736, "p90": 10.1037349988318, "p95": 11.180511218529952, "p99": 12.337297667630047, "max": 12.609374366627788}, "TTFT": {"unit": "s", "min": 0.18823133315891027, "p50": 11.537511426140554, "p90": 15.224328425014392, "p95": 15.83524647046579, "p99": 16.88670271296287, "max": 17.76697201305069}, "TPOT": {"unit": "ms", "min": 5.820744497767046, "p50": 99.36922059064479, "p90": 128.66700689914407, "p95": 149.57191376795788, "p99": 233.15184763632715, "max": 443.87355756147633}, "Input Tokens per Minute": {"unit": "tokens/min", "min": 1221787.2463264316, "p50": 1221787.2463264316, "p90": 1221787.2463264316, "p95": 1221787.2463264316, "p99": 1221787.2463264316, "max": 1221787.2463264316}, "Output Tokens per Minute": {"unit": "tokens/min", "min": 54061.243841044416, "p50": 54061.243841044416, "p90": 54061.243841044416, "p95": 54061.243841044416, "p99": 54061.243841044416, "max": 54061.243841044416}}
{"actual_qps": 5.002875404777624, "success_rate": 100.0, "input_tokens": 4054, "output_tokens": 178,