{"actual_qps": 6.3874349805942225, "success_rate": 100.0, "input_tokens": 3926, "output_tokens": 172, "model": "meta-llama/Llama-3.1-8B-Instruct", "input_tokens_per_minute": 1143257.7733266489, "output_tokens_per_minute": 50222.074047419446, "slo_seconds": 5.0, "slo_attainment": 60.544217687074834, "ttft_slo_ms": 1000, "ttft_slo_attainment": 58.16326530612245, "tpot_slo_ms": 50, "tpot_slo_attainment": 96.25850340136054, "Latency": {"unit": "s", "min": 0.6959798778407276, "p50": 4.572975828894414, "p90": 7.080449241236782, "p95": 8.702349717868492, "p99": 10.971393128226042, "max": 12.670530589064583}, "Throughput": {"unit": "tokens/s", "min": 2.318255955708186, "p50": 38.636120381545794, "p90": 53.0711946807658, "p95": 56.02707253336951, "p99": 65.04990665963493, "max": 76.07980888094207}, "TTFT": {"unit": "s", "min": 0.182582579087466, "p50": 0.8896089950576425, "p90": 2.0239116941345854, "p95": 2.7455898670246817, "p99": 5.47332000188995, "max": 6.41807944397442}, "TPOT": {"unit": "ms", "min": 6.386284927897361, "p50": 19.460328735865126, "p90": 36.69784603237956, "p95": 41.05738593535721, "p99": 99.68985066310815, "max": 192.68620277152343}, "Input Tokens per Minute": {"unit": "tokens/min", "min": 1143257.7733266489, "p50": 1143257.7733266489, "p90": 1143257.7733266489, "p95": 1143257.7733266489, "p99": 1143257.7733266489, "max": 1143257.7733266489}, "Output Tokens per Minute": {"unit": "tokens/min", "min": 50222.074047419446, "p50": 50222.074047419446, "p90": 50222.074047419446, "p95": 50222.074047419446, "p99": 50222.074047419446, "max": 50222.074047419446}}
{"actual_qps": 5.319338615394803, "success_rate": 100.0, "input_tokens": 3945, "output_tokens": 177, "model": "meta-llama/Llama-3.1-8B-Instruct", "input_tokens_per_minute": 1325192.0533127089, "output_tokens_per_minute": 59519.45885544162, "slo_seconds": 5.0, "slo_attainment": 2.0527859237536656, "ttft_slo_ms": 1000, "ttft_slo_attainment": 3.519061583577713, "tpot_slo_ms": 50, "tpot_slo_attainment": 6.158357771260997, "Latency": {"unit": "s", "min": 2.0403664889745414, "p50": 18.86732707498595, "p90": 29.47897904412821, "p95": 31.43674976704642, "p99": 33.96744775418192, "max": 34.34432112099603}, "Throughput": {"unit": "tokens/s", "min": 1.2086505798392644, "p50": 9.227418212842323, "p90": 15.711340171320657, "p95": 17.187706602552403, "p99": 20.277917651790737, "max": 22.826589855416533}, "TTFT": {"unit": "s", "min": 0.6003999949898571, "p50": 4.196482145925984, "p90": 10.399251426104456, "p95": 10.978244167054072, "p99": 11.85537099768408, "max": 12.343926599016413}, "TPOT": {"unit": "ms", "min": 0.936822609647232, "p50": 80.3688594020772, "p90": 115.50530110457771, "p95": 167.23256026549885, "p99": 239.7256212748114, "max": 264.01173794532525}, "Input Tokens per Minute": {"unit": "tokens/min", "min": 1325192.0533127089, "p50": 1325192.0533127089, "p90": 1325192.0533127089, "p95": 1325192.0533127089, "p99": 1325192.0533127089, "max": 1325192.0533127089}, "Output Tokens per Minute": {"unit": "tokens/min", "min": 59519.45885544162, "p50": 59519.45885544162, "p90": 59519.45885544162, "p95": 59519.45885544162, "p99": 59519.45885544162, "max": 59519.45885544162}}
{"actual_qps": 5.430813903732804, "success_rate": 100.0, "input_tokens": 4038, "output_tokens": 175, "model": "meta-llama/Llama-3.1-8B-Instruct", "input_tokens_per_minute": 1062202.9671048832, "output_tokens_per_minute": 46135.41186148437, "slo_seconds": 5.0, "slo_attainment": 0.7490636704119851, "ttft_slo_ms": 1000, "ttft_slo_attainment": 0.7490636704119851, "tpot_slo_ms": 50, "tpot_slo_attainment": 5.617977528089887, "Latency": {"unit": "s", "min": 4.526933854212984, "p50": 22.39603141695261, "p90": 32.624836680572486, "p95": 35.26020628313999, "p99": 36.544368442031555, "max": 38.19551764195785}, "Throughput": {"unit": "tokens/s", "min": 1.1803472185847705, "p50": 7.629094815758352, "p90": 12.533144791818376, "p95": 14.122033556635213, "p99": 15.434138991217548, "max": 16.5807618315138}, "TTFT": {"unit": "s", "min": 0.703967183129862, "p50": 7.799042220925912, "p90": 10.67322948453948, "p95": 11.548054315568878, "p99": 13.291176192183034, "max": 13.886972758919}, "TPOT": {"unit": "ms", "min": 2.4677913217108003, "p50": 89.63207722683649, "p90": 131.03453111281914, "p95": 163.75999759190807, "p99": 236.89918943434284, "max": 244.65342316155633}, "Input Tokens per Minute": {"unit": "tokens/min", "min": 1062202.9671048832, "p50": 1062202.9671048832, "p90": 1062202.9671048832, "p95": 1062202.9671048832, "p99": 1062202.9671048832, "max": 1062202.9671048832}, "Output Tokens per Minute": {"unit": "tokens/min", "min": 46135.41186148437, "p50": 46135.41186148437, "p90": 46135.41186148437, "p95": 46135.41186148437, "p99": 46135.41186148437, "max": 46135.41186148437}}
{"actual_qps": 5.703276393101969, "success_rate": 100.0, "input_tokens": 4028, "output_tokens": 167, "model": "meta-llama/Llama-3.1-8B-Instruct", "input_tokens_per_minute": 1235819.3618568806, "output_tokens_per_minute": 51427.81988952293, "slo_seconds": 5.0, "slo_attainment": 0.0, "ttft_slo_ms": 1000, "ttft_slo_attainment": 0.0, "tpot_slo_ms": 50, "tpot_slo_attainment": 14.743589743589745, "Latency": {"unit": "s", "min": 6.251140938838944, "p50": 23.358115324401297, "p90": 34.33179743529764, "p95": 35.5421395424637, "p99": 37.856018719926944, "max": 38.36410006904043}, "Throughput": {"unit": "tokens/s", "min": 1.0538228365383042, "p50": 6.815886350057587, "p90": 12.049085870260255, "p95": 13.177781581489878, "p99": 14.211119321932697, "max": 14.885272636287995}, "TTFT": {"unit": "s", "min": 1.2656177000608295, "p50": 9.44665992516093, "p90": 12.776785367424603, "p95": 12.975863435049542, "p99": 13.692516785713376, "max": 13.880746258888394}, "TPOT": {"unit": "ms", "min": 0.6775372116428674, "p50": 94.06455435564645, "p90": 135.60377823262792, "p95": 199.1072665364519, "p99": 260.0378524510648, "max": 458.3867308295642}, "Input Tokens per Minute": {"unit": "tokens/min", "min": 1235819.3618568806, "p50": 1235819.3618568806, "p90": 1235819.3618568806, "p95": 1235819.3618568806, "p99": 1235819.3618568806, "max": 1235819.3618568806}, "Output Tokens per Minute": {"unit": "tokens/min", "min": 51427.81988952293, "p50": 51427.81988952293, "p90": 51427.81988952293, "p95": 51427.81988952293, "p99": 51427.81988952293, "max": 51427.81988952293}}
{"actual_qps": 5.464949511666419, "success_rate": 100.0, "input_tokens": 3955, "output_tokens": 179, "model": "meta-llama/Llama-3.1-8B-Instruct", "input_tokens_per_minute": 1264051.5633262512, "output_tokens_per_minute": 57439.85986666525, "slo_seconds": 5.0, "slo_attainment": 0.0, "ttft_slo_ms": 1000, "ttft_slo_attainment": 0.3076923076923077, "tpot_slo_ms": 50, "tpot_slo_attainment": 15.384615384615385, "Latency": {"unit": "s", "min": 8.224945524008945, "p50": 27.60095074796118, "p90": 36.754035304021095, "p95": 38.73753244564869, "p99": 40.79125158395618, "max": 41.848874061135575}, "Throughput": {"unit": "tokens/s", "min": 0.8902009540174427, "p50": 6.2742289859866744, "p90": 10.350650116939484, "p95": 11.333370209776803, "p99": 12.59886823538148, "max": 12.61751458880159}, "TTFT": {"unit": "s", "min": 0.7215900849550962, "p50": 11.76551620196551, "p90": 14.277781996829436, "p95": 15.011301227798688, "p99": 16.07745591607876, "max": 16.622982777887955}, "TPOT": {"unit": "ms", "min": 0.8473749642246332, "p50": 98.40071354243887, "p90": 129.69476703516952, "p95": 136.69587722581684, "p99": 238.7948698635308, "max": 505.5208631708998}, "Input Tokens per Minute": {"unit": "tokens/min", "min": 1264051.5633262512, "p50": 1264051.5633262512, "p90": 1264051.5633262512, "p95": 1264051.5633262512, "p99": 1264051.5633262512, "max": 1264051.5633262512}, "Output Tokens per Minute": {"unit": "tokens/min", "min": 57439.85986666525, "p50": 57439.85986666525, "p90": 57439.85986666525, "p95": 57439.85986666525, "p99": 57439.85986666525, "max": 57439.85986666525}}
{"actual_qps": 5.149951041298884, "success_rate": 100.0, "input_tokens": 4107,