{"actual_qps": 5.692669875811576, "success_rate": 100.0, "input_tokens": 4284, "output_tokens": 181, "model": "meta-llama/Llama-3.1-8B-Instruct", "input_tokens_per_minute": 1284822.3522035195, "output_tokens_per_minute": 54390.481940770165, "slo_seconds": 5.0, "slo_attainment": 67.88079470198676, "ttft_slo_ms": 1000, "ttft_slo_attainment": 57.284768211920536, "tpot_slo_ms": 50, "tpot_slo_attainment": 98.34437086092716, "Latency": {"unit": "s", "min": 0.7885296070016921, "p50": 4.138309017405845, "p90": 8.043796590552665, "p95": 8.096719553275033, "p99": 8.46446269313572, "max": 14.736952746054158}, "Throughput": {"unit": "tokens/s", "min": 2.6774850609705614, "p50": 44.6150804205209, "p90": 65.62696209705638, "p95": 72.23943562935769, "p99": 81.6214394339822, "max": 98.41827976880974}, "TTFT": {"unit": "s", "min": 0.11869715387001634, "p50": 0.8615752204786986, "p90": 3.5915006173308957, "p95": 3.9610959992627612, "p99": 5.223605983471498, "max": 10.607651796890423}, "TPOT": {"unit": "ms", "min": 6.5073132350602565, "p50": 16.98188076612432, "p90": 23.78290948509496, "p95": 28.504192187151304, "p99": 66.45268949773167, "max": 102.63198700404782}, "Input Tokens per Minute": {"unit": "tokens/min", "min": 1284822.3522035195, "p50": 1284822.3522035195, "p90": 1284822.3522035195, "p95": 1284822.3522035195, "p99": 1284822.3522035195, "max": 1284822.3522035195}, "Output Tokens per Minute": {"unit": "tokens/min", "min": 54390.481940770165, "p50": 54390.481940770165, "p90": 54390.481940770165, "p95": 54390.481940770165, "p99": 54390.481940770165, "max": 54390.481940770165}}
{"actual_qps": 4.609598606529573, "success_rate": 100.0, "input_tokens": 4199, "output_tokens": 180, "model": "meta-llama/Llama-3.1-8B-Instruct", "input_tokens_per_minute": 958229.8587865912, "output_tokens_per_minute": 41160.42298587585, "slo_seconds": 5.0, "slo_attainment": 11.688311688311687, "ttft_slo_ms": 1000, "ttft_slo_attainment": 22.51082251082251, "tpot_slo_ms": 50, "tpot_slo_attainment": 50.21645021645021, "Latency": {"unit": "s", "min": 1.5892821399029344, "p50": 9.825289365835488, "p90": 21.65297508914955, "p95": 25.012375695398077, "p99": 27.13868574637454, "max": 28.603656819090247}, "Throughput": {"unit": "tokens/s", "min": 1.4432785841773776, "p50": 16.362603533032825, "p90": 39.45128249611681, "p95": 42.06546481216698, "p99": 47.76404568042718, "max": 54.30558821866455}, "TTFT": {"unit": "s", "min": 0.42952217697165906, "p50": 1.7458945899270475, "p90": 6.846636411966756, "p95": 8.001349747995846, "p99": 9.93121448263991, "max": 11.585500465007499}, "TPOT": {"unit": "ms", "min": 3.5480910750695656, "p50": 49.95503558206311, "p90": 96.59420039233325, "p95": 119.388082456435, "p99": 235.5471594468688, "max": 247.42443099967204}, "Input Tokens per Minute": {"unit": "tokens/min", "min": 958229.8587865912, "p50": 958229.8587865912, "p90": 958229.8587865912, "p95": 958229.8587865912, "p99": 958229.8587865912, "max": 958229.8587865912}, "Output Tokens per Minute": {"unit": "tokens/min", "min": 41160.42298587585, "p50": 41160.42298587585, "p90": 41160.42298587585, "p95": 41160.42298587585, "p99": 41160.42298587585, "max": 41160.42298587585}}
{"actual_qps": 4.76125573957529, "success_rate": 100.0, "input_tokens": 4317, "output_tokens": 183, "model": "meta-llama/Llama-3.1-8B-Instruct", "input_tokens_per_minute": 1152666.5215797683, "output_tokens_per_minute": 49056.36715347101, "slo_seconds": 5.0, "slo_attainment": 0.36900369003690037, "ttft_slo_ms": 1000, "ttft_slo_attainment": 1.107011070110701, "tpot_slo_ms": 50, "tpot_slo_attainment": 7.011070110701106, "Latency": {"unit": "s", "min": 3.1584421060979366, "p50": 18.946897089947015, "p90": 29.14879879099317, "p95": 31.498116557952017, "p99": 33.51896122912876, "max": 34.705859581939876}, "Throughput": {"unit": "tokens/s", "min": 1.1652052010973952, "p50": 9.588158139144237, "p90": 15.389539428660635, "p95": 17.18905169886476, "p99": 22.43033964270539, "max": 25.948594046951957}, "TTFT": {"unit": "s", "min": 0.8000108909327537, "p50": 4.09391725785099, "p90": 9.66832608403638, "p95": 10.512414987082593, "p99": 11.825227660872043, "max": 12.438517878996208}, "TPOT": {"unit": "ms", "min": 0.8849521956158493, "p50": 79.31629166910284, "p90": 118.37747393892002, "p95": 207.3064105350178, "p99": 242.07265058758452, "max": 257.6834172131899}, "Input Tokens per Minute": {"unit": "tokens/min", "min": 1152666.5215797683, "p50": 1152666.5215797683, "p90": 1152666.5215797683, "p95": 1152666.5215797683, "p99": 1152666.5215797683, "max": 1152666.5215797683}, "Output Tokens per Minute": {"unit": "tokens/min", "min": 49056.36715347101, "p50": 49056.36715347101, "p90": 49056.36715347101, "p95": 49056.36715347101, "p99": 49056.36715347101, "max": 49056.36715347101}}
{"actual_qps": 4.751964612087294, "success_rate": 100.0, "input_tokens": 4248, "output_tokens": 180, "model": "meta-llama/Llama-3.1-8B-Instruct", "input_tokens_per_minute": 1136091.5064153955, "output_tokens_per_minute": 48140.67873741814, "slo_seconds": 5.0, "slo_attainment": 0.0, "ttft_slo_ms": 1000, "ttft_slo_attainment": 0.0, "tpot_slo_ms": 50, "tpot_slo_attainment": 10.661764705882353, "Latency": {"unit": "s", "min": 6.802119757980108, "p50": 24.111409489414655, "p90": 35.04809333865997, "p95": 35.953581085812765, "p99": 37.07851352812024, "max": 38.47206939780153}, "Throughput": {"unit": "tokens/s", "min": 1.0310590498017334, "p50": 7.3712297117828385, "p90": 12.35826117907325, "p95": 13.185974252429673, "p99": 14.199393223038129, "max": 16.8356786219726}, "TTFT": {"unit": "s", "min": 1.3014551128726453, "p50": 8.843920732382685, "p90": 12.296670504217037, "p95": 12.561984667379875, "p99": 13.35502983722836, "max": 13.846299834083766}, "TPOT": {"unit": "ms", "min": 0.7697480667213148, "p50": 92.77277975869669, "p90": 128.20229548855625, "p95": 163.01693051234503, "p99": 240.38359991148783, "max": 371.0448966388974}, "Input Tokens per Minute": {"unit": "tokens/min", "min": 1136091.5064153955, "p50": 1136091.5064153955, "p90": 1136091.5064153955, "p95": 1136091.5064153955, "p99": 1136091.5064153955, "max": 1136091.5064153955}, "Output Tokens per Minute": {"unit": "tokens/min", "min": 48140.67873741814, "p50": 48140.67873741814, "p90": 48140.67873741814, "p95": 48140.67873741814, "p99": 48140.67873741814, "max": 48140.67873741814}}
{"actual_qps": 5.527858273526508, "success_rate": 100.0, "input_tokens": 4234, "output_tokens": 182, "model": "meta-llama/Llama-3.1-8B-Instruct", "input_tokens_per_minute": 1157311.1585993983, "output_tokens_per_minute": 49981.16378993416, "slo_seconds": 5.0, "slo_attainment": 0.3597122302158274, "ttft_slo_ms": 1000, "ttft_slo_attainment": 1.079136690647482, "tpot_slo_ms": 50, "tpot_slo_attainment": 12.589928057553957, "Latency": {"unit": "s", "min": 4.7112270458601415, "p50": 27.346230793511495, "p90": 35.58534786941018, "p95": 36.85044233732624, "p99": 38.8612699203426, "max": 40.09503665100783}, "Throughput": {"unit": "tokens/s", "min": 0.9883407354088247, "p50": 6.489468075777504, "p90": 10.461351329800902, "p95": 11.682114334373995, "p99": 13.064344494087148, "max": 13.227965850607752}, "TTFT": {"unit": "s", "min": 0.49163678102195263, "p50": 10.86735556658823, "p90": 13.31291351998225, "p95": 13.716463998495598, "p99": 15.362612504232676, "max": 15.584678334882483}, "TPOT": {"unit": "ms", "min": 4.0268486426516095, "p50": 98.23435736672681, "p90": 124.77838593060103, "p95": 142.23074719040463, "p99": 240.24854572193834, "max": 408.51808531749015}, "Input Tokens per Minute": {"unit": "tokens/min", "min": 1157311.1585993983, "p50": 1157311.1585993983, "p90": 1157311.1585993983, "p95": 1157311.1585993983, "p99": 1157311.1585993983, "max": 1157311.1585993983}, "Output Tokens per Minute": {"unit": "tokens/min", "min": 49981.16378993416, "p50": 49981.16378993416, "p90": 49981.16378993416, "p95": 49981.16378993416, "p99": 49981.16378993416, "max": 49981.16378993416}}
{"actual_qps": 4.649968136793527, "success_rate": 100.0, "input_tokens": 4159,