{"actual_qps": 5.278728658113924, "success_rate": 100.0, "input_tokens": 4112, "output_tokens": 171, "model": "meta-llama/Llama-3.1-8B-Instruct", "input_tokens_per_minute": 1229111.426081914, "output_tokens_per_minute": 51366.82868768313, "slo_seconds": 5.0, "slo_attainment": 53.156146179402, "ttft_slo_ms": 1000, "ttft_slo_attainment": 41.19601328903654, "tpot_slo_ms": 50, "tpot_slo_attainment": 98.67109634551495, "Latency": {"unit": "s", "min": 0.49117705109529197, "p50": 4.690703421132639, "p90": 10.332448344910517, "p95": 10.95184709597379, "p99": 12.997725639026612, "max": 20.23334055696614}, "Throughput": {"unit": "tokens/s", "min": 2.2674370906444414, "p50": 33.7619671589777, "p90": 65.3277108188305, "p95": 69.38423440715535, "p99": 77.75743489394628, "max": 83.8026145257782}, "TTFT": {"unit": "s", "min": 0.1370496901217848, "p50": 1.927114131161943, "p90": 6.495918772881851, "p95": 6.6883372399024665, "p99": 10.806548188906163, "max": 15.992449214914814}, "TPOT": {"unit": "ms", "min": 8.028579934326997, "p50": 15.078057964383882, "p90": 22.493139325861055, "p95": 26.92434119688737, "p99": 53.46347969940065, "max": 84.4012613490443}, "Input Tokens per Minute": {"unit": "tokens/min", "min": 1229111.426081914, "p50": 1229111.426081914, "p90": 1229111.426081914, "p95": 1229111.426081914, "p99": 1229111.426081914, "max": 1229111.426081914}, "Output Tokens per Minute": {"unit": "tokens/min", "min": 51366.82868768313, "p50": 51366.82868768313, "p90": 51366.82868768313, "p95": 51366.82868768313, "p99": 51366.82868768313, "max": 51366.82868768313}}
{"actual_qps": 5.130685620720734, "success_rate": 100.0, "input_tokens": 4327, "output_tokens": 181, "model": "meta-llama/Llama-3.1-8B-Instruct", "input_tokens_per_minute": 923694.5438635353, "output_tokens_per_minute": 38724.054621975236, "slo_seconds": 5.0, "slo_attainment": 23.963133640552993, "ttft_slo_ms": 1000, "ttft_slo_attainment": 49.30875576036866, "tpot_slo_ms": 50, "tpot_slo_attainment": 59.44700460829493, "Latency": {"unit": "s", "min": 0.8360878368839622, "p50": 7.252645774045959, "p90": 18.298171510640532, "p95": 21.20430503692478, "p99": 25.35892716136761, "max": 27.805313108023256}, "Throughput": {"unit": "tokens/s", "min": 1.6052459521890312, "p50": 23.208217322081378, "p90": 42.95886380137509, "p95": 46.968135171718956, "p99": 54.05996980592603, "max": 64.47251390362162}, "TTFT": {"unit": "s", "min": 0.2138428119942546, "p50": 1.0509525260422379, "p90": 3.622908595763147, "p95": 5.418888767575844, "p99": 8.530297283362598, "max": 9.23643134185113}, "TPOT": {"unit": "ms", "min": 2.4324663219758165, "p50": 35.302298221896265, "p90": 82.84238621767625, "p95": 97.01384898724415, "p99": 151.30882155462447, "max": 234.32296676122965}, "Input Tokens per Minute": {"unit": "tokens/min", "min": 923694.5438635353, "p50": 923694.5438635353, "p90": 923694.5438635353, "p95": 923694.5438635353, "p99": 923694.5438635353, "max": 923694.5438635353}, "Output Tokens per Minute": {"unit": "tokens/min", "min": 38724.054621975236, "p50": 38724.054621975236, "p90": 38724.054621975236, "p95": 38724.054621975236, "p99": 38724.054621975236, "max": 38724.054621975236}}
{"actual_qps": 5.0213475147905235, "success_rate": 100.0, "input_tokens": 4277, "output_tokens": 169, "model": "meta-llama/Llama-3.1-8B-Instruct", "input_tokens_per_minute": 1144194.3641965995, "output_tokens_per_minute": 45471.97169106756, "slo_seconds": 5.0, "slo_attainment": 2.5735294117647056, "ttft_slo_ms": 1000, "ttft_slo_attainment": 1.8382352941176472, "tpot_slo_ms": 50, "tpot_slo_attainment": 2.2058823529411766, "Latency": {"unit": "s", "min": 2.4388983089011163, "p50": 19.79733817197848, "p90": 30.059887967864054, "p95": 32.67878504743567, "p99": 35.21900538054993, "max": 36.025529951788485}, "Throughput": {"unit": "tokens/s", "min": 1.0726664364769403, "p50": 8.676250940316306, "p90": 14.086835844114695, "p95": 15.058428817924828, "p99": 16.6380899972915, "max": 22.720380980068967}, "TTFT": {"unit": "s", "min": 0.6164499069564044, "p50": 4.664502983912826, "p90": 11.088747117016464, "p95": 12.395137175789568, "p99": 13.070922594156585, "max": 13.801366440951824}, "TPOT": {"unit": "ms", "min": 0.6597712004192211, "p50": 85.12249692921156, "p90": 141.55791383404295, "p95": 233.0971359179765, "p99": 244.5107551447768, "max": 248.74766733005848}, "Input Tokens per Minute": {"unit": "tokens/min", "min": 1144194.3641965995, "p50": 1144194.3641965995, "p90": 1144194.3641965995, "p95": 1144194.3641965995, "p99": 1144194.3641965995, "max": 1144194.3641965995}, "Output Tokens per Minute": {"unit": "tokens/min", "min": 45471.97169106756, "p50": 45471.97169106756, "p90": 45471.97169106756, "p95": 45471.97169106756, "p99": 45471.97169106756, "max": 45471.97169106756}}
{"actual_qps": 5.164681385586642, "success_rate": 100.0, "input_tokens": 4245, "output_tokens": 179, "model": "meta-llama/Llama-3.1-8B-Instruct", "input_tokens_per_minute": 1503252.2018294344, "output_tokens_per_minute": 63604.10973009775, "slo_seconds": 5.0, "slo_attainment": 0.2777777777777778, "ttft_slo_ms": 1000, "ttft_slo_attainment": 1.9444444444444444, "tpot_slo_ms": 50, "tpot_slo_attainment": 6.944444444444445, "Latency": {"unit": "s", "min": 4.659221391892061, "p50": 22.203113268013112, "p90": 33.730408586538395, "p95": 35.23654193646507, "p99": 37.0745759874559, "max": 38.309385176049545}, "Throughput": {"unit": "tokens/s", "min": 1.1190592607975087, "p50": 7.81344327673073, "p90": 13.038752840762283, "p95": 14.010740732270973, "p99": 15.750374936359608, "max": 16.32894755106634}, "TTFT": {"unit": "s", "min": 0.5910656920168549, "p50": 7.497944951988757, "p90": 11.708387083816342, "p95": 12.487919006845914, "p99": 12.836716095549056, "max": 13.421945524169132}, "TPOT": {"unit": "ms", "min": 4.5894580178482585, "p50": 92.7033794291514, "p90": 123.71345077589828, "p95": 167.8107250461896, "p99": 234.0486979870057, "max": 251.0250007072764}, "Input Tokens per Minute": {"unit": "tokens/min", "min": 1503252.2018294344, "p50": 1503252.2018294344, "p90": 1503252.2018294344, "p95": 1503252.2018294344, "p99": 1503252.2018294344, "max": 1503252.2018294344}, "Output Tokens per Minute": {"unit": "tokens/min", "min": 63604.10973009775, "p50": 63604.10973009775, "p90": 63604.10973009775, "p95": 63604.10973009775, "p99": 63604.10973009775, "max": 63604.10973009775}}
{"actual_qps": 5.065598663102202, "success_rate": 100.0, "input_tokens": 4263, "output_tokens": 176, "model": "meta-llama/Llama-3.1-8B-Instruct", "input_tokens_per_minute": 1195119.9432551232, "output_tokens_per_minute": 49585.04401040062, "slo_seconds": 5.0, "slo_attainment": 0.0, "ttft_slo_ms": 1000, "ttft_slo_attainment": 0.7017543859649122, "tpot_slo_ms": 50, "tpot_slo_attainment": 16.842105263157894, "Latency": {"unit": "s", "min": 5.1537138861604035, "p50": 25.182333118049428, "p90": 35.338749123876916, "p95": 36.710592347290365, "p99": 38.29479919618928, "max": 39.61873919912614}, "Throughput": {"unit": "tokens/s", "min": 1.063412354901398, "p50": 6.6862873692313345, "p90": 11.604229199452735, "p95": 12.567456638336543, "p99": 14.327939387772979, "max": 15.168306225199725}, "TTFT": {"unit": "s", "min": 0.6887582519557327, "p50": 10.142684063874185, "p90": 12.920606512855738, "p95": 13.153859488293529, "p99": 14.149896900765604, "max": 14.92782869306393}, "TPOT": {"unit": "ms", "min": 1.4964737864001916, "p50": 97.33281674298772, "p90": 126.94876943012916, "p95": 199.69726679668034, "p99": 235.97673715067916, "max": 267.5897747477783}, "Input Tokens per Minute": {"unit": "tokens/min", "min": 1195119.9432551232, "p50": 1195119.9432551232, "p90": 1195119.9432551232, "p95": 1195119.9432551232, "p99": 1195119.9432551232, "max": 1195119.9432551232}, "Output Tokens per Minute": {"unit": "tokens/min", "min": 49585.04401040062, "p50": 49585.04401040062, "p90": 49585.04401040062, "p95": 49585.04401040062, "p99": 49585.04401040062, "max": 49585.04401040062}}
{"actual_qps": 5.31666091482926, "success_rate": 100.0, "input_tokens": 4186,