{"actual_qps": 5.1955098503104145, "success_rate": 100.0, "input_tokens": 4023, "output_tokens": 170, "model": "meta-llama/Llama-3.1-8B-Instruct", "input_tokens_per_minute": 840209.9360248093, "output_tokens_per_minute": 35569.9448666109, "slo_seconds": 5.0, "slo_attainment": 11.374407582938389, "ttft_slo_ms": 1000, "ttft_slo_attainment": 13.744075829383887, "tpot_slo_ms": 50, "tpot_slo_attainment": 49.28909952606635, "Latency": {"unit": "s", "min": 1.4855219430755824, "p50": 10.03870262298733, "p90": 20.584410728886724, "p95": 22.94474939093925, "p99": 24.889710405026563, "max": 26.007930429885164}, "Throughput": {"unit": "tokens/s", "min": 1.8557990586118789, "p50": 16.19530382167156, "p90": 33.80134591885882, "p95": 37.99012540127651, "p99": 46.66726867534915, "max": 50.52873849266791}, "TTFT": {"unit": "s", "min": 0.26416059490293264, "p50": 1.9582355781458318, "p90": 6.578346110880375, "p95": 7.895397689426318, "p99": 10.087291197618471, "max": 12.51527022686787}, "TPOT": {"unit": "ms", "min": 0.5673525566552682, "p50": 50.42940808516277, "p90": 95.82824487600247, "p95": 101.48361181120879, "p99": 204.28337325980644, "max": 232.25555166912577}, "Input Tokens per Minute": {"unit": "tokens/min", "min": 840209.9360248093, "p50": 840209.9360248093, "p90": 840209.9360248093, "p95": 840209.9360248093, "p99": 840209.9360248093, "max": 840209.9360248093}, "Output Tokens per Minute": {"unit": "tokens/min", "min": 35569.9448666109, "p50": 35569.9448666109, "p90": 35569.9448666109, "p95": 35569.9448666109, "p99": 35569.9448666109, "max": 35569.9448666109}}
{"actual_qps": 5.16656979098114, "success_rate": 100.0, "input_tokens": 3874, "output_tokens": 181, "model": "meta-llama/Llama-3.1-8B-Instruct", "input_tokens_per_minute": 1192406.1266204233, "output_tokens_per_minute": 55774.045648313266, "slo_seconds": 5.0, "slo_attainment": 0.0, "ttft_slo_ms": 1000, "ttft_slo_attainment": 0.964630225080386, "tpot_slo_ms": 50, "tpot_slo_attainment": 4.823151125401929, "Latency": {"unit": "s", "min": 5.75900886207819, "p50": 21.441262218169868, "p90": 30.282162714982405, "p95": 31.070096164476126, "p99": 34.261757632065546, "max": 34.64214861905202}, "Throughput": {"unit": "tokens/s", "min": 1.3538932986492778, "p50": 8.224537508673798, "p90": 14.957454038184578, "p95": 16.378425548156414, "p99": 20.809801180041074, "max": 23.24185990546449}, "TTFT": {"unit": "s", "min": 0.7138909788336605, "p50": 4.948886123020202, "p90": 10.208341249963269, "p95": 11.087110826396383, "p99": 11.73332479118835, "max": 12.986513593001291}, "TPOT": {"unit": "ms", "min": 0.5003918446694038, "p50": 91.11776301548372, "p90": 116.90463879421803, "p95": 161.86518495272298, "p99": 243.2052178758154, "max": 260.5419737588176}, "Input Tokens per Minute": {"unit": "tokens/min", "min": 1192406.1266204233, "p50": 1192406.1266204233, "p90": 1192406.1266204233, "p95": 1192406.1266204233, "p99": 1192406.1266204233, "max": 1192406.1266204233}, "Output Tokens per Minute": {"unit": "tokens/min", "min": 55774.045648313266, "p50": 55774.045648313266, "p90": 55774.045648313266, "p95": 55774.045648313266, "p99": 55774.045648313266, "max": 55774.045648313266}}
{"actual_qps": 5.084468296907192, "success_rate": 100.0, "input_tokens": 4009, "output_tokens": 176, "model": "meta-llama/Llama-3.1-8B-Instruct", "input_tokens_per_minute": 1035580.8988149582, "output_tokens_per_minute": 45515.63515149083, "slo_seconds": 5.0, "slo_attainment": 0.0, "ttft_slo_ms": 1000, "ttft_slo_attainment": 0.38314176245210724, "tpot_slo_ms": 50, "tpot_slo_attainment": 8.812260536398467, "Latency": {"unit": "s", "min": 6.341531904879957, "p50": 23.532038416014984, "p90": 34.75683900108561, "p95": 36.10215610009618, "p99": 37.74954873831011, "max": 38.36164531018585}, "Throughput": {"unit": "tokens/s", "min": 1.176314324964987, "p50": 7.312377550024438, "p90": 11.591724045529563, "p95": 12.950495877263496, "p99": 14.569639376483211, "max": 16.0020619361121}, "TTFT": {"unit": "s", "min": 0.8470794488675892, "p50": 8.44352982006967, "p90": 11.909305869834498, "p95": 12.496633617207408, "p99": 13.436626880196854, "max": 15.51249602693133}, "TPOT": {"unit": "ms", "min": 1.8744514166990567, "p50": 93.10772853795832, "p90": 131.49305215063296, "p95": 193.66362661479369, "p99": 236.93303731707934, "max": 244.12116222083569}, "Input Tokens per Minute": {"unit": "tokens/min", "min": 1035580.8988149582, "p50": 1035580.8988149582, "p90": 1035580.8988149582, "p95": 1035580.8988149582, "p99": 1035580.8988149582, "max": 1035580.8988149582}, "Output Tokens per Minute": {"unit": "tokens/min", "min": 45515.63515149083, "p50": 45515.63515149083, "p90": 45515.63515149083, "p95": 45515.63515149083, "p99": 45515.63515149083, "max": 45515.63515149083}}
{"actual_qps": 5.048281198885552, "success_rate": 100.0, "input_tokens": 3994, "output_tokens": 170, "model": "meta-llama/Llama-3.1-8B-Instruct", "input_tokens_per_minute": 1193806.4402276974, "output_tokens_per_minute": 50829.899512665485, "slo_seconds": 5.0, "slo_attainment": 0.0, "ttft_slo_ms": 1000, "ttft_slo_attainment": 0.0, "tpot_slo_ms": 50, "tpot_slo_attainment": 8.940397350993377, "Latency": {"unit": "s", "min": 8.444859415991232, "p50": 26.413808999117464, "p90": 36.68654430457391, "p95": 38.20292267042678, "p99": 40.52353045119904, "max": 41.65944057703018}, "Throughput": {"unit": "tokens/s", "min": 0.9844520700706776, "p50": 6.333292443868486, "p90": 9.70893429920567, "p95": 10.91193703288047, "p99": 12.158349512159814, "max": 12.37603945094844}, "TTFT": {"unit": "s", "min": 2.8224841789342463, "p50": 10.907595223048702, "p90": 13.729959388938735, "p95": 14.494031220499892, "p99": 15.090186358345672, "max": 15.573472044896334}, "TPOT": {"unit": "ms", "min": 7.498103829250488, "p50": 100.42161703748563, "p90": 136.03391876621762, "p95": 194.5512299135934, "p99": 244.39459196255964, "max": 277.09723084007163}, "Input Tokens per Minute": {"unit": "tokens/min", "min": 1193806.4402276974, "p50": 1193806.4402276974, "p90": 1193806.4402276974, "p95": 1193806.4402276974, "p99": 1193806.4402276974, "max": 1193806.4402276974}, "Output Tokens per Minute": {"unit": "tokens/min", "min": 50829.899512665485, "p50": 50829.899512665485, "p90": 50829.899512665485, "p95": 50829.899512665485, "p99": 50829.899512665485, "max": 50829.899512665485}}
{"actual_qps": 5.0166107690692145, "success_rate": 100.0, "input_tokens": 3868, "output_tokens": 176, "model": "meta-llama/Llama-3.1-8B-Instruct", "input_tokens_per_minute": 1167596.3300590361, "output_tokens_per_minute": 53291.086750326824, "slo_seconds": 5.0, "slo_attainment": 0.0, "ttft_slo_ms": 1000, "ttft_slo_attainment": 1.3114754098360655, "tpot_slo_ms": 50, "tpot_slo_attainment": 13.442622950819672, "Latency": {"unit": "s", "min": 10.428335245000198, "p50": 28.312555033015087, "p90": 37.70746631198563, "p95": 39.44387371609919, "p99": 41.68999480594881, "max": 42.47618748201057}, "Throughput": {"unit": "tokens/s", "min": 0.8846450614841582, "p50": 6.171065684956783, "p90": 10.167976402303081, "p95": 10.716730349992384, "p99": 11.838514019969114, "max": 12.000157018011466}, "TTFT": {"unit": "s", "min": 0.4933764731977135, "p50": 12.458029354922473, "p90": 15.354722833540292, "p95": 15.779046276351439, "p99": 16.51668543004431, "max": 17.227072837064043}, "TPOT": {"unit": "ms", "min": 4.3819824271091266, "p50": 100.92189259260856, "p90": 130.69053371787896, "p95": 173.10362592530237, "p99": 252.93411738677463, "max": 602.5632950606652}, "Input Tokens per Minute": {"unit": "tokens/min", "min": 1167596.3300590361, "p50": 1167596.3300590361, "p90": 1167596.3300590361, "p95": 1167596.3300590361, "p99": 1167596.3300590361, "max": 1167596.3300590361}, "Output Tokens per Minute": {"unit": "tokens/min", "min": 53291.086750326824, "p50": 53291.086750326824, "p90": 53291.086750326824, "p95": 53291.086750326824, "p99": 53291.086750326824, "max": 53291.086750326824}}
{"actual_qps": 5.099970296335648, "success_rate": 100.0, "input_tokens": 3968, "output_tokens": 179,