{"actual_qps": 5.823271013029932, "success_rate": 100.0, "input_tokens": 3860, "output_tokens": 173, "model": "meta-llama/Llama-3.1-8B-Instruct", "input_tokens_per_minute": 1141787.2761143658, "output_tokens_per_minute": 51360.25773191042, "slo_seconds": 5.0, "slo_attainment": 71.14093959731544, "ttft_slo_ms": 1000, "ttft_slo_attainment": 83.22147651006712, "tpot_slo_ms": 50, "tpot_slo_attainment": 99.66442953020133, "Latency": {"unit": "s", "min": 0.46877187420614064, "p50": 3.857919728849083, "p90": 6.532717140787281, "p95": 7.258197905169799, "p99": 8.969942381808067, "max": 9.430152470013127}, "Throughput": {"unit": "tokens/s", "min": 7.572408480576614, "p50": 44.608584690509986, "p90": 67.44783659107262, "p95": 73.5583503845517, "p99": 87.70655224120809, "max": 94.95557822233066}, "TTFT": {"unit": "s", "min": 0.10728592309169471, "p50": 0.5821615485474467, "p90": 1.1449471758911387, "p95": 1.3694703579880272, "p99": 2.0177655630186173, "max": 5.414111051009968}, "TPOT": {"unit": "ms", "min": 6.012840472611051, "p50": 18.347069527091477, "p90": 31.749655397248517, "p95": 37.23669855254041, "p99": 46.71534288671547, "max": 52.620381427307926}, "Input Tokens per Minute": {"unit": "tokens/min", "min": 1141787.2761143658, "p50": 1141787.2761143658, "p90": 1141787.2761143658, "p95": 1141787.2761143658, "p99": 1141787.2761143658, "max": 1141787.2761143658}, "Output Tokens per Minute": {"unit": "tokens/min", "min": 51360.25773191042, "p50": 51360.25773191042, "p90": 51360.25773191042, "p95": 51360.25773191042, "p99": 51360.25773191042, "max": 51360.25773191042}}
{"actual_qps": 5.448448650134638, "success_rate": 100.0, "input_tokens": 4140, "output_tokens": 166, "model": "meta-llama/Llama-3.1-8B-Instruct", "input_tokens_per_minute": 1027480.1056729713, "output_tokens_per_minute": 41259.52946567305, "slo_seconds": 5.0, "slo_attainment": 3.5999999999999996, "ttft_slo_ms": 1000, "ttft_slo_attainment": 1.2, "tpot_slo_ms": 50, "tpot_slo_attainment": 15.6, "Latency": {"unit": "s", "min": 2.3813489680178463, "p50": 15.210111194523051, "p90": 24.336087255389426, "p95": 27.482758613373154, "p99": 29.23546415273333, "max": 30.119539550039917}, "Throughput": {"unit": "tokens/s", "min": 0.9968363436774571, "p50": 10.721711205654994, "p90": 17.343398740425314, "p95": 20.249404951727502, "p99": 23.98616403462789, "max": 29.0256590462167}, "TTFT": {"unit": "s", "min": 0.3097134339623153, "p50": 3.484412955585867, "p90": 8.924522908101789, "p95": 9.618742273573298, "p99": 10.510601555746979, "max": 10.742206096882}, "TPOT": {"unit": "ms", "min": 0.4253757242394153, "p50": 70.37426233432026, "p90": 136.93790425803442, "p95": 204.4432319403212, "p99": 236.0307954874682, "max": 254.70148352906108}, "Input Tokens per Minute": {"unit": "tokens/min", "min": 1027480.1056729713, "p50": 1027480.1056729713, "p90": 1027480.1056729713, "p95": 1027480.1056729713, "p99": 1027480.1056729713, "max": 1027480.1056729713}, "Output Tokens per Minute": {"unit": "tokens/min", "min": 41259.52946567305, "p50": 41259.52946567305, "p90": 41259.52946567305, "p95": 41259.52946567305, "p99": 41259.52946567305, "max": 41259.52946567305}}
{"actual_qps": 5.575449483670729, "success_rate": 100.0, "input_tokens": 4094, "output_tokens": 177, "model": "meta-llama/Llama-3.1-8B-Instruct", "input_tokens_per_minute": 1514712.534249562, "output_tokens_per_minute": 65489.55760281307, "slo_seconds": 5.0, "slo_attainment": 1.0638297872340425, "ttft_slo_ms": 1000, "ttft_slo_attainment": 2.925531914893617, "tpot_slo_ms": 50, "tpot_slo_attainment": 4.25531914893617, "Latency": {"unit": "s", "min": 2.0486836668569595, "p50": 21.769124158425257, "p90": 32.1883326243842, "p95": 33.751155867939815, "p99": 36.80765891884221, "max": 37.33996895398013}, "Throughput": {"unit": "tokens/s", "min": 1.2033147939093147, "p50": 7.774633404364888, "p90": 13.65273991513135, "p95": 15.066945515076661, "p99": 17.791356616039096, "max": 17.938332214886962}, "TTFT": {"unit": "s", "min": 0.2529166529420763, "p50": 6.206071680528112, "p90": 10.38377877091989, "p95": 10.6984213507385, "p99": 12.250581359083299, "max": 16.41271875007078}, "TPOT": {"unit": "ms", "min": 7.797238281249401, "p50": 90.85823034682784, "p90": 126.74771716477176, "p95": 190.3642042382741, "p99": 242.04813213873422, "max": 374.28846452659104}, "Input Tokens per Minute": {"unit": "tokens/min", "min": 1514712.534249562, "p50": 1514712.534249562, "p90": 1514712.534249562, "p95": 1514712.534249562, "p99": 1514712.534249562, "max": 1514712.534249562}, "Output Tokens per Minute": {"unit": "tokens/min", "min": 65489.55760281307, "p50": 65489.55760281307, "p90": 65489.55760281307, "p95": 65489.55760281307, "p99": 65489.55760281307, "max": 65489.55760281307}}
{"actual_qps": 5.67218433263856, "success_rate": 100.0, "input_tokens": 4054, "output_tokens": 176, "model": "meta-llama/Llama-3.1-8B-Instruct", "input_tokens_per_minute": 1236334.2154083329, "output_tokens_per_minute": 53712.30691081974, "slo_seconds": 5.0, "slo_attainment": 0.0, "ttft_slo_ms": 1000, "ttft_slo_attainment": 0.0, "tpot_slo_ms": 50, "tpot_slo_attainment": 10.32258064516129, "Latency": {"unit": "s", "min": 6.401752020930871, "p50": 25.41014792653732, "p90": 34.29553742730059, "p95": 36.21775906102266, "p99": 38.08832336391789, "max": 39.07303700619377}, "Throughput": {"unit": "tokens/s", "min": 1.0541062894840065, "p50": 6.646614391918812, "p90": 11.00356522849923, "p95": 13.220326510517795, "p99": 14.516256530165574, "max": 15.272775928046666}, "TTFT": {"unit": "s", "min": 2.3160102718975395, "p50": 9.57771105109714, "p90": 12.928951267898084, "p95": 13.260338294343091, "p99": 13.55534840905806, "max": 14.201206126017496}, "TPOT": {"unit": "ms", "min": 0.326342702885369, "p50": 97.43084713358002, "p90": 126.27875743566169, "p95": 195.95311373120526, "p99": 242.01410497615606, "max": 267.90551762831836}, "Input Tokens per Minute": {"unit": "tokens/min", "min": 1236334.2154083329, "p50": 1236334.2154083329, "p90": 1236334.2154083329, "p95": 1236334.2154083329, "p99": 1236334.2154083329, "max": 1236334.2154083329}, "Output Tokens per Minute": {"unit": "tokens/min", "min": 53712.30691081974, "p50": 53712.30691081974, "p90": 53712.30691081974, "p95": 53712.30691081974, "p99": 53712.30691081974, "max": 53712.30691081974}}
{"actual_qps": 6.229511177289111, "success_rate": 100.0, "input_tokens": 4071, "output_tokens": 174, "model": "meta-llama/Llama-3.1-8B-Instruct", "input_tokens_per_minute": 1473894.803559389, "output_tokens_per_minute": 63196.75154855137, "slo_seconds": 5.0, "slo_attainment": 0.0, "ttft_slo_ms": 1000, "ttft_slo_attainment": 1.0869565217391304, "tpot_slo_ms": 50, "tpot_slo_attainment": 16.57608695652174, "Latency": {"unit": "s", "min": 5.89551019994542, "p50": 25.96646706899628, "p90": 36.168993403483185, "p95": 37.97399773794459, "p99": 40.64858649583533, "max": 42.96249340707436}, "Throughput": {"unit": "tokens/s", "min": 0.9667612320455898, "p50": 6.4221856208294685, "p90": 10.41840557494324, "p95": 11.58977762585331, "p99": 12.644323441641037, "max": 12.779392591931359}, "TTFT": {"unit": "s", "min": 0.6289317330811173, "p50": 11.320984433521517, "p90": 13.674985833675601, "p95": 14.386691167438402, "p99": 15.251232630789742, "max": 16.37806732999161}, "TPOT": {"unit": "ms", "min": 1.5114542476875685, "p50": 96.27086752056488, "p90": 134.1599586266023, "p95": 219.47410242507098, "p99": 248.85034655447785, "max": 540.4922127232162}, "Input Tokens per Minute": {"unit": "tokens/min", "min": 1473894.803559389, "p50": 1473894.803559389, "p90": 1473894.803559389, "p95": 1473894.803559389, "p99": 1473894.803559389, "max": 1473894.803559389}, "Output Tokens per Minute": {"unit": "tokens/min", "min": 63196.75154855137, "p50": 63196.75154855137, "p90": 63196.75154855137, "p95": 63196.75154855137, "p99": 63196.75154855137, "max": 63196.75154855137}}
{"actual_qps": 5.666598937781828, "success_rate": 100.0, "input_tokens": 3950, "output_tokens": 175, "model": "meta-llama/Llama-3.1-8B-Instruct",