{"actual_qps": 5.555183976384899, "success_rate": 100.0, "input_tokens": 3998, "output_tokens": 180, "model": "meta-llama/Llama-3.1-8B-Instruct", "input_tokens_per_minute": 973868.7842084836, "output_tokens_per_minute": 43894.49985032745, "slo_seconds": 5.0, "slo_attainment": 25.910931174089068, "ttft_slo_ms": 1000, "ttft_slo_attainment": 46.15384615384615, "tpot_slo_ms": 50, "tpot_slo_attainment": 62.75303643724697, "Latency": {"unit": "s", "min": 1.0039641219191253, "p50": 6.719015319831669, "p90": 17.87380873146467, "p95": 19.715174178895538, "p99": 24.052035373053513, "max": 27.961726039880887}, "Throughput": {"unit": "tokens/s", "min": 3.222315795911096, "p50": 24.754789556265884, "p90": 42.49698302623621, "p95": 48.36745870135053, "p99": 53.99002450552751, "max": 62.53698797155368}, "TTFT": {"unit": "s", "min": 0.12197512993589044, "p50": 1.0651684470940381, "p90": 3.3701971589587627, "p95": 4.248565719905309, "p99": 7.515637241038475, "max": 9.758613167796284}, "TPOT": {"unit": "ms", "min": 7.776028215744763, "p50": 32.017337537403385, "p90": 77.69233626452531, "p95": 86.55093065743806, "p99": 104.5791918725121, "max": 191.0157170398937}, "Input Tokens per Minute": {"unit": "tokens/min", "min": 973868.7842084836, "p50": 973868.7842084836, "p90": 973868.7842084836, "p95": 973868.7842084836, "p99": 973868.7842084836, "max": 973868.7842084836}, "Output Tokens per Minute": {"unit": "tokens/min", "min": 43894.49985032745, "p50": 43894.49985032745, "p90": 43894.49985032745, "p95": 43894.49985032745, "p99": 43894.49985032745, "max": 43894.49985032745}}
{"actual_qps": 5.57741429488285, "success_rate": 100.0, "input_tokens": 3935, "output_tokens": 174, "model": "meta-llama/Llama-3.1-8B-Instruct", "input_tokens_per_minute": 1055703.547071965, "output_tokens_per_minute": 46775.96391760496, "slo_seconds": 5.0, "slo_attainment": 1.1029411764705883, "ttft_slo_ms": 1000, "ttft_slo_attainment": 3.308823529411765, "tpot_slo_ms": 50, "tpot_slo_attainment": 6.61764705882353, "Latency": {"unit": "s", "min": 2.4001689918804914, "p50": 20.07012910512276, "p90": 29.22708677398041, "p95": 31.51830606661969, "p99": 34.59172658395256, "max": 35.65852480311878}, "Throughput": {"unit": "tokens/s", "min": 1.3292776185184008, "p50": 8.62209563931361, "p90": 15.082944545748907, "p95": 16.302270004128644, "p99": 18.642044304698516, "max": 20.407528266296993}, "TTFT": {"unit": "s", "min": 0.41486788005568087, "p50": 5.151225858950056, "p90": 10.379746358352714, "p95": 11.2583883323241, "p99": 12.35412562244106, "max": 13.292947351932526}, "TPOT": {"unit": "ms", "min": 1.260964019720129, "p50": 86.64128811557276, "p90": 117.57206188212967, "p95": 171.5811421271142, "p99": 244.26999802638406, "max": 253.5108527767339}, "Input Tokens per Minute": {"unit": "tokens/min", "min": 1055703.547071965, "p50": 1055703.547071965, "p90": 1055703.547071965, "p95": 1055703.547071965, "p99": 1055703.547071965, "max": 1055703.547071965}, "Output Tokens per Minute": {"unit": "tokens/min", "min": 46775.96391760496, "p50": 46775.96391760496, "p90": 46775.96391760496, "p95": 46775.96391760496, "p99": 46775.96391760496, "max": 46775.96391760496}}
{"actual_qps": 5.511869266892439, "success_rate": 100.0, "input_tokens": 3990, "output_tokens": 180, "model": "meta-llama/Llama-3.1-8B-Instruct", "input_tokens_per_minute": 1499341.525553396, "output_tokens_per_minute": 67731.16974568409, "slo_seconds": 5.0, "slo_attainment": 0.0, "ttft_slo_ms": 1000, "ttft_slo_attainment": 1.0498687664041995, "tpot_slo_ms": 50, "tpot_slo_attainment": 6.824146981627297, "Latency": {"unit": "s", "min": 5.953275457024574, "p50": 22.65286350506358, "p90": 32.71935826493427, "p95": 34.79452787688933, "p99": 37.307343633053826, "max": 38.76537432707846}, "Throughput": {"unit": "tokens/s", "min": 1.1070133508665716, "p50": 7.856391321367066, "p90": 12.268837872926955, "p95": 14.201886633425863, "p99": 16.532661945567078, "max": 17.99586958857256}, "TTFT": {"unit": "s", "min": 0.5897725929971784, "p50": 7.567727820016444, "p90": 11.27959477296099, "p95": 12.059638553997502, "p99": 13.430899139307437, "max": 15.456772677134722}, "TPOT": {"unit": "ms", "min": 0.8916284727522327, "p50": 89.83342722058296, "p90": 129.72919449289728, "p95": 205.47594393096998, "p99": 246.39116213691622, "max": 283.70448857496837}, "Input Tokens per Minute": {"unit": "tokens/min", "min": 1499341.525553396, "p50": 1499341.525553396, "p90": 1499341.525553396, "p95": 1499341.525553396, "p99": 1499341.525553396, "max": 1499341.525553396}, "Output Tokens per Minute": {"unit": "tokens/min", "min": 67731.16974568409, "p50": 67731.16974568409, "p90": 67731.16974568409, "p95": 67731.16974568409, "p99": 67731.16974568409, "max": 67731.16974568409}}
{"actual_qps": 5.32848421247479, "success_rate": 100.0, "input_tokens": 4116, "output_tokens": 179, "model": "meta-llama/Llama-3.1-8B-Instruct", "input_tokens_per_minute": 1287636.5715659128, "output_tokens_per_minute": 56152.714304582034, "slo_seconds": 5.0, "slo_attainment": 0.0, "ttft_slo_ms": 1000, "ttft_slo_attainment": 0.3144654088050315, "tpot_slo_ms": 50, "tpot_slo_attainment": 11.0062893081761, "Latency": {"unit": "s", "min": 7.469288120046258, "p50": 25.866459629614837, "p90": 35.86287075527944, "p95": 38.034822249645366, "p99": 39.30936007918091, "max": 40.21176571305841}, "Throughput": {"unit": "tokens/s", "min": 0.9526074788541352, "p50": 6.506730103280114, "p90": 10.362856318215163, "p95": 11.499536228497155, "p99": 12.596728265737703, "max": 13.126236070694373}, "TTFT": {"unit": "s", "min": 0.9127281119581312, "p50": 10.698324366007, "p90": 13.616699990653434, "p95": 14.168199983530211, "p99": 14.510935437537263, "max": 15.3722163871862}, "TPOT": {"unit": "ms", "min": 4.024581179893271, "p50": 99.0857580400554, "p90": 128.15307590083208, "p95": 170.50162273140054, "p99": 239.85027353188747, "max": 486.12929099951594}, "Input Tokens per Minute": {"unit": "tokens/min", "min": 1287636.5715659128, "p50": 1287636.5715659128, "p90": 1287636.5715659128, "p95": 1287636.5715659128, "p99": 1287636.5715659128, "max": 1287636.5715659128}, "Output Tokens per Minute": {"unit": "tokens/min", "min": 56152.714304582034, "p50": 56152.714304582034, "p90": 56152.714304582034, "p95": 56152.714304582034, "p99": 56152.714304582034, "max": 56152.714304582034}}
{"actual_qps": 5.491883000382709, "success_rate": 100.0, "input_tokens": 4196, "output_tokens": 173, "model": "meta-llama/Llama-3.1-8B-Instruct", "input_tokens_per_minute": 1320831.6325740737, "output_tokens_per_minute": 54649.97364201731, "slo_seconds": 5.0, "slo_attainment": 0.0, "ttft_slo_ms": 1000, "ttft_slo_attainment": 0.0, "tpot_slo_ms": 50, "tpot_slo_attainment": 15.937499999999998, "Latency": {"unit": "s", "min": 6.525810150895268, "p50": 27.25375394488219, "p90": 38.90313695734367, "p95": 40.06719487695955, "p99": 41.85602527566487, "max": 43.05052660498768}, "Throughput": {"unit": "tokens/s", "min": 0.9015798779487192, "p50": 5.921134191766361, "p90": 10.494474122776836, "p95": 11.72698300178907, "p99": 12.483575469973673, "max": 12.756376410977753}, "TTFT": {"unit": "s", "min": 1.611907540122047, "p50": 12.664393030921929, "p90": 15.370917191402988, "p95": 15.621602351055481, "p99": 16.10351108795032, "max": 24.042621455853805}, "TPOT": {"unit": "ms", "min": 1.6177425175044104, "p50": 98.61318828905442, "p90": 133.90375435372138, "p95": 193.7426260271525, "p99": 244.7986974671949, "max": 385.2604687049547}, "Input Tokens per Minute": {"unit": "tokens/min", "min": 1320831.6325740737, "p50": 1320831.6325740737, "p90": 1320831.6325740737, "p95": 1320831.6325740737, "p99": 1320831.6325740737, "max": 1320831.6325740737}, "Output Tokens per Minute": {"unit": "tokens/min", "min": 54649.97364201731, "p50": 54649.97364201731, "p90": 54649.97364201731, "p95": 54649.97364201731, "p99": 54649.97364201731, "max": 54649.97364201731}}
{"actual_qps": 5.283257858744668, "success_rate": 100.0, "input_tokens": 4232, "output_tokens": 174,