{"actual_qps": 5.070279007228596, "success_rate": 100.0, "input_tokens": 4155, "output_tokens": 181, "model": "meta-llama/Llama-3.1-8B-Instruct", "input_tokens_per_minute": 1181361.377114473, "output_tokens_per_minute": 51629.07186337703, "slo_seconds": 5.0, "slo_attainment": 77.89473684210526, "ttft_slo_ms": 1000, "ttft_slo_attainment": 51.92982456140351, "tpot_slo_ms": 50, "tpot_slo_attainment": 100.0, "Latency": {"unit": "s", "min": 0.5311160220298916, "p50": 3.9022179190069437, "p90": 5.730533097917213, "p95": 5.975756871793419, "p99": 7.940445116218195, "max": 11.738997641019523}, "Throughput": {"unit": "tokens/s", "min": 5.044022532941939, "p50": 49.161564911268876, "p90": 63.33517228605732, "p95": 66.6458806384689, "p99": 78.95392945846793, "max": 84.13648185379348}, "TTFT": {"unit": "s", "min": 0.19926158688031137, "p50": 0.9673561658710241, "p90": 1.9305092449299988, "p95": 2.5717494334094235, "p99": 4.578165953997529, "max": 7.79601653595455}, "TPOT": {"unit": "ms", "min": 8.653881996379871, "p50": 15.34791227696866, "p90": 20.362203451717686, "p95": 22.08619903113188, "p99": 29.88338799327494, "max": 36.951730735790065}, "Input Tokens per Minute": {"unit": "tokens/min", "min": 1181361.377114473, "p50": 1181361.377114473, "p90": 1181361.377114473, "p95": 1181361.377114473, "p99": 1181361.377114473, "max": 1181361.377114473}, "Output Tokens per Minute": {"unit": "tokens/min", "min": 51629.07186337703, "p50": 51629.07186337703, "p90": 51629.07186337703, "p95": 51629.07186337703, "p99": 51629.07186337703, "max": 51629.07186337703}}
{"actual_qps": 4.918714107562008, "success_rate": 100.0, "input_tokens": 4025, "output_tokens": 177, "model": "meta-llama/Llama-3.1-8B-Instruct", "input_tokens_per_minute": 1207805.0052541737, "output_tokens_per_minute": 53381.82046654896, "slo_seconds": 5.0, "slo_attainment": 98.36065573770492, "ttft_slo_ms": 1000, "ttft_slo_attainment": 63.278688524590166, "tpot_slo_ms": 50, "tpot_slo_attainment": 100.0, "Latency": {"unit": "s", "min": 0.45931632118299603, "p50": 3.390918492106721, "p90": 4.329230838501826, "p95": 4.646276331692934, "p99": 5.189729157043621, "max": 6.586438111029565}, "Throughput": {"unit": "tokens/s", "min": 9.16664357081334, "p50": 53.827308843295334, "p90": 67.22065552795527, "p95": 70.66200784326044, "p99": 80.05440243290087, "max": 87.25849025485219}, "TTFT": {"unit": "s", "min": 0.14401828707195818, "p50": 0.8388175149448216, "p90": 1.4379225649870935, "p95": 1.6552289254032082, "p99": 2.3068126070685677, "max": 3.775446764891967}, "TPOT": {"unit": "ms", "min": 10.331240964669679, "p50": 13.731525909043286, "p90": 16.113861886590048, "p95": 16.958127336707623, "p99": 20.248869414780266, "max": 26.191752434343748}, "Input Tokens per Minute": {"unit": "tokens/min", "min": 1207805.0052541737, "p50": 1207805.0052541737, "p90": 1207805.0052541737, "p95": 1207805.0052541737, "p99": 1207805.0052541737, "max": 1207805.0052541737}, "Output Tokens per Minute": {"unit": "tokens/min", "min": 53381.82046654896, "p50": 53381.82046654896, "p90": 53381.82046654896, "p95": 53381.82046654896, "p99": 53381.82046654896, "max": 53381.82046654896}}
{"actual_qps": 5.298617153384342, "success_rate": 100.0, "input_tokens": 4150, "output_tokens": 178, "model": "meta-llama/Llama-3.1-8B-Instruct", "input_tokens_per_minute": 1290359.719092673, "output_tokens_per_minute": 55537.20098848263, "slo_seconds": 5.0, "slo_attainment": 97.15189873417721, "ttft_slo_ms": 1000, "ttft_slo_attainment": 75.0, "tpot_slo_ms": 50, "tpot_slo_attainment": 100.0, "Latency": {"unit": "s", "min": 0.7511642079334706, "p50": 3.5094082180876285, "p90": 4.441244586021639, "p95": 4.786825504968874, "p99": 5.28753821285209, "max": 5.531408152077347}, "Throughput": {"unit": "tokens/s", "min": 9.418886506596332, "p50": 51.88886780638943, "p90": 66.05095144079849, "p95": 70.48678038649956, "p99": 75.25720559482804, "max": 82.50252588640765}, "TTFT": {"unit": "s", "min": 0.1271570110693574, "p50": 0.7029841090552509, "p90": 1.2284997060196474, "p95": 1.3743447129963897, "p99": 2.4308600963209814, "max": 2.717051859945059}, "TPOT": {"unit": "ms", "min": 9.18002319164001, "p50": 14.509008205895963, "p90": 18.10657174337983, "p95": 19.895446181595265, "p99": 22.3303543160969, "max": 31.853672862052914}, "Input Tokens per Minute": {"unit": "tokens/min", "min": 1290359.719092673, "p50": 1290359.719092673, "p90": 1290359.719092673, "p95": 1290359.719092673, "p99": 1290359.719092673, "max": 1290359.719092673}, "Output Tokens per Minute": {"unit": "tokens/min", "min": 55537.20098848263, "p50": 55537.20098848263, "p90": 55537.20098848263, "p95": 55537.20098848263, "p99": 55537.20098848263, "max": 55537.20098848263}}
{"actual_qps": 4.888693196590217, "success_rate": 100.0, "input_tokens": 4123, "output_tokens": 179, "model": "meta-llama/Llama-3.1-8B-Instruct", "input_tokens_per_minute": 1152148.771384288, "output_tokens_per_minute": 50082.347043196365, "slo_seconds": 5.0, "slo_attainment": 93.30985915492957, "ttft_slo_ms": 1000, "ttft_slo_attainment": 74.64788732394366, "tpot_slo_ms": 50, "tpot_slo_attainment": 100.0, "Latency": {"unit": "s", "min": 0.7107828550506383, "p50": 3.5966549928998575, "p90": 4.86713227252476, "p95": 5.041806068154983, "p99": 5.466405554087837, "max": 5.875690375920385}, "Throughput": {"unit": "tokens/s", "min": 11.227476210058057, "p50": 50.235649147827345, "p90": 65.54421126925193, "p95": 70.62441779121227, "p99": 83.83463612147945, "max": 96.30005051216021}, "TTFT": {"unit": "s", "min": 0.09153208299539983, "p50": 0.7402449769433588, "p90": 1.2749211177695545, "p95": 1.4996939641307103, "p99": 2.343122184865643, "max": 2.4957621551584452}, "TPOT": {"unit": "ms", "min": 8.839397414429289, "p50": 15.30556691501608, "p90": 19.554851871292723, "p95": 20.816000531680285, "p99": 24.131849166807957, "max": 24.795814136300105}, "Input Tokens per Minute": {"unit": "tokens/min", "min": 1152148.771384288, "p50": 1152148.771384288, "p90": 1152148.771384288, "p95": 1152148.771384288, "p99": 1152148.771384288, "max": 1152148.771384288}, "Output Tokens per Minute": {"unit": "tokens/min", "min": 50082.347043196365, "p50": 50082.347043196365, "p90": 50082.347043196365, "p95": 50082.347043196365, "p99": 50082.347043196365, "max": 50082.347043196365}}
{"actual_qps": 5.049971932681122, "success_rate": 100.0, "input_tokens": 3951, "output_tokens": 179, "model": "meta-llama/Llama-3.1-8B-Instruct", "input_tokens_per_minute": 1243896.5618898207, "output_tokens_per_minute": 56581.935864928804, "slo_seconds": 5.0, "slo_attainment": 98.125, "ttft_slo_ms": 1000, "ttft_slo_attainment": 91.875, "tpot_slo_ms": 50, "tpot_slo_attainment": 100.0, "Latency": {"unit": "s", "min": 0.4999581300653517, "p50": 3.5494766904739663, "p90": 4.466744408360682, "p95": 4.707938359770924, "p99": 5.1458977156854235, "max": 6.1287554011214525}, "Throughput": {"unit": "tokens/s", "min": 12.238840487253604, "p50": 53.77511758325145, "p90": 69.22882805252921, "p95": 73.00371896786254, "p99": 78.68082775661618, "max": 91.18692856104637}, "TTFT": {"unit": "s", "min": 0.08910698187537491, "p50": 0.561018128064461, "p90": 0.9764642184367405, "p95": 1.0952458898420447, "p99": 1.2801156118349173, "max": 1.4013099260628223}, "TPOT": {"unit": "ms", "min": 9.552957055176485, "p50": 15.407037725859327, "p90": 19.165463704877915, "p95": 19.806956755343695, "p99": 24.146436925096452, "max": 26.298966529384177}, "Input Tokens per Minute": {"unit": "tokens/min", "min": 1243896.5618898207, "p50": 1243896.5618898207, "p90": 1243896.5618898207, "p95": 1243896.5618898207, "p99": 1243896.5618898207, "max": 1243896.5618898207}, "Output Tokens per Minute": {"unit": "tokens/min", "min": 56581.935864928804, "p50": 56581.935864928804, "p90": 56581.935864928804, "p95": 56581.935864928804, "p99": 56581.935864928804, "max": 56581.935864928804}}
{"actual_qps": 4.967249326399707, "success_rate": 100.0, "input_tokens": 4100, "output_tokens": 175, "model": "meta-llama/Llama-3.1-8B-Instruct",