{"actual_qps": 5.611036830733935, "success_rate": 100.0, "input_tokens": 4000, "output_tokens": 182, "model": "meta-llama/Llama-3.1-8B-Instruct", "input_tokens_per_minute": 1287816.626009686, "output_tokens_per_minute": 58757.39954204875, "slo_seconds": 5.0, "slo_attainment": 90.82568807339449, "ttft_slo_ms": 1000, "ttft_slo_attainment": 61.773700305810394, "tpot_slo_ms": 50, "tpot_slo_attainment": 100.0, "Latency": {"unit": "s", "min": 0.6249343191739172, "p50": 3.6914232061244547, "p90": 4.933155470667408, "p95": 5.3333474772749465, "p99": 6.4012376388441785, "max": 7.458540796069428}, "Throughput": {"unit": "tokens/s", "min": 14.466126195833155, "p50": 49.98077264601451, "p90": 66.71384416350095, "p95": 71.11748442800102, "p99": 76.6146441394477, "max": 82.10556274059043}, "TTFT": {"unit": "s", "min": 0.10248051211237907, "p50": 0.8871281580068171, "p90": 1.5439198991749437, "p95": 1.901266397279687, "p99": 3.3767757166316734, "max": 3.816966590937227}, "TPOT": {"unit": "ms", "min": 9.68513670228818, "p50": 14.66958390445865, "p90": 18.544992830033358, "p95": 19.707835585045686, "p99": 21.82698427167727, "max": 26.486369664780796}, "Input Tokens per Minute": {"unit": "tokens/min", "min": 1287816.626009686, "p50": 1287816.626009686, "p90": 1287816.626009686, "p95": 1287816.626009686, "p99": 1287816.626009686, "max": 1287816.626009686}, "Output Tokens per Minute": {"unit": "tokens/min", "min": 58757.39954204875, "p50": 58757.39954204875, "p90": 58757.39954204875, "p95": 58757.39954204875, "p99": 58757.39954204875, "max": 58757.39954204875}}
{"actual_qps": 5.64869706428823, "success_rate": 100.0, "input_tokens": 3980, "output_tokens": 178, "model": "meta-llama/Llama-3.1-8B-Instruct", "input_tokens_per_minute": 1265700.2813647562, "output_tokens_per_minute": 56890.99150150988, "slo_seconds": 5.0, "slo_attainment": 98.45201238390094, "ttft_slo_ms": 1000, "ttft_slo_attainment": 68.11145510835914, "tpot_slo_ms": 50, "tpot_slo_attainment": 100.0, "Latency": {"unit": "s", "min": 0.8751427768729627, "p50": 3.512189431115985, "p90": 4.237258964264766, "p95": 4.463668796280398, "p99": 5.183304825187656, "max": 5.899120968999341}, "Throughput": {"unit": "tokens/s", "min": 8.880091709805013, "p50": 53.82530601753713, "p90": 66.83310719918525, "p95": 68.86502285969323, "p99": 74.63579710749205, "max": 80.26304163513976}, "TTFT": {"unit": "s", "min": 0.18117243703454733, "p50": 0.7947970309760422, "p90": 1.3584088656585664, "p95": 1.6020644045667722, "p99": 2.2032079049060074, "max": 3.0981554109603167}, "TPOT": {"unit": "ms", "min": 5.842285005953805, "p50": 13.91773728124947, "p90": 16.39744657344517, "p95": 17.66091519089219, "p99": 21.836993868261487, "max": 24.746941060156505}, "Input Tokens per Minute": {"unit": "tokens/min", "min": 1265700.2813647562, "p50": 1265700.2813647562, "p90": 1265700.2813647562, "p95": 1265700.2813647562, "p99": 1265700.2813647562, "max": 1265700.2813647562}, "Output Tokens per Minute": {"unit": "tokens/min", "min": 56890.99150150988, "p50": 56890.99150150988, "p90": 56890.99150150988, "p95": 56890.99150150988, "p99": 56890.99150150988, "max": 56890.99150150988}}
{"actual_qps": 5.445350476434628, "success_rate": 100.0, "input_tokens": 4004, "output_tokens": 181, "model": "meta-llama/Llama-3.1-8B-Instruct", "input_tokens_per_minute": 1296780.50344489, "output_tokens_per_minute": 58925.73064697076, "slo_seconds": 5.0, "slo_attainment": 93.00911854103343, "ttft_slo_ms": 1000, "ttft_slo_attainment": 68.38905775075987, "tpot_slo_ms": 50, "tpot_slo_attainment": 100.0, "Latency": {"unit": "s", "min": 0.8122271469328552, "p50": 3.6104265491012484, "p90": 4.788155383989214, "p95": 5.1989575976040205, "p99": 5.832351525537668, "max": 6.626087870914489}, "Throughput": {"unit": "tokens/s", "min": 9.850905564214258, "p50": 51.888016963523604, "p90": 63.506551055228925, "p95": 67.72381082487573, "p99": 73.6706460275949, "max": 82.00146250521524}, "TTFT": {"unit": "s", "min": 0.13060190388932824, "p50": 0.8349912411067635, "p90": 1.393152028787881, "p95": 1.6431883749086407, "p99": 2.4482781879417597, "max": 2.6795109598897398}, "TPOT": {"unit": "ms", "min": 10.499402112327516, "p50": 14.933935613441632, "p90": 18.777629944392718, "p95": 19.86205634759299, "p99": 22.464845285668236, "max": 37.07211325957399}, "Input Tokens per Minute": {"unit": "tokens/min", "min": 1296780.50344489, "p50": 1296780.50344489, "p90": 1296780.50344489, "p95": 1296780.50344489, "p99": 1296780.50344489, "max": 1296780.50344489}, "Output Tokens per Minute": {"unit": "tokens/min", "min": 58925.73064697076, "p50": 58925.73064697076, "p90": 58925.73064697076, "p95": 58925.73064697076, "p99": 58925.73064697076, "max": 58925.73064697076}}
{"actual_qps": 5.334435438760718, "success_rate": 100.0, "input_tokens": 4176, "output_tokens": 176, "model": "meta-llama/Llama-3.1-8B-Instruct", "input_tokens_per_minute": 1373259.91984022, "output_tokens_per_minute": 58059.46531169956, "slo_seconds": 5.0, "slo_attainment": 90.41916167664671, "ttft_slo_ms": 1000, "ttft_slo_attainment": 63.772455089820355, "tpot_slo_ms": 50, "tpot_slo_attainment": 100.0, "Latency": {"unit": "s", "min": 0.7811347690876573, "p50": 3.667221414973028, "p90": 4.96272751619108, "p95": 5.294556292972993, "p99": 5.7385201663523935, "max": 7.362360700033605}, "Throughput": {"unit": "tokens/s", "min": 9.899616447215699, "p50": 48.64237606290868, "p90": 65.33225521724914, "p95": 68.04401217488524, "p99": 77.36466829618908, "max": 83.64826308677887}, "TTFT": {"unit": "s", "min": 0.16993622202426195, "p50": 0.8491760744946077, "p90": 1.5328142683487385, "p95": 1.7659116667811747, "p99": 2.3774280852172525, "max": 2.856716292910278}, "TPOT": {"unit": "ms", "min": 8.56587488669902, "p50": 14.86641271905646, "p90": 19.476301322876513, "p95": 20.633895486696172, "p99": 25.971481972391594, "max": 35.26847895786718}, "Input Tokens per Minute": {"unit": "tokens/min", "min": 1373259.91984022, "p50": 1373259.91984022, "p90": 1373259.91984022, "p95": 1373259.91984022, "p99": 1373259.91984022, "max": 1373259.91984022}, "Output Tokens per Minute": {"unit": "tokens/min", "min": 58059.46531169956, "p50": 58059.46531169956, "p90": 58059.46531169956, "p95": 58059.46531169956, "p99": 58059.46531169956, "max": 58059.46531169956}}
{"actual_qps": 5.499855406974725, "success_rate": 100.0, "input_tokens": 4214, "output_tokens": 175, "model": "meta-llama/Llama-3.1-8B-Instruct", "input_tokens_per_minute": 1369067.3924959926, "output_tokens_per_minute": 56926.42962886188, "slo_seconds": 5.0, "slo_attainment": 97.87878787878788, "ttft_slo_ms": 1000, "ttft_slo_attainment": 87.27272727272727, "tpot_slo_ms": 50, "tpot_slo_attainment": 100.0, "Latency": {"unit": "s", "min": 0.6333872370887548, "p50": 3.5156380474800244, "p90": 4.368848188361154, "p95": 4.6955516748595985, "p99": 5.681540459464296, "max": 6.175464779837057}, "Throughput": {"unit": "tokens/s", "min": 12.672885878044143, "p50": 52.32530181880712, "p90": 67.32450067304504, "p95": 71.159079057231, "p99": 78.66299187086196, "max": 83.40442573742313}, "TTFT": {"unit": "s", "min": 0.12790446099825203, "p50": 0.65127606340684, "p90": 1.0672954910667616, "p95": 1.1463470022077673, "p99": 1.375164479103405, "max": 1.6889338688924909}, "TPOT": {"unit": "ms", "min": 9.766920825795216, "p50": 14.980124795007846, "p90": 18.793161175021872, "p95": 20.35692569071716, "p99": 23.668405372771286, "max": 25.615883090219754}, "Input Tokens per Minute": {"unit": "tokens/min", "min": 1369067.3924959926, "p50": 1369067.3924959926, "p90": 1369067.3924959926, "p95": 1369067.3924959926, "p99": 1369067.3924959926, "max": 1369067.3924959926}, "Output Tokens per Minute": {"unit": "tokens/min", "min": 56926.42962886188, "p50": 56926.42962886188, "p90": 56926.42962886188, "p95": 56926.42962886188, "p99": 56926.42962886188, "max": 56926.42962886188}}
{"actual_qps": 5.278807597782422, "success_rate": 100.0, "input_tokens": 3996, "output_tokens": 182, "model": "meta-llama/Llama-3.1-8B-Instruct",