{"actual_qps": 6.376941545270095, "success_rate": 100.0, "input_tokens": 3959, "output_tokens": 175, "model": "meta-llama/Llama-3.1-8B-Instruct", "input_tokens_per_minute": 1393460.5949522953, "output_tokens_per_minute": 61745.60160104702, "slo_seconds": 5.0, "slo_attainment": 91.85393258426966, "ttft_slo_ms": 1000, "ttft_slo_attainment": 45.2247191011236, "tpot_slo_ms": 50, "tpot_slo_attainment": 100.0, "Latency": {"unit": "s", "min": 0.850021850084886, "p50": 3.7989704408682883, "p90": 4.841114406008273, "p95": 5.240925432241056, "p99": 6.411375115124971, "max": 8.583498989930376}, "Throughput": {"unit": "tokens/s", "min": 8.99235869883592, "p50": 48.143431359329426, "p90": 66.10060222778972, "p95": 71.00985623332414, "p99": 81.75272552409828, "max": 91.40458264599566}, "TTFT": {"unit": "s", "min": 0.24460093304514885, "p50": 1.0502906549954787, "p90": 2.0749221105361357, "p95": 2.5293004289269447, "p99": 3.2110111780697466, "max": 6.052958910819143}, "TPOT": {"unit": "ms", "min": 5.308289745719069, "p50": 14.419175484120121, "p90": 18.269269670628436, "p95": 19.947712926542735, "p99": 23.666400683926028, "max": 24.438932456337568}, "Input Tokens per Minute": {"unit": "tokens/min", "min": 1393460.5949522953, "p50": 1393460.5949522953, "p90": 1393460.5949522953, "p95": 1393460.5949522953, "p99": 1393460.5949522953, "max": 1393460.5949522953}, "Output Tokens per Minute": {"unit": "tokens/min", "min": 61745.60160104702, "p50": 61745.60160104702, "p90": 61745.60160104702, "p95": 61745.60160104702, "p99": 61745.60160104702, "max": 61745.60160104702}}
{"actual_qps": 5.315809832804707, "success_rate": 100.0, "input_tokens": 3993, "output_tokens": 173, "model": "meta-llama/Llama-3.1-8B-Instruct", "input_tokens_per_minute": 1336622.9749080683, "output_tokens_per_minute": 58137.24020477414, "slo_seconds": 5.0, "slo_attainment": 97.94117647058823, "ttft_slo_ms": 1000, "ttft_slo_attainment": 64.70588235294117, "tpot_slo_ms": 50, "tpot_slo_attainment": 100.0, "Latency": {"unit": "s", "min": 0.66849854006432, "p50": 3.471489149495028, "p90": 4.350410909508355, "p95": 4.7477208948927005, "p99": 5.0496878779400145, "max": 6.3648501022253186}, "Throughput": {"unit": "tokens/s", "min": 8.958450978267898, "p50": 52.69546050294801, "p90": 63.989813079968954, "p95": 68.40616152036972, "p99": 74.64850957579398, "max": 78.74126844018717}, "TTFT": {"unit": "s", "min": 0.1451730658300221, "p50": 0.8575476305559278, "p90": 1.462937068520114, "p95": 1.6916042878758166, "p99": 1.9735605808394037, "max": 3.4269964951090515}, "TPOT": {"unit": "ms", "min": 5.42257957360042, "p50": 13.970322391584553, "p90": 16.85476820686345, "p95": 17.848668917494994, "p99": 22.323746991587228, "max": 27.329220752497868}, "Input Tokens per Minute": {"unit": "tokens/min", "min": 1336622.9749080683, "p50": 1336622.9749080683, "p90": 1336622.9749080683, "p95": 1336622.9749080683, "p99": 1336622.9749080683, "max": 1336622.9749080683}, "Output Tokens per Minute": {"unit": "tokens/min", "min": 58137.24020477414, "p50": 58137.24020477414, "p90": 58137.24020477414, "p95": 58137.24020477414, "p99": 58137.24020477414, "max": 58137.24020477414}}
{"actual_qps": 5.447088016745336, "success_rate": 100.0, "input_tokens": 3862, "output_tokens": 179, "model": "meta-llama/Llama-3.1-8B-Instruct", "input_tokens_per_minute": 1220540.4542980378, "output_tokens_per_minute": 56762.020512843, "slo_seconds": 5.0, "slo_attainment": 96.88473520249221, "ttft_slo_ms": 1000, "ttft_slo_attainment": 72.58566978193146, "tpot_slo_ms": 50, "tpot_slo_attainment": 100.0, "Latency": {"unit": "s", "min": 0.6725330029148608, "p50": 3.537012135144323, "p90": 4.321046360069886, "p95": 4.781464462867007, "p99": 5.434605457633734, "max": 5.89710964797996}, "Throughput": {"unit": "tokens/s", "min": 13.589398159000234, "p50": 53.78994296338778, "p90": 65.10008434794926, "p95": 68.25275678448072, "p99": 74.79811965690944, "max": 82.63116474554002}, "TTFT": {"unit": "s", "min": 0.14622418116778135, "p50": 0.7861995720304549, "p90": 1.2682799231261015, "p95": 1.547639410942793, "p99": 2.1169352095574183, "max": 3.3244164381176233}, "TPOT": {"unit": "ms", "min": 10.062437031741197, "p50": 14.111770783789717, "p90": 17.245557507846375, "p95": 18.320078165948992, "p99": 21.685912100195743, "max": 24.030173939536326}, "Input Tokens per Minute": {"unit": "tokens/min", "min": 1220540.4542980378, "p50": 1220540.4542980378, "p90": 1220540.4542980378, "p95": 1220540.4542980378, "p99": 1220540.4542980378, "max": 1220540.4542980378}, "Output Tokens per Minute": {"unit": "tokens/min", "min": 56762.020512843, "p50": 56762.020512843, "p90": 56762.020512843, "p95": 56762.020512843, "p99": 56762.020512843, "max": 56762.020512843}}
{"actual_qps": 5.674960640389311, "success_rate": 100.0, "input_tokens": 4129, "output_tokens": 176, "model": "meta-llama/Llama-3.1-8B-Instruct", "input_tokens_per_minute": 1434364.999705595, "output_tokens_per_minute": 61455.88734653273, "slo_seconds": 5.0, "slo_attainment": 97.45042492917847, "ttft_slo_ms": 1000, "ttft_slo_attainment": 88.6685552407932, "tpot_slo_ms": 50, "tpot_slo_attainment": 100.0, "Latency": {"unit": "s", "min": 0.539872728055343, "p50": 3.428653168026358, "p90": 4.433444476267323, "p95": 4.726731029059738, "p99": 5.251909648077563, "max": 5.656048170989379}, "Throughput": {"unit": "tokens/s", "min": 14.351251137218966, "p50": 54.71110238050296, "p90": 68.56520407738047, "p95": 75.40491418434793, "p99": 85.5008945081662, "max": 89.52479312365996}, "TTFT": {"unit": "s", "min": 0.08385123708285391, "p50": 0.5769644461106509, "p90": 1.012245491379872, "p95": 1.2568722528871148, "p99": 1.5897888647019882, "max": 1.8670379831455648}, "TPOT": {"unit": "ms", "min": 5.376765252246211, "p50": 14.954454155120347, "p90": 19.20834680673283, "p95": 20.173462006923312, "p99": 22.46020123082016, "max": 41.36910769359573}, "Input Tokens per Minute": {"unit": "tokens/min", "min": 1434364.999705595, "p50": 1434364.999705595, "p90": 1434364.999705595, "p95": 1434364.999705595, "p99": 1434364.999705595, "max": 1434364.999705595}, "Output Tokens per Minute": {"unit": "tokens/min", "min": 61455.88734653273, "p50": 61455.88734653273, "p90": 61455.88734653273, "p95": 61455.88734653273, "p99": 61455.88734653273, "max": 61455.88734653273}}
{"actual_qps": 5.426170557389351, "success_rate": 100.0, "input_tokens": 3938, "output_tokens": 174, "model": "meta-llama/Llama-3.1-8B-Instruct", "input_tokens_per_minute": 1301652.4160116003, "output_tokens_per_minute": 57530.522519946186, "slo_seconds": 5.0, "slo_attainment": 97.91666666666666, "ttft_slo_ms": 1000, "ttft_slo_attainment": 88.69047619047619, "tpot_slo_ms": 50, "tpot_slo_attainment": 100.0, "Latency": {"unit": "s", "min": 0.5361364798154682, "p50": 3.473263521096669, "p90": 4.514510920969769, "p95": 4.7654878090834245, "p99": 5.4039717666339095, "max": 6.159077754011378}, "Throughput": {"unit": "tokens/s", "min": 11.359068582178123, "p50": 52.79520152341826, "p90": 67.60921281285783, "p95": 72.82435863717434, "p99": 83.5919692131349, "max": 92.55444580112696}, "TTFT": {"unit": "s", "min": 0.09178626094944775, "p50": 0.6017224539536983, "p90": 1.0826548540499061, "p95": 1.2471475750789978, "p99": 1.4108036705292755, "max": 1.616750065004453}, "TPOT": {"unit": "ms", "min": 8.660509999442313, "p50": 15.261906680613569, "p90": 19.215456793908423, "p95": 20.22410036887835, "p99": 25.384556590366486, "max": 28.68831913982486}, "Input Tokens per Minute": {"unit": "tokens/min", "min": 1301652.4160116003, "p50": 1301652.4160116003, "p90": 1301652.4160116003, "p95": 1301652.4160116003, "p99": 1301652.4160116003, "max": 1301652.4160116003}, "Output Tokens per Minute": {"unit": "tokens/min", "min": 57530.522519946186, "p50": 57530.522519946186, "p90": 57530.522519946186, "p95": 57530.522519946186, "p99": 57530.522519946186, "max": 57530.522519946186}}
{"actual_qps": 5.216283397032184, "success_rate": 100.0, "input_tokens": 4119, "output_tokens": 173, "model": "meta-llama/Llama-3.1-8B-Instruct",