{"actual_qps": 5.2750830596994565, "success_rate": 100.0, "input_tokens": 4151, "output_tokens": 174, "model": "meta-llama/Llama-3.1-8B-Instruct", "input_tokens_per_minute": 1268728.5819930069, "output_tokens_per_minute": 53307.77353571143, "slo_seconds": 5.0, "slo_attainment": 47.07792207792208, "ttft_slo_ms": 1000, "ttft_slo_attainment": 32.7922077922078, "tpot_slo_ms": 50, "tpot_slo_attainment": 99.35064935064936, "Latency": {"unit": "s", "min": 0.8290860948618501, "p50": 5.819141176529229, "p90": 10.001642676978374, "p95": 11.266171281458808, "p99": 17.233358427479406, "max": 24.052038997178897}, "Throughput": {"unit": "tokens/s", "min": 1.6305422300292136, "p50": 30.138116982394074, "p90": 70.83389851372682, "p95": 76.1007084978121, "p99": 87.66257405012287, "max": 92.45708638203627}, "TTFT": {"unit": "s", "min": 0.1963179549202323, "p50": 3.78272056451533, "p90": 7.394663627212867, "p95": 9.903700829588342, "p99": 14.903405422884976, "max": 21.970953847980127}, "TPOT": {"unit": "ms", "min": 1.1000814566847368, "p50": 12.06371339971677, "p90": 17.034543422284774, "p95": 17.552686124909343, "p99": 31.87671036282554, "max": 65.76160338175085}, "Input Tokens per Minute": {"unit": "tokens/min", "min": 1268728.5819930069, "p50": 1268728.5819930069, "p90": 1268728.5819930069, "p95": 1268728.5819930069, "p99": 1268728.5819930069, "max": 1268728.5819930069}, "Output Tokens per Minute": {"unit": "tokens/min", "min": 53307.77353571143, "p50": 53307.77353571143, "p90": 53307.77353571143, "p95": 53307.77353571143, "p99": 53307.77353571143, "max": 53307.77353571143}}
{"actual_qps": 5.102991935348593, "success_rate": 100.0, "input_tokens": 4228, "output_tokens": 178, "model": "meta-llama/Llama-3.1-8B-Instruct", "input_tokens_per_minute": 1216794.9758625024, "output_tokens_per_minute": 51460.33692307938, "slo_seconds": 5.0, "slo_attainment": 96.20689655172414, "ttft_slo_ms": 1000, "ttft_slo_attainment": 62.758620689655174, "tpot_slo_ms": 50, "tpot_slo_attainment": 100.0, "Latency": {"unit": "s", "min": 0.5116578061133623, "p50": 3.7105760014383122, "p90": 4.724079453432933, "p95": 4.937203123723156, "p99": 5.311406668971759, "max": 6.876727081136778}, "Throughput": {"unit": "tokens/s", "min": 8.447036729521775, "p50": 49.583397632003496, "p90": 64.65331225101615, "p95": 70.52665811601254, "p99": 75.85965884553576, "max": 81.99333793997495}, "TTFT": {"unit": "s", "min": 0.15828374703414738, "p50": 0.7958425285760313, "p90": 1.538590588443913, "p95": 1.7303370913956326, "p99": 2.121608382042033, "max": 3.914577472023666}, "TPOT": {"unit": "ms", "min": 9.886378558099869, "p50": 15.026449713734301, "p90": 18.603940857995546, "p95": 19.775614625863245, "p99": 21.606878877894946, "max": 44.92186231072992}, "Input Tokens per Minute": {"unit": "tokens/min", "min": 1216794.9758625024, "p50": 1216794.9758625024, "p90": 1216794.9758625024, "p95": 1216794.9758625024, "p99": 1216794.9758625024, "max": 1216794.9758625024}, "Output Tokens per Minute": {"unit": "tokens/min", "min": 51460.33692307938, "p50": 51460.33692307938, "p90": 51460.33692307938, "p95": 51460.33692307938, "p99": 51460.33692307938, "max": 51460.33692307938}}
{"actual_qps": 4.99136547770017, "success_rate": 100.0, "input_tokens": 4246, "output_tokens": 182, "model": "meta-llama/Llama-3.1-8B-Instruct", "input_tokens_per_minute": 1272487.9468293458, "output_tokens_per_minute": 54774.213553686815, "slo_seconds": 5.0, "slo_attainment": 92.05298013245033, "ttft_slo_ms": 1000, "ttft_slo_attainment": 53.64238410596026, "tpot_slo_ms": 50, "tpot_slo_attainment": 100.0, "Latency": {"unit": "s", "min": 0.7205895569641143, "p50": 3.6680941219674423, "p90": 4.69864172837697, "p95": 5.097688956663478, "p99": 5.75270679035457, "max": 6.726740963989869}, "Throughput": {"unit": "tokens/s", "min": 10.241305669797162, "p50": 51.60722600911018, "p90": 64.13826960732048, "p95": 69.31750377557881, "p99": 78.21238183115697, "max": 88.49021522579419}, "TTFT": {"unit": "s", "min": 0.19104311405681074, "p50": 0.9583693634485826, "p90": 1.663719217223116, "p95": 1.9485394906951115, "p99": 2.7753157098684484, "max": 3.1800101448316127}, "TPOT": {"unit": "ms", "min": 7.280218222623934, "p50": 14.043493387078744, "p90": 17.629157893954027, "p95": 18.916085124103056, "p99": 22.532033562240905, "max": 29.140343856332557}, "Input Tokens per Minute": {"unit": "tokens/min", "min": 1272487.9468293458, "p50": 1272487.9468293458, "p90": 1272487.9468293458, "p95": 1272487.9468293458, "p99": 1272487.9468293458, "max": 1272487.9468293458}, "Output Tokens per Minute": {"unit": "tokens/min", "min": 54774.213553686815, "p50": 54774.213553686815, "p90": 54774.213553686815, "p95": 54774.213553686815, "p99": 54774.213553686815, "max": 54774.213553686815}}
{"actual_qps": 5.236419515642435, "success_rate": 100.0, "input_tokens": 4379, "output_tokens": 175, "model": "meta-llama/Llama-3.1-8B-Instruct", "input_tokens_per_minute": 1410590.6411384882, "output_tokens_per_minute": 56503.93058482847, "slo_seconds": 5.0, "slo_attainment": 89.87730061349694, "ttft_slo_ms": 1000, "ttft_slo_attainment": 60.42944785276073, "tpot_slo_ms": 50, "tpot_slo_attainment": 100.0, "Latency": {"unit": "s", "min": 0.6288758309092373, "p50": 3.667611503507942, "p90": 4.994283595588058, "p95": 5.484334636712447, "p99": 6.321213112503756, "max": 7.768257244024426}, "Throughput": {"unit": "tokens/s", "min": 5.358621975567885, "p50": 49.33058675927967, "p90": 65.38910717501437, "p95": 70.97454931488548, "p99": 80.76195232396127, "max": 84.75830992180805}, "TTFT": {"unit": "s", "min": 0.06173256295733154, "p50": 0.7794111070688814, "p90": 1.9661132654873654, "p95": 2.4040156984119676, "p99": 3.138401337317191, "max": 4.4198726220056415}, "TPOT": {"unit": "ms", "min": 10.51608302748829, "p50": 14.753132911712568, "p90": 18.663080030088146, "p95": 19.914021697386765, "p99": 22.52213306394779, "max": 28.937613546487785}, "Input Tokens per Minute": {"unit": "tokens/min", "min": 1410590.6411384882, "p50": 1410590.6411384882, "p90": 1410590.6411384882, "p95": 1410590.6411384882, "p99": 1410590.6411384882, "max": 1410590.6411384882}, "Output Tokens per Minute": {"unit": "tokens/min", "min": 56503.93058482847, "p50": 56503.93058482847, "p90": 56503.93058482847, "p95": 56503.93058482847, "p99": 56503.93058482847, "max": 56503.93058482847}}
{"actual_qps": 5.099930330779796, "success_rate": 100.0, "input_tokens": 4224, "output_tokens": 172, "model": "meta-llama/Llama-3.1-8B-Instruct", "input_tokens_per_minute": 1289822.9990488584, "output_tokens_per_minute": 52789.03673976893, "slo_seconds": 5.0, "slo_attainment": 99.02912621359224, "ttft_slo_ms": 1000, "ttft_slo_attainment": 97.41100323624595, "tpot_slo_ms": 50, "tpot_slo_attainment": 100.0, "Latency": {"unit": "s", "min": 0.5250973328948021, "p50": 3.2888616758864373, "p90": 4.381441235821694, "p95": 4.545133397262543, "p99": 4.981148571847008, "max": 5.31278197420761}, "Throughput": {"unit": "tokens/s", "min": 14.378352631065468, "p50": 54.9689303382017, "p90": 70.67602635342055, "p95": 75.04320141190409, "p99": 85.08491456377475, "max": 92.8957302382516}, "TTFT": {"unit": "s", "min": 0.05726397503167391, "p50": 0.44886732404120266, "p90": 0.8034167137928306, "p95": 0.8673781667836002, "p99": 1.255869821766394, "max": 1.3216726158279926}, "TPOT": {"unit": "ms", "min": 9.517654128880663, "p50": 15.50917584453733, "p90": 19.677522777227203, "p95": 20.881183305031946, "p99": 28.47221168724221, "max": 31.51687595527619}, "Input Tokens per Minute": {"unit": "tokens/min", "min": 1289822.9990488584, "p50": 1289822.9990488584, "p90": 1289822.9990488584, "p95": 1289822.9990488584, "p99": 1289822.9990488584, "max": 1289822.9990488584}, "Output Tokens per Minute": {"unit": "tokens/min", "min": 52789.03673976893, "p50": 52789.03673976893, "p90": 52789.03673976893, "p95": 52789.03673976893, "p99": 52789.03673976893, "max": 52789.03673976893}}
{"actual_qps": 5.229525355571475, "success_rate": 100.0, "input_tokens": 4233, "output_tokens": 170,