{"actual_qps": 5.449168395782888, "success_rate": 100.0, "input_tokens": 4117, "output_tokens": 174, "model": "meta-llama/Llama-3.1-8B-Instruct", "input_tokens_per_minute": 1255797.3512387068, "output_tokens_per_minute": 53146.88918859438, "slo_seconds": 5.0, "slo_attainment": 80.98360655737706, "ttft_slo_ms": 1000, "ttft_slo_attainment": 37.704918032786885, "tpot_slo_ms": 50, "tpot_slo_attainment": 100.0, "Latency": {"unit": "s", "min": 0.8895066590048373, "p50": 3.8209301410242915, "p90": 5.540433047944681, "p95": 6.396038145525381, "p99": 11.458410725761205, "max": 13.025910161901265}, "Throughput": {"unit": "tokens/s", "min": 3.4091687354034006, "p50": 45.22853229039897, "p90": 67.06490266420934, "p95": 72.54982799574655, "p99": 82.9628594678004, "max": 93.44263609912025}, "TTFT": {"unit": "s", "min": 0.1493916700128466, "p50": 1.2991093609016389, "p90": 3.220964340912181, "p95": 4.143074032990263, "p99": 8.885735725443805, "max": 11.121176454937086}, "TPOT": {"unit": "ms", "min": 5.587221481963186, "p50": 12.921599671244621, "p90": 17.195238649199283, "p95": 18.564019684010567, "p99": 21.331183983097265, "max": 26.48364574997686}, "Input Tokens per Minute": {"unit": "tokens/min", "min": 1255797.3512387068, "p50": 1255797.3512387068, "p90": 1255797.3512387068, "p95": 1255797.3512387068, "p99": 1255797.3512387068, "max": 1255797.3512387068}, "Output Tokens per Minute": {"unit": "tokens/min", "min": 53146.88918859438, "p50": 53146.88918859438, "p90": 53146.88918859438, "p95": 53146.88918859438, "p99": 53146.88918859438, "max": 53146.88918859438}}
{"actual_qps": 5.499005622761618, "success_rate": 100.0, "input_tokens": 3899, "output_tokens": 178, "model": "meta-llama/Llama-3.1-8B-Instruct", "input_tokens_per_minute": 1263250.8431004437, "output_tokens_per_minute": 57852.19728105839, "slo_seconds": 5.0, "slo_attainment": 92.0, "ttft_slo_ms": 1000, "ttft_slo_attainment": 46.76923076923077, "tpot_slo_ms": 50, "tpot_slo_attainment": 100.0, "Latency": {"unit": "s", "min": 0.5144503999035805, "p50": 3.7267067360226065, "p90": 4.930688777379692, "p95": 5.2185223113279795, "p99": 6.400112268095832, "max": 9.446306430036202}, "Throughput": {"unit": "tokens/s", "min": 5.719564809078759, "p50": 49.8432618072999, "p90": 64.07852738587235, "p95": 68.07431471655443, "p99": 74.37150432036785, "max": 76.33556616928907}, "TTFT": {"unit": "s", "min": 0.1822211118414998, "p50": 1.0527920729946345, "p90": 1.9098885193932802, "p95": 2.3400203154422345, "p99": 4.105826966678718, "max": 6.696445651119575}, "TPOT": {"unit": "ms", "min": 9.141625163515341, "p50": 14.242139895301518, "p90": 17.79510673046599, "p95": 19.066069074836207, "p99": 21.433897685109432, "max": 24.663332644302177}, "Input Tokens per Minute": {"unit": "tokens/min", "min": 1263250.8431004437, "p50": 1263250.8431004437, "p90": 1263250.8431004437, "p95": 1263250.8431004437, "p99": 1263250.8431004437, "max": 1263250.8431004437}, "Output Tokens per Minute": {"unit": "tokens/min", "min": 57852.19728105839, "p50": 57852.19728105839, "p90": 57852.19728105839, "p95": 57852.19728105839, "p99": 57852.19728105839, "max": 57852.19728105839}}
{"actual_qps": 5.523418940277654, "success_rate": 100.0, "input_tokens": 4045, "output_tokens": 175, "model": "meta-llama/Llama-3.1-8B-Instruct", "input_tokens_per_minute": 1348542.7342687894, "output_tokens_per_minute": 58564.021963915366, "slo_seconds": 5.0, "slo_attainment": 92.01183431952663, "ttft_slo_ms": 1000, "ttft_slo_attainment": 52.95857988165681, "tpot_slo_ms": 50, "tpot_slo_attainment": 100.0, "Latency": {"unit": "s", "min": 0.6495990750845522, "p50": 3.606169494567439, "p90": 4.852920325030573, "p95": 5.3647508481866675, "p99": 6.111354509748051, "max": 6.57775955600664}, "Throughput": {"unit": "tokens/s", "min": 6.763235713115632, "p50": 51.37260948105511, "p90": 64.88779210769772, "p95": 69.15658856404109, "p99": 76.36835284234915, "max": 82.29793218177812}, "TTFT": {"unit": "s", "min": 0.14759987383149564, "p50": 0.942424239590764, "p90": 1.8552333717932927, "p95": 2.224793325376231, "p99": 3.108243157544639, "max": 3.5941379819996655}, "TPOT": {"unit": "ms", "min": 6.886708594204204, "p50": 13.930563021523707, "p90": 17.19643379732424, "p95": 18.366008266530482, "p99": 23.241887711372005, "max": 28.889555771670796}, "Input Tokens per Minute": {"unit": "tokens/min", "min": 1348542.7342687894, "p50": 1348542.7342687894, "p90": 1348542.7342687894, "p95": 1348542.7342687894, "p99": 1348542.7342687894, "max": 1348542.7342687894}, "Output Tokens per Minute": {"unit": "tokens/min", "min": 58564.021963915366, "p50": 58564.021963915366, "p90": 58564.021963915366, "p95": 58564.021963915366, "p99": 58564.021963915366, "max": 58564.021963915366}}
{"actual_qps": 5.661611171368642, "success_rate": 100.0, "input_tokens": 3989, "output_tokens": 177, "model": "meta-llama/Llama-3.1-8B-Instruct", "input_tokens_per_minute": 1386724.5168461113, "output_tokens_per_minute": 61798.20903454088, "slo_seconds": 5.0, "slo_attainment": 98.58356940509914, "ttft_slo_ms": 1000, "ttft_slo_attainment": 88.38526912181302, "tpot_slo_ms": 50, "tpot_slo_attainment": 100.0, "Latency": {"unit": "s", "min": 0.29471206408925354, "p50": 3.3048374119680375, "p90": 4.255505075817928, "p95": 4.49684514706023, "p99": 5.088434155182914, "max": 5.380785105982795}, "Throughput": {"unit": "tokens/s", "min": 11.021507531944838, "p50": 55.94785836394287, "p90": 71.21325376721622, "p95": 75.2142985662416, "p99": 83.45793738568214, "max": 90.93804917865707}, "TTFT": {"unit": "s", "min": 0.080606150906533, "p50": 0.5045192081015557, "p90": 1.0994128997437655, "p95": 1.3541761079803107, "p99": 1.6898901377059554, "max": 2.3748120358213782}, "TPOT": {"unit": "ms", "min": 4.4583082883892695, "p50": 14.614726256476201, "p90": 17.987367239354842, "p95": 19.619942649066374, "p99": 24.031905636915734, "max": 28.202998766894726}, "Input Tokens per Minute": {"unit": "tokens/min", "min": 1386724.5168461113, "p50": 1386724.5168461113, "p90": 1386724.5168461113, "p95": 1386724.5168461113, "p99": 1386724.5168461113, "max": 1386724.5168461113}, "Output Tokens per Minute": {"unit": "tokens/min", "min": 61798.20903454088, "p50": 61798.20903454088, "p90": 61798.20903454088, "p95": 61798.20903454088, "p99": 61798.20903454088, "max": 61798.20903454088}}
{"actual_qps": 5.852417082080027, "success_rate": 100.0, "input_tokens": 4142, "output_tokens": 178, "model": "meta-llama/Llama-3.1-8B-Instruct", "input_tokens_per_minute": 1430235.3257079283, "output_tokens_per_minute": 61616.607678961554, "slo_seconds": 5.0, "slo_attainment": 97.72079772079772, "ttft_slo_ms": 1000, "ttft_slo_attainment": 93.73219373219374, "tpot_slo_ms": 50, "tpot_slo_attainment": 100.0, "Latency": {"unit": "s", "min": 0.5079184300266206, "p50": 3.5299825719557703, "p90": 4.561443513957784, "p95": 4.714071415481158, "p99": 5.357207657885738, "max": 6.025926157133654}, "Throughput": {"unit": "tokens/s", "min": 17.5126437612609, "p50": 53.06387134659412, "p90": 67.28179815348716, "p95": 70.81419019037644, "p99": 78.95400974040797, "max": 89.8490420752555}, "TTFT": {"unit": "s", "min": 0.08171939896419644, "p50": 0.5013214598875493, "p90": 0.8687969399616122, "p95": 1.0452801244100556, "p99": 1.1216728599974886, "max": 1.1474453140981495}, "TPOT": {"unit": "ms", "min": 8.151622530182495, "p50": 15.850945357139684, "p90": 19.913353843103145, "p95": 22.048345489670808, "p99": 25.158698991731967, "max": 30.83627105690539}, "Input Tokens per Minute": {"unit": "tokens/min", "min": 1430235.3257079283, "p50": 1430235.3257079283, "p90": 1430235.3257079283, "p95": 1430235.3257079283, "p99": 1430235.3257079283, "max": 1430235.3257079283}, "Output Tokens per Minute": {"unit": "tokens/min", "min": 61616.607678961554, "p50": 61616.607678961554, "p90": 61616.607678961554, "p95": 61616.607678961554, "p99": 61616.607678961554, "max": 61616.607678961554}}
{"actual_qps": 5.6721100016534285, "success_rate": 100.0, "input_tokens": 3967, "output_tokens": 177,