{"actual_qps": 5.939726103296685, "success_rate": 100.0, "input_tokens": 3867, "output_tokens": 170, "model": "meta-llama/Llama-3.1-8B-Instruct", "input_tokens_per_minute": 1237414.9350582191, "output_tokens_per_minute": 54427.2526443244, "slo_seconds": 5.0, "slo_attainment": 66.15384615384615, "ttft_slo_ms": 1000, "ttft_slo_attainment": 33.84615384615385, "tpot_slo_ms": 50, "tpot_slo_attainment": 99.6923076923077, "Latency": {"unit": "s", "min": 0.6304203800391406, "p50": 4.227266605012119, "p90": 7.364811890665443, "p95": 7.94520349316299, "p99": 9.552685771873215, "max": 14.25658950698562}, "Throughput": {"unit": "tokens/s", "min": 4.258070682993602, "p50": 41.91709673721091, "p90": 64.38137212829169, "p95": 69.57223271133043, "p99": 77.5878792729884, "max": 102.0498514858866}, "TTFT": {"unit": "s", "min": 0.17909988900646567, "p50": 1.3650614279322326, "p90": 4.487674356624486, "p95": 5.311729850899428, "p99": 7.092784824231636, "max": 10.237984962994233}, "TPOT": {"unit": "ms", "min": 2.9553800882042753, "p50": 14.547939497706054, "p90": 20.578803594022915, "p95": 23.877832839192425, "p99": 31.406613430128903, "max": 55.591752300696335}, "Input Tokens per Minute": {"unit": "tokens/min", "min": 1237414.9350582191, "p50": 1237414.9350582191, "p90": 1237414.9350582191, "p95": 1237414.9350582191, "p99": 1237414.9350582191, "max": 1237414.9350582191}, "Output Tokens per Minute": {"unit": "tokens/min", "min": 54427.2526443244, "p50": 54427.2526443244, "p90": 54427.2526443244, "p95": 54427.2526443244, "p99": 54427.2526443244, "max": 54427.2526443244}}
{"actual_qps": 5.35678454605673, "success_rate": 100.0, "input_tokens": 4114, "output_tokens": 176, "model": "meta-llama/Llama-3.1-8B-Instruct", "input_tokens_per_minute": 1353003.3176750252, "output_tokens_per_minute": 57879.84150248928, "slo_seconds": 5.0, "slo_attainment": 92.51497005988024, "ttft_slo_ms": 1000, "ttft_slo_attainment": 64.97005988023952, "tpot_slo_ms": 50, "tpot_slo_attainment": 100.0, "Latency": {"unit": "s", "min": 0.6402859869413078, "p50": 3.538370056892745, "p90": 4.821592957130633, "p95": 5.206398932961743, "p99": 5.921448853584007, "max": 6.899870319059119}, "Throughput": {"unit": "tokens/s", "min": 6.035986359519791, "p50": 52.37966352782851, "p90": 65.64849782606896, "p95": 68.44164623550664, "p99": 75.00718662015811, "max": 79.9261190156666}, "TTFT": {"unit": "s", "min": 0.20661630085669458, "p50": 0.8226862940937281, "p90": 1.7839594922261313, "p95": 2.1658511726534915, "p99": 2.666118707335555, "max": 3.688448035158217}, "TPOT": {"unit": "ms", "min": 8.565394789911807, "p50": 14.337881235405803, "p90": 17.95644080971795, "p95": 19.106503109033476, "p99": 29.1320046532313, "max": 44.06396722804536}, "Input Tokens per Minute": {"unit": "tokens/min", "min": 1353003.3176750252, "p50": 1353003.3176750252, "p90": 1353003.3176750252, "p95": 1353003.3176750252, "p99": 1353003.3176750252, "max": 1353003.3176750252}, "Output Tokens per Minute": {"unit": "tokens/min", "min": 57879.84150248928, "p50": 57879.84150248928, "p90": 57879.84150248928, "p95": 57879.84150248928, "p99": 57879.84150248928, "max": 57879.84150248928}}
{"actual_qps": 5.64501295496518, "success_rate": 100.0, "input_tokens": 4066, "output_tokens": 176, "model": "meta-llama/Llama-3.1-8B-Instruct", "input_tokens_per_minute": 1369036.6402139682, "output_tokens_per_minute": 59556.41943960214, "slo_seconds": 5.0, "slo_attainment": 93.56725146198829, "ttft_slo_ms": 1000, "ttft_slo_attainment": 62.86549707602339, "tpot_slo_ms": 50, "tpot_slo_attainment": 100.0, "Latency": {"unit": "s", "min": 0.7587788961827755, "p50": 3.566012009512633, "p90": 4.634648812771775, "p95": 5.338900074281264, "p99": 6.1292161420942275, "max": 7.229331794893369}, "Throughput": {"unit": "tokens/s", "min": 5.56134173533985, "p50": 51.76085487976112, "p90": 66.51695921529374, "p95": 69.86197842224772, "p99": 76.68310236869416, "max": 85.21758487729899}, "TTFT": {"unit": "s", "min": 0.12340799300000072, "p50": 0.8187317899428308, "p90": 1.6266222359146927, "p95": 2.1022870932123614, "p99": 2.658505283533595, "max": 3.1614005740266293}, "TPOT": {"unit": "ms", "min": 8.817628201819499, "p50": 14.486610006595665, "p90": 17.973032485618816, "p95": 19.73468036310111, "p99": 26.027122035502007, "max": 34.206411993021476}, "Input Tokens per Minute": {"unit": "tokens/min", "min": 1369036.6402139682, "p50": 1369036.6402139682, "p90": 1369036.6402139682, "p95": 1369036.6402139682, "p99": 1369036.6402139682, "max": 1369036.6402139682}, "Output Tokens per Minute": {"unit": "tokens/min", "min": 59556.41943960214, "p50": 59556.41943960214, "p90": 59556.41943960214, "p95": 59556.41943960214, "p99": 59556.41943960214, "max": 59556.41943960214}}
{"actual_qps": 5.678489312473918, "success_rate": 100.0, "input_tokens": 4155, "output_tokens": 174, "model": "meta-llama/Llama-3.1-8B-Instruct", "input_tokens_per_minute": 1443998.2807692147, "output_tokens_per_minute": 60754.53767181961, "slo_seconds": 5.0, "slo_attainment": 96.88385269121812, "ttft_slo_ms": 1000, "ttft_slo_attainment": 80.16997167138811, "tpot_slo_ms": 50, "tpot_slo_attainment": 100.0, "Latency": {"unit": "s", "min": 0.46591536281630397, "p50": 3.4455988199915737, "p90": 4.535490023717284, "p95": 4.810858049103989, "p99": 5.260430022319779, "max": 6.520626527955756}, "Throughput": {"unit": "tokens/s", "min": 11.582676082227927, "p50": 53.65775543195024, "p90": 68.60503433879217, "p95": 74.36946089074047, "p99": 85.25584071794009, "max": 94.55786425193553}, "TTFT": {"unit": "s", "min": 0.06801014696247876, "p50": 0.5663146181032062, "p90": 1.374268875690177, "p95": 1.7366226977668693, "p99": 2.2625673733465392, "max": 3.0984353059902787}, "TPOT": {"unit": "ms", "min": 10.202905832557008, "p50": 14.670521074619431, "p90": 18.23258216892869, "p95": 19.348993623423294, "p99": 25.256126382397234, "max": 32.9281009423236}, "Input Tokens per Minute": {"unit": "tokens/min", "min": 1443998.2807692147, "p50": 1443998.2807692147, "p90": 1443998.2807692147, "p95": 1443998.2807692147, "p99": 1443998.2807692147, "max": 1443998.2807692147}, "Output Tokens per Minute": {"unit": "tokens/min", "min": 60754.53767181961, "p50": 60754.53767181961, "p90": 60754.53767181961, "p95": 60754.53767181961, "p99": 60754.53767181961, "max": 60754.53767181961}}
{"actual_qps": 6.16364703032692, "success_rate": 100.0, "input_tokens": 3992, "output_tokens": 175, "model": "meta-llama/Llama-3.1-8B-Instruct", "input_tokens_per_minute": 1500016.615242642, "output_tokens_per_minute": 65799.22702369798, "slo_seconds": 5.0, "slo_attainment": 97.64397905759162, "ttft_slo_ms": 1000, "ttft_slo_attainment": 93.19371727748691, "tpot_slo_ms": 50, "tpot_slo_attainment": 100.0, "Latency": {"unit": "s", "min": 0.462060219142586, "p50": 3.3794437339529395, "p90": 4.50403470536694, "p95": 4.681744534696918, "p99": 5.432589227678254, "max": 6.121805724920705}, "Throughput": {"unit": "tokens/s", "min": 13.117248362730704, "p50": 54.74919515806258, "p90": 68.49753474263376, "p95": 72.126577107467, "p99": 84.89307447939578, "max": 92.05380172582397}, "TTFT": {"unit": "s", "min": 0.08315167622640729, "p50": 0.48496327246539295, "p90": 0.9281996049918235, "p95": 1.1017316637327894, "p99": 1.3521171729755588, "max": 1.6440695910714567}, "TPOT": {"unit": "ms", "min": 9.528251941842228, "p50": 15.334092946163, "p90": 19.54572833069699, "p95": 20.52231133194762, "p99": 25.473236694379743, "max": 39.5420962754129}, "Input Tokens per Minute": {"unit": "tokens/min", "min": 1500016.615242642, "p50": 1500016.615242642, "p90": 1500016.615242642, "p95": 1500016.615242642, "p99": 1500016.615242642, "max": 1500016.615242642}, "Output Tokens per Minute": {"unit": "tokens/min", "min": 65799.22702369798, "p50": 65799.22702369798, "p90": 65799.22702369798, "p95": 65799.22702369798, "p99": 65799.22702369798, "max": 65799.22702369798}}
{"actual_qps": 5.6829374312061045, "success_rate": 100.0, "input_tokens": 3883, "output_tokens": 178, "model": "meta-llama/Llama-3.1-8B-Instruct",