{"actual_qps": 5.660707819062187, "success_rate": 100.0, "input_tokens": 4275, "output_tokens": 177, "model": "meta-llama/Llama-3.1-8B-Instruct", "input_tokens_per_minute": 1283286.7410233542, "output_tokens_per_minute": 53220.19771585624, "slo_seconds": 5.0, "slo_attainment": 98.68421052631578, "ttft_slo_ms": 1000, "ttft_slo_attainment": 77.96052631578947, "tpot_slo_ms": 50, "tpot_slo_attainment": 100.0, "Latency": {"unit": "s", "min": 0.3808016190305352, "p50": 2.873583288048394, "p90": 3.802036219881847, "p95": 4.358603409375063, "p99": 5.258541292978907, "max": 8.643789242953062}, "Throughput": {"unit": "tokens/s", "min": 11.494819871946286, "p50": 64.55910267322031, "p90": 84.0244870888006, "p95": 86.92400725395854, "p99": 94.68016709962589, "max": 96.39829522008898}, "TTFT": {"unit": "s", "min": 0.15053808293305337, "p50": 0.7043483494780958, "p90": 1.3455356311285869, "p95": 1.625953346979804, "p99": 2.102160184681415, "max": 6.010520892916247}, "TPOT": {"unit": "ms", "min": 6.45559173806206, "p50": 11.390361843640031, "p90": 15.756196171721816, "p95": 18.07833905893391, "p99": 22.113702607796963, "max": 29.522060746482264}, "Input Tokens per Minute": {"unit": "tokens/min", "min": 1283286.7410233542, "p50": 1283286.7410233542, "p90": 1283286.7410233542, "p95": 1283286.7410233542, "p99": 1283286.7410233542, "max": 1283286.7410233542}, "Output Tokens per Minute": {"unit": "tokens/min", "min": 53220.19771585624, "p50": 53220.19771585624, "p90": 53220.19771585624, "p95": 53220.19771585624, "p99": 53220.19771585624, "max": 53220.19771585624}}
{"actual_qps": 4.598409145350077, "success_rate": 100.0, "input_tokens": 4268, "output_tokens": 180, "model": "meta-llama/Llama-3.1-8B-Instruct", "input_tokens_per_minute": 1287198.1839892569, "output_tokens_per_minute": 54544.35853536603, "slo_seconds": 5.0, "slo_attainment": 88.88888888888889, "ttft_slo_ms": 1000, "ttft_slo_attainment": 63.0718954248366, "tpot_slo_ms": 50, "tpot_slo_attainment": 100.0, "Latency": {"unit": "s", "min": 0.42819937597960234, "p50": 3.623560979962349, "p90": 5.075530465459451, "p95": 5.950068953447044, "p99": 7.13863816519733, "max": 10.761278217891231}, "Throughput": {"unit": "tokens/s", "min": 8.08026531783431, "p50": 50.82029730276799, "p90": 65.53176608767944, "p95": 70.53777356922659, "p99": 74.93281787922946, "max": 79.59947210351241}, "TTFT": {"unit": "s", "min": 0.15550272818654776, "p50": 0.8366217749426141, "p90": 2.280933164060116, "p95": 3.2249802798614837, "p99": 4.467705674667375, "max": 7.331761410925537}, "TPOT": {"unit": "ms", "min": 1.6915726688845705, "p50": 14.25256790475628, "p90": 17.96783850808675, "p95": 18.91111211243483, "p99": 21.150931200774988, "max": 30.81101299647023}, "Input Tokens per Minute": {"unit": "tokens/min", "min": 1287198.1839892569, "p50": 1287198.1839892569, "p90": 1287198.1839892569, "p95": 1287198.1839892569, "p99": 1287198.1839892569, "max": 1287198.1839892569}, "Output Tokens per Minute": {"unit": "tokens/min", "min": 54544.35853536603, "p50": 54544.35853536603, "p90": 54544.35853536603, "p95": 54544.35853536603, "p99": 54544.35853536603, "max": 54544.35853536603}}
{"actual_qps": 4.744217299598279, "success_rate": 100.0, "input_tokens": 4273, "output_tokens": 183, "model": "meta-llama/Llama-3.1-8B-Instruct", "input_tokens_per_minute": 1191318.115790324, "output_tokens_per_minute": 51040.25283347812, "slo_seconds": 5.0, "slo_attainment": 97.53521126760563, "ttft_slo_ms": 1000, "ttft_slo_attainment": 75.0, "tpot_slo_ms": 50, "tpot_slo_attainment": 100.0, "Latency": {"unit": "s", "min": 0.6707361959852278, "p50": 3.4768060641363263, "p90": 4.497357565560378, "p95": 4.753718427405692, "p99": 5.17310312502319, "max": 5.377530477009714}, "Throughput": {"unit": "tokens/s", "min": 11.696488133814425, "p50": 54.937850516638754, "p90": 64.81230261514435, "p95": 68.96333112066836, "p99": 75.49766999994604, "max": 83.9779627216542}, "TTFT": {"unit": "s", "min": 0.1750874340068549, "p50": 0.7225975770270452, "p90": 1.2913779469672593, "p95": 1.6032775630592342, "p99": 2.011358557872009, "max": 2.4029992630239576}, "TPOT": {"unit": "ms", "min": 9.450951659043008, "p50": 14.219275957099793, "p90": 17.609385268332147, "p95": 18.633967242644648, "p99": 21.860342667872885, "max": 23.243191465735435}, "Input Tokens per Minute": {"unit": "tokens/min", "min": 1191318.115790324, "p50": 1191318.115790324, "p90": 1191318.115790324, "p95": 1191318.115790324, "p99": 1191318.115790324, "max": 1191318.115790324}, "Output Tokens per Minute": {"unit": "tokens/min", "min": 51040.25283347812, "p50": 51040.25283347812, "p90": 51040.25283347812, "p95": 51040.25283347812, "p99": 51040.25283347812, "max": 51040.25283347812}}
{"actual_qps": 4.768895634107194, "success_rate": 100.0, "input_tokens": 4289, "output_tokens": 183, "model": "meta-llama/Llama-3.1-8B-Instruct", "input_tokens_per_minute": 1246281.67273687, "output_tokens_per_minute": 53360.665874081635, "slo_seconds": 5.0, "slo_attainment": 98.64864864864865, "ttft_slo_ms": 1000, "ttft_slo_attainment": 86.82432432432432, "tpot_slo_ms": 50, "tpot_slo_attainment": 100.0, "Latency": {"unit": "s", "min": 0.5344428028911352, "p50": 3.3305201759794727, "p90": 4.192700128885917, "p95": 4.585886510612909, "p99": 5.195224060164765, "max": 5.584093198878691}, "Throughput": {"unit": "tokens/s", "min": 9.41376442937713, "p50": 57.50946033351704, "p90": 68.97932157671522, "p95": 73.72947073795748, "p99": 81.7899246421487, "max": 96.02666234140804}, "TTFT": {"unit": "s", "min": 0.0614664270542562, "p50": 0.5034022659529, "p90": 1.2128206484485418, "p95": 1.4913555840030313, "p99": 2.2747790984925857, "max": 3.0173678800929338}, "TPOT": {"unit": "ms", "min": 8.727302612817807, "p50": 14.59811055733256, "p90": 18.14388543432906, "p95": 19.28365988488398, "p99": 22.644406547482216, "max": 24.435883470098762}, "Input Tokens per Minute": {"unit": "tokens/min", "min": 1246281.67273687, "p50": 1246281.67273687, "p90": 1246281.67273687, "p95": 1246281.67273687, "p99": 1246281.67273687, "max": 1246281.67273687}, "Output Tokens per Minute": {"unit": "tokens/min", "min": 53360.665874081635, "p50": 53360.665874081635, "p90": 53360.665874081635, "p95": 53360.665874081635, "p99": 53360.665874081635, "max": 53360.665874081635}}
{"actual_qps": 5.51664135474477, "success_rate": 100.0, "input_tokens": 4150, "output_tokens": 183, "model": "meta-llama/Llama-3.1-8B-Instruct", "input_tokens_per_minute": 1315844.0042827798, "output_tokens_per_minute": 58267.49531146615, "slo_seconds": 5.0, "slo_attainment": 98.45201238390094, "ttft_slo_ms": 1000, "ttft_slo_attainment": 98.45201238390094, "tpot_slo_ms": 50, "tpot_slo_attainment": 100.0, "Latency": {"unit": "s", "min": 0.5619403100572526, "p50": 3.406765935011208, "p90": 4.31766341314651, "p95": 4.49616584747564, "p99": 5.178276955527251, "max": 5.846174929058179}, "Throughput": {"unit": "tokens/s", "min": 9.293161462805182, "p50": 55.47199482572421, "p90": 69.55441545357509, "p95": 75.62092856322091, "p99": 85.4000939856551, "max": 88.63116329692386}, "TTFT": {"unit": "s", "min": 0.05441660596989095, "p50": 0.37979419506154954, "p90": 0.6705545794218779, "p95": 0.7706272184848783, "p99": 1.0278772809123613, "max": 1.5768112509977072}, "TPOT": {"unit": "ms", "min": 9.947461673952452, "p50": 15.874992819718232, "p90": 19.73703084045544, "p95": 20.92973211695524, "p99": 24.94745689565923, "max": 34.92819166664655}, "Input Tokens per Minute": {"unit": "tokens/min", "min": 1315844.0042827798, "p50": 1315844.0042827798, "p90": 1315844.0042827798, "p95": 1315844.0042827798, "p99": 1315844.0042827798, "max": 1315844.0042827798}, "Output Tokens per Minute": {"unit": "tokens/min", "min": 58267.49531146615, "p50": 58267.49531146615, "p90": 58267.49531146615, "p95": 58267.49531146615, "p99": 58267.49531146615, "max": 58267.49531146615}}
{"actual_qps": 4.672202551437696, "success_rate": 100.0, "input_tokens": 4150, "output_tokens": 183, "model": "meta-llama/Llama-3.1-8B-Instruct",