{"actual_qps": 5.285803871677065, "success_rate": 100.0, "input_tokens": 4130, "output_tokens": 178, "model": "meta-llama/Llama-3.1-8B-Instruct", "input_tokens_per_minute": 1248372.9895519312, "output_tokens_per_minute": 54072.282314628006, "slo_seconds": 5.0, "slo_attainment": 68.42105263157895, "ttft_slo_ms": 1000, "ttft_slo_attainment": 52.960526315789465, "tpot_slo_ms": 50, "tpot_slo_attainment": 100.0, "Latency": {"unit": "s", "min": 0.6457618258427829, "p50": 3.8025402725907043, "p90": 6.330852878442966, "p95": 6.982334638864267, "p99": 7.784186925231466, "max": 14.93277066014707}, "Throughput": {"unit": "tokens/s", "min": 4.3338699764729105, "p50": 48.73666190169489, "p90": 73.55825895492605, "p95": 77.51645990306785, "p99": 88.07994702103399, "max": 93.97078368677816}, "TTFT": {"unit": "s", "min": 0.18513945606537163, "p50": 0.9658033564919606, "p90": 3.9768222850281747, "p95": 4.611164327862207, "p99": 4.830088366104755, "max": 12.93514412920922}, "TPOT": {"unit": "ms", "min": 2.8828481293242914, "p50": 13.222653977455916, "p90": 19.473943050749522, "p95": 22.624321113962637, "p99": 36.82261158457863, "max": 44.76680917501012}, "Input Tokens per Minute": {"unit": "tokens/min", "min": 1248372.9895519312, "p50": 1248372.9895519312, "p90": 1248372.9895519312, "p95": 1248372.9895519312, "p99": 1248372.9895519312, "max": 1248372.9895519312}, "Output Tokens per Minute": {"unit": "tokens/min", "min": 54072.282314628006, "p50": 54072.282314628006, "p90": 54072.282314628006, "p95": 54072.282314628006, "p99": 54072.282314628006, "max": 54072.282314628006}}
{"actual_qps": 5.139615438607295, "success_rate": 100.0, "input_tokens": 4213, "output_tokens": 167, "model": "meta-llama/Llama-3.1-8B-Instruct", "input_tokens_per_minute": 846807.9658139208, "output_tokens_per_minute": 33739.1943824486, "slo_seconds": 5.0, "slo_attainment": 20.588235294117645, "ttft_slo_ms": 1000, "ttft_slo_attainment": 33.33333333333333, "tpot_slo_ms": 50, "tpot_slo_attainment": 75.49019607843137, "Latency": {"unit": "s", "min": 0.8183142058551311, "p50": 7.8981518764048815, "p90": 15.937509749596952, "p95": 18.50883688995382, "p99": 21.144966638213955, "max": 22.018096612067893}, "Throughput": {"unit": "tokens/s", "min": 2.738341318210576, "p50": 20.618796815513704, "p90": 37.95101640019241, "p95": 42.72466976706314, "p99": 52.14274617006373, "max": 61.614533439011424}, "TTFT": {"unit": "s", "min": 0.24478181800805032, "p50": 1.6750441935146227, "p90": 5.734246741421523, "p95": 7.48180401896825, "p99": 9.72257702026749, "max": 10.815092792036012}, "TPOT": {"unit": "ms", "min": 0.4508664466478118, "p50": 36.605022411860645, "p90": 66.7527050038463, "p95": 89.32967218621026, "p99": 154.23198436598565, "max": 159.92998741293215}, "Input Tokens per Minute": {"unit": "tokens/min", "min": 846807.9658139208, "p50": 846807.9658139208, "p90": 846807.9658139208, "p95": 846807.9658139208, "p99": 846807.9658139208, "max": 846807.9658139208}, "Output Tokens per Minute": {"unit": "tokens/min", "min": 33739.1943824486, "p50": 33739.1943824486, "p90": 33739.1943824486, "p95": 33739.1943824486, "p99": 33739.1943824486, "max": 33739.1943824486}}
{"actual_qps": 5.049627491669285, "success_rate": 100.0, "input_tokens": 4323, "output_tokens": 176, "model": "meta-llama/Llama-3.1-8B-Instruct", "input_tokens_per_minute": 1333381.434970619, "output_tokens_per_minute": 54416.21212239454, "slo_seconds": 5.0, "slo_attainment": 2.5559105431309903, "ttft_slo_ms": 1000, "ttft_slo_attainment": 1.9169329073482428, "tpot_slo_ms": 50, "tpot_slo_attainment": 13.099041533546327, "Latency": {"unit": "s", "min": 1.6835852640215307, "p50": 17.52523271087557, "p90": 25.49753092895262, "p95": 26.374698504060508, "p99": 27.90641688988544, "max": 29.549139451934025}, "Throughput": {"unit": "tokens/s", "min": 1.0928730238219222, "p50": 10.124509108645372, "p90": 16.201383954133803, "p95": 18.60649248285886, "p99": 23.370368698879165, "max": 26.66104659608913}, "TTFT": {"unit": "s", "min": 0.19560838700272143, "p50": 4.762562533840537, "p90": 10.019348261971027, "p95": 10.604218350304288, "p99": 11.814706110674887, "max": 13.194776627002284}, "TPOT": {"unit": "ms", "min": 0.4868043016048742, "p50": 68.59304155246473, "p90": 98.41292895266533, "p95": 143.91573742708485, "p99": 229.50743836284215, "max": 269.1487791153657}, "Input Tokens per Minute": {"unit": "tokens/min", "min": 1333381.434970619, "p50": 1333381.434970619, "p90": 1333381.434970619, "p95": 1333381.434970619, "p99": 1333381.434970619, "max": 1333381.434970619}, "Output Tokens per Minute": {"unit": "tokens/min", "min": 54416.21212239454, "p50": 54416.21212239454, "p90": 54416.21212239454, "p95": 54416.21212239454, "p99": 54416.21212239454, "max": 54416.21212239454}}
{"actual_qps": 5.122265341763914, "success_rate": 100.0, "input_tokens": 4310, "output_tokens": 168, "model": "meta-llama/Llama-3.1-8B-Instruct", "input_tokens_per_minute": 1392613.6805082902, "output_tokens_per_minute": 54504.50355066576, "slo_seconds": 5.0, "slo_attainment": 4.25531914893617, "ttft_slo_ms": 1000, "ttft_slo_attainment": 6.382978723404255, "tpot_slo_ms": 50, "tpot_slo_attainment": 13.677811550151976, "Latency": {"unit": "s", "min": 1.3499417749699205, "p50": 17.882987037999555, "p90": 26.8882905326318, "p95": 28.23074649553746, "p99": 29.632814263766623, "max": 30.772729015909135}, "Throughput": {"unit": "tokens/s", "min": 1.3046793361336086, "p50": 9.794372140738197, "p90": 17.153906667940234, "p95": 20.179764777099546, "p99": 22.569128975488468, "max": 26.881952362104542}, "TTFT": {"unit": "s", "min": 0.2808032480534166, "p50": 4.731537642190233, "p90": 9.709722316684202, "p95": 10.362700267322358, "p99": 11.757607979709272, "max": 15.720261110924184}, "TPOT": {"unit": "ms", "min": 1.864247240509894, "p50": 73.5715662407684, "p90": 114.2598846899893, "p95": 167.12586567554536, "p99": 228.21475011658748, "max": 265.7032956922194}, "Input Tokens per Minute": {"unit": "tokens/min", "min": 1392613.6805082902, "p50": 1392613.6805082902, "p90": 1392613.6805082902, "p95": 1392613.6805082902, "p99": 1392613.6805082902, "max": 1392613.6805082902}, "Output Tokens per Minute": {"unit": "tokens/min", "min": 54504.50355066576, "p50": 54504.50355066576, "p90": 54504.50355066576, "p95": 54504.50355066576, "p99": 54504.50355066576, "max": 54504.50355066576}}
{"actual_qps": 5.075558149379831, "success_rate": 100.0, "input_tokens": 4253, "output_tokens": 183, "model": "meta-llama/Llama-3.1-8B-Instruct", "input_tokens_per_minute": 1290452.4712012324, "output_tokens_per_minute": 55787.85194715498, "slo_seconds": 5.0, "slo_attainment": 0.9708737864077669, "ttft_slo_ms": 1000, "ttft_slo_attainment": 4.854368932038835, "tpot_slo_ms": 50, "tpot_slo_attainment": 12.297734627831716, "Latency": {"unit": "s", "min": 1.813133500982076, "p50": 17.409935262054205, "p90": 26.721793044684453, "p95": 27.797576534189282, "p99": 29.76088699501939, "max": 31.777824531076476}, "Throughput": {"unit": "tokens/s", "min": 1.434666914499027, "p50": 10.716342727301504, "p90": 18.293863058908435, "p95": 20.386517277622175, "p99": 22.698254782225895, "max": 23.418999937690895}, "TTFT": {"unit": "s", "min": 0.22704350599087775, "p50": 3.8762181650381535, "p90": 9.041676937416195, "p95": 10.257207970460875, "p99": 10.764868905227631, "max": 11.72016438213177}, "TPOT": {"unit": "ms", "min": 0.14867433159607438, "p50": 70.17517586978124, "p90": 102.49474164608621, "p95": 110.40967511728779, "p99": 234.98192905820312, "max": 317.5135178801914}, "Input Tokens per Minute": {"unit": "tokens/min", "min": 1290452.4712012324, "p50": 1290452.4712012324, "p90": 1290452.4712012324, "p95": 1290452.4712012324, "p99": 1290452.4712012324, "max": 1290452.4712012324}, "Output Tokens per Minute": {"unit": "tokens/min", "min": 55787.85194715498, "p50": 55787.85194715498, "p90": 55787.85194715498, "p95": 55787.85194715498, "p99": 55787.85194715498, "max": 55787.85194715498}}
{"actual_qps": 5.316588497036184, "success_rate": 100.0,