{"actual_qps": 5.047737216129313, "success_rate": 100.0, "input_tokens": 4115, "output_tokens": 185, "model": "meta-llama/Llama-3.1-8B-Instruct", "input_tokens_per_minute": 1013585.3019996044, "output_tokens_per_minute": 45756.33111777494, "slo_seconds": 5.0, "slo_attainment": 34.274193548387096, "ttft_slo_ms": 1000, "ttft_slo_attainment": 48.38709677419355, "tpot_slo_ms": 50, "tpot_slo_attainment": 85.08064516129032, "Latency": {"unit": "s", "min": 0.9052615610416979, "p50": 6.00108968548011, "p90": 14.272173922136426, "p95": 16.068337356066323, "p99": 20.09346380111063, "max": 21.601550312014297}, "Throughput": {"unit": "tokens/s", "min": 1.8180450733424873, "p50": 31.818190429622994, "p90": 49.02955052339031, "p95": 52.163110131162, "p99": 59.23077060227687, "max": 63.122197873202154}, "TTFT": {"unit": "s", "min": 0.1750654459465295, "p50": 1.02973649057094, "p90": 4.950455575948581, "p95": 6.59553791830549, "p99": 8.403856444307603, "max": 8.949583574896678}, "TPOT": {"unit": "ms", "min": 0.8921247389841469, "p50": 26.534014205958623, "p90": 57.3633569928036, "p95": 66.75795962210341, "p99": 128.74943938804793, "max": 226.62320908751676}, "Input Tokens per Minute": {"unit": "tokens/min", "min": 1013585.3019996044, "p50": 1013585.3019996044, "p90": 1013585.3019996044, "p95": 1013585.3019996044, "p99": 1013585.3019996044, "max": 1013585.3019996044}, "Output Tokens per Minute": {"unit": "tokens/min", "min": 45756.33111777494, "p50": 45756.33111777494, "p90": 45756.33111777494, "p95": 45756.33111777494, "p99": 45756.33111777494, "max": 45756.33111777494}}
{"actual_qps": 4.917904013574109, "success_rate": 100.0, "input_tokens": 4084, "output_tokens": 177, "model": "meta-llama/Llama-3.1-8B-Instruct", "input_tokens_per_minute": 1140869.1432001595, "output_tokens_per_minute": 49520.34267428313, "slo_seconds": 5.0, "slo_attainment": 2.8169014084507045, "ttft_slo_ms": 1000, "ttft_slo_attainment": 3.873239436619718, "tpot_slo_ms": 50, "tpot_slo_attainment": 16.549295774647888, "Latency": {"unit": "s", "min": 2.418521515093744, "p50": 17.010321341920644, "p90": 25.26501086887438, "p95": 27.14256716711679, "p99": 28.11703966981266, "max": 28.852132542990148}, "Throughput": {"unit": "tokens/s", "min": 1.5429167997263002, "p50": 10.325455957372363, "p90": 18.37904756019421, "p95": 19.877394085003225, "p99": 25.270764928913426, "max": 29.0077896303066}, "TTFT": {"unit": "s", "min": 0.24478178680874407, "p50": 4.361765538924374, "p90": 9.116696367319674, "p95": 9.788578663952645, "p99": 10.792366889084226, "max": 12.20210768491961}, "TPOT": {"unit": "ms", "min": 0.5612161967566415, "p50": 65.65040367334875, "p90": 94.2764636818273, "p95": 115.35906226345196, "p99": 238.12752197081682, "max": 277.0683705286287}, "Input Tokens per Minute": {"unit": "tokens/min", "min": 1140869.1432001595, "p50": 1140869.1432001595, "p90": 1140869.1432001595, "p95": 1140869.1432001595, "p99": 1140869.1432001595, "max": 1140869.1432001595}, "Output Tokens per Minute": {"unit": "tokens/min", "min": 49520.34267428313, "p50": 49520.34267428313, "p90": 49520.34267428313, "p95": 49520.34267428313, "p99": 49520.34267428313, "max": 49520.34267428313}}
{"actual_qps": 5.298567032407289, "success_rate": 100.0, "input_tokens": 4057, "output_tokens": 180, "model": "meta-llama/Llama-3.1-8B-Instruct", "input_tokens_per_minute": 1293124.500718006, "output_tokens_per_minute": 57445.05320175645, "slo_seconds": 5.0, "slo_attainment": 0.6172839506172839, "ttft_slo_ms": 1000, "ttft_slo_attainment": 3.3950617283950617, "tpot_slo_ms": 50, "tpot_slo_attainment": 10.802469135802468, "Latency": {"unit": "s", "min": 1.562571369111538, "p50": 17.952900638454594, "p90": 26.377654476510358, "p95": 28.050935133220626, "p99": 30.089151924541213, "max": 30.513881225138903}, "Throughput": {"unit": "tokens/s", "min": 1.2957536799529008, "p50": 10.180662966960234, "p90": 16.36819009232316, "p95": 17.991411473375422, "p99": 20.55201059392401, "max": 25.761876396830335}, "TTFT": {"unit": "s", "min": 0.3556667270604521, "p50": 4.571845390019007, "p90": 9.469687066995538, "p95": 10.181011252780443, "p99": 11.847367670100642, "max": 13.09938883013092}, "TPOT": {"unit": "ms", "min": 1.0669280648531028, "p50": 69.67569644920921, "p90": 99.68899420027307, "p95": 159.87662871862275, "p99": 238.47715408195367, "max": 255.6230159993801}, "Input Tokens per Minute": {"unit": "tokens/min", "min": 1293124.500718006, "p50": 1293124.500718006, "p90": 1293124.500718006, "p95": 1293124.500718006, "p99": 1293124.500718006, "max": 1293124.500718006}, "Output Tokens per Minute": {"unit": "tokens/min", "min": 57445.05320175645, "p50": 57445.05320175645, "p90": 57445.05320175645, "p95": 57445.05320175645, "p99": 57445.05320175645, "max": 57445.05320175645}}
{"actual_qps": 4.887202519123453, "success_rate": 100.0, "input_tokens": 4226, "output_tokens": 167, "model": "meta-llama/Llama-3.1-8B-Instruct", "input_tokens_per_minute": 1006075.2956729096, "output_tokens_per_minute": 39869.44783804529, "slo_seconds": 5.0, "slo_attainment": 2.479338842975207, "ttft_slo_ms": 1000, "ttft_slo_attainment": 3.3057851239669422, "tpot_slo_ms": 50, "tpot_slo_attainment": 7.43801652892562, "Latency": {"unit": "s", "min": 3.4707248259801418, "p50": 17.63653188419994, "p90": 27.546570867532868, "p95": 29.413477788842272, "p99": 30.13623063283041, "max": 31.837737596128136}, "Throughput": {"unit": "tokens/s", "min": 1.5788581799868087, "p50": 9.44867651024181, "p90": 15.863703193421255, "p95": 16.993373610931464, "p99": 19.093389733571744, "max": 20.95720053276228}, "TTFT": {"unit": "s", "min": 0.3947023570071906, "p50": 4.299611046444625, "p90": 9.265914999926462, "p95": 10.004237579391337, "p99": 10.981420548011084, "max": 11.44613127806224}, "TPOT": {"unit": "ms", "min": 24.367992562620934, "p50": 74.68568805567733, "p90": 130.0735416453747, "p95": 187.02293304532768, "p99": 240.86294952285243, "max": 275.52419061201715}, "Input Tokens per Minute": {"unit": "tokens/min", "min": 1006075.2956729096, "p50": 1006075.2956729096, "p90": 1006075.2956729096, "p95": 1006075.2956729096, "p99": 1006075.2956729096, "max": 1006075.2956729096}, "Output Tokens per Minute": {"unit": "tokens/min", "min": 39869.44783804529, "p50": 39869.44783804529, "p90": 39869.44783804529, "p95": 39869.44783804529, "p99": 39869.44783804529, "max": 39869.44783804529}}
{"actual_qps": 5.013210134806714, "success_rate": 100.0, "input_tokens": 3979, "output_tokens": 178, "model": "meta-llama/Llama-3.1-8B-Instruct", "input_tokens_per_minute": 1263580.5974604115, "output_tokens_per_minute": 56569.652950586584, "slo_seconds": 5.0, "slo_attainment": 2.476780185758514, "ttft_slo_ms": 1000, "ttft_slo_attainment": 11.145510835913312, "tpot_slo_ms": 50, "tpot_slo_attainment": 12.074303405572756, "Latency": {"unit": "s", "min": 2.6578237139619887, "p50": 17.731944700004533, "p90": 26.73279585461132, "p95": 29.24196777809411, "p99": 31.743991013616323, "max": 32.75290939491242}, "Throughput": {"unit": "tokens/s", "min": 1.4501308788099836, "p50": 10.174190677500606, "p90": 17.171673512688134, "p95": 20.54678964565473, "p99": 26.146929096090172, "max": 33.286006098034775}, "TTFT": {"unit": "s", "min": 0.22422066004946828, "p50": 3.7985334219411016, "p90": 7.884175831498579, "p95": 10.25918308738619, "p99": 11.144927810677327, "max": 12.258546649012715}, "TPOT": {"unit": "ms", "min": 0.16136346712483832, "p50": 74.68989969292028, "p90": 110.03338073558133, "p95": 147.55359368502127, "p99": 245.8176755914141, "max": 252.0311708924257}, "Input Tokens per Minute": {"unit": "tokens/min", "min": 1263580.5974604115, "p50": 1263580.5974604115, "p90": 1263580.5974604115, "p95": 1263580.5974604115, "p99": 1263580.5974604115, "max": 1263580.5974604115}, "Output Tokens per Minute": {"unit": "tokens/min", "min": 56569.652950586584, "p50": 56569.652950586584, "p90": 56569.652950586584, "p95": 56569.652950586584, "p99": 56569.652950586584, "max": 56569.652950586584}}
{"actual_qps": 4.986879532426478,