{"actual_qps": 5.574507035956118, "success_rate": 100.0, "input_tokens": 4305, "output_tokens": 180, "model": "meta-llama/Llama-3.1-8B-Instruct", "input_tokens_per_minute": 1273873.153757199, "output_tokens_per_minute": 53354.959236334085, "slo_seconds": 5.0, "slo_attainment": 92.64214046822742, "ttft_slo_ms": 1000, "ttft_slo_attainment": 73.57859531772574, "tpot_slo_ms": 50, "tpot_slo_attainment": 99.66555183946488, "Latency": {"unit": "s", "min": 0.6911478489637375, "p50": 3.44735652487725, "p90": 4.7685113184154035, "p95": 5.364107745490036, "p99": 7.026010464015411, "max": 9.657641509082168}, "Throughput": {"unit": "tokens/s", "min": 10.431329908319382, "p50": 51.67622010246896, "p90": 72.21931373692131, "p95": 76.85540966707204, "p99": 91.62796055978667, "max": 96.65238986729901}, "TTFT": {"unit": "s", "min": 0.12709078006446362, "p50": 0.6671964989509434, "p90": 1.4975396990310401, "p95": 1.6441981710726388, "p99": 2.147182102035702, "max": 6.371180162997916}, "TPOT": {"unit": "ms", "min": 5.103179456996201, "p50": 14.028260899688954, "p90": 21.763340475262336, "p95": 27.343987917598305, "p99": 33.90035213344688, "max": 58.175071304583035}, "Input Tokens per Minute": {"unit": "tokens/min", "min": 1273873.153757199, "p50": 1273873.153757199, "p90": 1273873.153757199, "p95": 1273873.153757199, "p99": 1273873.153757199, "max": 1273873.153757199}, "Output Tokens per Minute": {"unit": "tokens/min", "min": 53354.959236334085, "p50": 53354.959236334085, "p90": 53354.959236334085, "p95": 53354.959236334085, "p99": 53354.959236334085, "max": 53354.959236334085}}
{"actual_qps": 4.589647941374849, "success_rate": 100.0, "input_tokens": 4198, "output_tokens": 178, "model": "meta-llama/Llama-3.1-8B-Instruct", "input_tokens_per_minute": 1044609.4446008446, "output_tokens_per_minute": 44483.52351179667, "slo_seconds": 5.0, "slo_attainment": 9.486166007905137, "ttft_slo_ms": 1000, "ttft_slo_attainment": 11.462450592885375, "tpot_slo_ms": 50, "tpot_slo_attainment": 58.10276679841897, "Latency": {"unit": "s", "min": 1.6220462550409138, "p50": 10.174471808830276, "p90": 21.252232655882835, "p95": 25.08132106582634, "p99": 26.756846087994052, "max": 28.012496306095272}, "Throughput": {"unit": "tokens/s", "min": 2.1028078921929403, "p50": 16.345538919611418, "p90": 35.74516122945089, "p95": 40.38957162944299, "p99": 52.67079539274234, "max": 61.17707464948029}, "TTFT": {"unit": "s", "min": 0.3929985361173749, "p50": 2.4365682480856776, "p90": 8.073849537782374, "p95": 9.564638074301179, "p99": 10.662014593854543, "max": 12.106234005885199}, "TPOT": {"unit": "ms", "min": 0.7752231603029685, "p50": 44.8563779439852, "p90": 86.08099637721577, "p95": 104.82862932828134, "p99": 229.423521927744, "max": 253.58279371250643}, "Input Tokens per Minute": {"unit": "tokens/min", "min": 1044609.4446008446, "p50": 1044609.4446008446, "p90": 1044609.4446008446, "p95": 1044609.4446008446, "p99": 1044609.4446008446, "max": 1044609.4446008446}, "Output Tokens per Minute": {"unit": "tokens/min", "min": 44483.52351179667, "p50": 44483.52351179667, "p90": 44483.52351179667, "p95": 44483.52351179667, "p99": 44483.52351179667, "max": 44483.52351179667}}
{"actual_qps": 4.718896818621855, "success_rate": 100.0, "input_tokens": 4314, "output_tokens": 182, "model": "meta-llama/Llama-3.1-8B-Instruct", "input_tokens_per_minute": 1157844.2530731203, "output_tokens_per_minute": 48995.91242634916, "slo_seconds": 5.0, "slo_attainment": 2.197802197802198, "ttft_slo_ms": 1000, "ttft_slo_attainment": 3.6630036630036633, "tpot_slo_ms": 50, "tpot_slo_attainment": 14.285714285714285, "Latency": {"unit": "s", "min": 1.6532110238913447, "p50": 17.482750677037984, "p90": 25.565176453487947, "p95": 27.535076393326744, "p99": 30.1028019219078, "max": 31.54840302397497}, "Throughput": {"unit": "tokens/s", "min": 1.327787186196937, "p50": 10.253550639371438, "p90": 17.407160436794673, "p95": 19.93249695570753, "p99": 23.460704676214384, "max": 26.81008420619217}, "TTFT": {"unit": "s", "min": 0.6166724308859557, "p50": 4.485565893119201, "p90": 9.984368465794251, "p95": 10.48586091613397, "p99": 13.036248745117334, "max": 16.629831155063584}, "TPOT": {"unit": "ms", "min": 0.8154553770738181, "p50": 68.05802700024076, "p90": 98.75951382570231, "p95": 123.08548943904236, "p99": 242.2224886465507, "max": 253.33516362297814}, "Input Tokens per Minute": {"unit": "tokens/min", "min": 1157844.2530731203, "p50": 1157844.2530731203, "p90": 1157844.2530731203, "p95": 1157844.2530731203, "p99": 1157844.2530731203, "max": 1157844.2530731203}, "Output Tokens per Minute": {"unit": "tokens/min", "min": 48995.91242634916, "p50": 48995.91242634916, "p90": 48995.91242634916, "p95": 48995.91242634916, "p99": 48995.91242634916, "max": 48995.91242634916}}
{"actual_qps": 4.806323945271715, "success_rate": 100.0, "input_tokens": 4231, "output_tokens": 185, "model": "meta-llama/Llama-3.1-8B-Instruct", "input_tokens_per_minute": 1364457.2178624626, "output_tokens_per_minute": 59743.199930760435, "slo_seconds": 5.0, "slo_attainment": 0.6097560975609756, "ttft_slo_ms": 1000, "ttft_slo_attainment": 5.7926829268292686, "tpot_slo_ms": 50, "tpot_slo_attainment": 9.75609756097561, "Latency": {"unit": "s", "min": 2.7200962791685015, "p50": 18.840586707461625, "p90": 27.773935942561366, "p95": 29.642539112630764, "p99": 30.98845915071899, "max": 32.40918054897338}, "Throughput": {"unit": "tokens/s", "min": 1.4461727807277325, "p50": 9.650782608674533, "p90": 16.69707348166911, "p95": 18.40268564944152, "p99": 22.15228329094966, "max": 25.366749158265975}, "TTFT": {"unit": "s", "min": 0.19430182897485793, "p50": 5.507445809547789, "p90": 10.071856814902276, "p95": 10.630442782992027, "p99": 11.397631010692571, "max": 15.475731984945014}, "TPOT": {"unit": "ms", "min": 0.4675525378660491, "p50": 72.90110699001738, "p90": 99.31650177952795, "p95": 116.21978653735809, "p99": 233.59406279050754, "max": 302.04158699523435}, "Input Tokens per Minute": {"unit": "tokens/min", "min": 1364457.2178624626, "p50": 1364457.2178624626, "p90": 1364457.2178624626, "p95": 1364457.2178624626, "p99": 1364457.2178624626, "max": 1364457.2178624626}, "Output Tokens per Minute": {"unit": "tokens/min", "min": 59743.199930760435, "p50": 59743.199930760435, "p90": 59743.199930760435, "p95": 59743.199930760435, "p99": 59743.199930760435, "max": 59743.199930760435}}
{"actual_qps": 5.483216320584789, "success_rate": 100.0, "input_tokens": 4227, "output_tokens": 175, "model": "meta-llama/Llama-3.1-8B-Instruct", "input_tokens_per_minute": 1030804.6689912928, "output_tokens_per_minute": 42804.32655891574, "slo_seconds": 5.0, "slo_attainment": 2.82258064516129, "ttft_slo_ms": 1000, "ttft_slo_attainment": 11.29032258064516, "tpot_slo_ms": 50, "tpot_slo_attainment": 15.725806451612904, "Latency": {"unit": "s", "min": 1.860618059989065, "p50": 16.717228921013884, "p90": 25.67095835993532, "p95": 28.427190137223807, "p99": 30.72201249183854, "max": 31.7608440509066}, "Throughput": {"unit": "tokens/s", "min": 1.3198804309215628, "p50": 10.770479024597797, "p90": 18.804337866676185, "p95": 20.687881137183236, "p99": 27.74863806673878, "max": 33.498869358123414}, "TTFT": {"unit": "s", "min": 0.1577986921183765, "p50": 3.9549454509979114, "p90": 9.155333939520643, "p95": 9.76690090689808, "p99": 11.044812337430194, "max": 12.079003443010151}, "TPOT": {"unit": "ms", "min": 0.35228681441714715, "p50": 69.321917979499, "p90": 103.70571596674321, "p95": 119.99966856697097, "p99": 235.68906005695646, "max": 275.2436769729042}, "Input Tokens per Minute": {"unit": "tokens/min", "min": 1030804.6689912928, "p50": 1030804.6689912928, "p90": 1030804.6689912928, "p95": 1030804.6689912928, "p99": 1030804.6689912928, "max": 1030804.6689912928}, "Output Tokens per Minute": {"unit": "tokens/min", "min": 42804.32655891574, "p50": 42804.32655891574, "p90": 42804.32655891574, "p95": 42804.32655891574, "p99": 42804.32655891574, "max": 42804.32655891574}}
{"actual_qps": 4.63943456637712,