{"actual_qps": 5.836057539434047, "success_rate": 100.0, "input_tokens": 3875, "output_tokens": 176, "model": "meta-llama/Llama-3.1-8B-Instruct", "input_tokens_per_minute": 1114099.7367419973, "output_tokens_per_minute": 50747.836247162806, "slo_seconds": 5.0, "slo_attainment": 66.78200692041523, "ttft_slo_ms": 1000, "ttft_slo_attainment": 73.35640138408304, "tpot_slo_ms": 50, "tpot_slo_attainment": 97.92387543252595, "Latency": {"unit": "s", "min": 0.4794902990106493, "p50": 4.0147293109912425, "p90": 7.606595326447858, "p95": 10.514520091097799, "p99": 14.61131099981256, "max": 16.376034071901813}, "Throughput": {"unit": "tokens/s", "min": 4.701024915049596, "p50": 43.384430305747024, "p90": 67.98834417499202, "p95": 72.49595310187203, "p99": 84.15649784028287, "max": 92.28709027730794}, "TTFT": {"unit": "s", "min": 0.11457100207917392, "p50": 0.6735658370889723, "p90": 1.921498425304888, "p95": 3.589049568632614, "p99": 7.018501649359242, "max": 8.266252954024822}, "TPOT": {"unit": "ms", "min": 2.8563675276624663, "p50": 18.7171599897907, "p90": 34.45352743702693, "p95": 40.02621824918642, "p99": 50.35322730786148, "max": 89.72354519101692}, "Input Tokens per Minute": {"unit": "tokens/min", "min": 1114099.7367419973, "p50": 1114099.7367419973, "p90": 1114099.7367419973, "p95": 1114099.7367419973, "p99": 1114099.7367419973, "max": 1114099.7367419973}, "Output Tokens per Minute": {"unit": "tokens/min", "min": 50747.836247162806, "p50": 50747.836247162806, "p90": 50747.836247162806, "p95": 50747.836247162806, "p99": 50747.836247162806, "max": 50747.836247162806}}
{"actual_qps": 5.448890086426646, "success_rate": 100.0, "input_tokens": 4071, "output_tokens": 171, "model": "meta-llama/Llama-3.1-8B-Instruct", "input_tokens_per_minute": 1211008.4669668349, "output_tokens_per_minute": 50922.91797334583, "slo_seconds": 5.0, "slo_attainment": 4.013377926421405, "ttft_slo_ms": 1000, "ttft_slo_attainment": 4.682274247491638, "tpot_slo_ms": 50, "tpot_slo_attainment": 25.08361204013378, "Latency": {"unit": "s", "min": 2.767166322795674, "p50": 14.820487703895196, "p90": 24.409436873160303, "p95": 26.054300954891367, "p99": 27.86083045647011, "max": 29.35537514416501}, "Throughput": {"unit": "tokens/s", "min": 1.6353956541878976, "p50": 11.532487316098626, "p90": 19.752414654413634, "p95": 22.21937491228978, "p99": 32.09973970212235, "max": 41.04859904805601}, "TTFT": {"unit": "s", "min": 0.4001084929332137, "p50": 4.096046807942912, "p90": 9.099513550521806, "p95": 9.952794300834642, "p99": 12.001480440115555, "max": 14.093235021922737}, "TPOT": {"unit": "ms", "min": 0.9102876433849934, "p50": 59.79253007473433, "p90": 97.65198736900888, "p95": 143.35575073210904, "p99": 236.72848460246578, "max": 258.29285387273717}, "Input Tokens per Minute": {"unit": "tokens/min", "min": 1211008.4669668349, "p50": 1211008.4669668349, "p90": 1211008.4669668349, "p95": 1211008.4669668349, "p99": 1211008.4669668349, "max": 1211008.4669668349}, "Output Tokens per Minute": {"unit": "tokens/min", "min": 50922.91797334583, "p50": 50922.91797334583, "p90": 50922.91797334583, "p95": 50922.91797334583, "p99": 50922.91797334583, "max": 50922.91797334583}}
{"actual_qps": 5.574772114849491, "success_rate": 100.0, "input_tokens": 4129, "output_tokens": 177, "model": "meta-llama/Llama-3.1-8B-Instruct", "input_tokens_per_minute": 1365121.3378404547, "output_tokens_per_minute": 58599.05312135469, "slo_seconds": 5.0, "slo_attainment": 1.488095238095238, "ttft_slo_ms": 1000, "ttft_slo_attainment": 2.380952380952381, "tpot_slo_ms": 50, "tpot_slo_attainment": 6.547619047619048, "Latency": {"unit": "s", "min": 3.0508798649534583, "p50": 18.57625256141182, "p90": 27.091567154508084, "p95": 28.47677468304755, "p99": 30.909541190450533, "max": 31.569907719967887}, "Throughput": {"unit": "tokens/s", "min": 1.506925882601987, "p50": 9.461121679684918, "p90": 14.922605831024036, "p95": 16.87239682301539, "p99": 20.5970896788627, "max": 23.592773129872132}, "TTFT": {"unit": "s", "min": 0.5186944589950144, "p50": 5.228998719947413, "p90": 10.528790979995392, "p95": 11.05505306692794, "p99": 12.681872392713547, "max": 12.99123118701391}, "TPOT": {"unit": "ms", "min": 31.04425494230407, "p50": 72.45493320111729, "p90": 98.86524784240729, "p95": 127.89393968917729, "p99": 238.43188036545655, "max": 326.64446136914194}, "Input Tokens per Minute": {"unit": "tokens/min", "min": 1365121.3378404547, "p50": 1365121.3378404547, "p90": 1365121.3378404547, "p95": 1365121.3378404547, "p99": 1365121.3378404547, "max": 1365121.3378404547}, "Output Tokens per Minute": {"unit": "tokens/min", "min": 58599.05312135469, "p50": 58599.05312135469, "p90": 58599.05312135469, "p95": 58599.05312135469, "p99": 58599.05312135469, "max": 58599.05312135469}}
{"actual_qps": 5.672391461401088, "success_rate": 100.0, "input_tokens": 4074, "output_tokens": 174, "model": "meta-llama/Llama-3.1-8B-Instruct", "input_tokens_per_minute": 1494808.270942385, "output_tokens_per_minute": 63893.096076642956, "slo_seconds": 5.0, "slo_attainment": 2.4128686327077746, "ttft_slo_ms": 1000, "ttft_slo_attainment": 4.557640750670242, "tpot_slo_ms": 50, "tpot_slo_attainment": 7.506702412868632, "Latency": {"unit": "s", "min": 2.4151001339778304, "p50": 18.978192967828363, "p90": 27.930689017754048, "p95": 29.377021877560757, "p99": 31.758734752554417, "max": 32.890246275113896}, "Throughput": {"unit": "tokens/s", "min": 1.54871839098374, "p50": 8.85724676572358, "p90": 15.992472976888227, "p95": 17.357487856781667, "p99": 21.04059263819529, "max": 24.494695519415565}, "TTFT": {"unit": "s", "min": 0.23299266397953033, "p50": 5.732450452866033, "p90": 10.004871824244038, "p95": 10.70875717010349, "p99": 11.455443190559743, "max": 13.835669047897682}, "TPOT": {"unit": "ms", "min": 36.6267624967432, "p50": 77.49973907458347, "p90": 109.11130288419265, "p95": 148.35027921975876, "p99": 232.44084992229628, "max": 306.2681100034917}, "Input Tokens per Minute": {"unit": "tokens/min", "min": 1494808.270942385, "p50": 1494808.270942385, "p90": 1494808.270942385, "p95": 1494808.270942385, "p99": 1494808.270942385, "max": 1494808.270942385}, "Output Tokens per Minute": {"unit": "tokens/min", "min": 63893.096076642956, "p50": 63893.096076642956, "p90": 63893.096076642956, "p95": 63893.096076642956, "p99": 63893.096076642956, "max": 63893.096076642956}}
{"actual_qps": 6.233281568426229, "success_rate": 100.0, "input_tokens": 3914, "output_tokens": 166, "model": "meta-llama/Llama-3.1-8B-Instruct", "input_tokens_per_minute": 1178303.582171682, "output_tokens_per_minute": 50146.56358998165, "slo_seconds": 5.0, "slo_attainment": 2.941176470588235, "ttft_slo_ms": 1000, "ttft_slo_attainment": 3.2679738562091507, "tpot_slo_ms": 50, "tpot_slo_attainment": 12.418300653594772, "Latency": {"unit": "s", "min": 2.2515119439922273, "p50": 17.471059058443643, "p90": 26.620925038936548, "p95": 28.44661375618307, "p99": 30.344364038156346, "max": 31.609637656016275}, "Throughput": {"unit": "tokens/s", "min": 1.2278974746213938, "p50": 9.213341729252694, "p90": 16.35144453364672, "p95": 17.979817761869512, "p99": 26.565126067012354, "max": 30.388794238410505}, "TTFT": {"unit": "s", "min": 0.4044528149534017, "p50": 5.171242782496847, "p90": 10.009490439086221, "p95": 10.736430507560726, "p99": 11.40165752029279, "max": 11.894879756029695}, "TPOT": {"unit": "ms", "min": 23.611448545825674, "p50": 73.3183647407784, "p90": 118.29659568218375, "p95": 185.59864253563552, "p99": 228.6189096373247, "max": 239.59839716553688}, "Input Tokens per Minute": {"unit": "tokens/min", "min": 1178303.582171682, "p50": 1178303.582171682, "p90": 1178303.582171682, "p95": 1178303.582171682, "p99": 1178303.582171682, "max": 1178303.582171682}, "Output Tokens per Minute": {"unit": "tokens/min", "min": 50146.56358998165, "p50": 50146.56358998165, "p90": 50146.56358998165, "p95": 50146.56358998165, "p99": 50146.56358998165, "max": 50146.56358998165}}
{"actual_qps": 5.716566744312069, "success_rate": 100.0,