{"actual_qps": 5.401724337550363, "success_rate": 100.0, "input_tokens": 4125, "output_tokens": 178, "model": "meta-llama/Llama-3.1-8B-Instruct", "input_tokens_per_minute": 1165457.2113703412, "output_tokens_per_minute": 50300.46057443688, "slo_seconds": 5.0, "slo_attainment": 89.12280701754386, "ttft_slo_ms": 1000, "ttft_slo_attainment": 93.6842105263158, "tpot_slo_ms": 50, "tpot_slo_attainment": 99.29824561403508, "Latency": {"unit": "s", "min": 0.5210725509095937, "p50": 3.1637891749851406, "p90": 5.183624161593616, "p95": 6.136465134005995, "p99": 7.679807042898629, "max": 8.484811259899288}, "Throughput": {"unit": "tokens/s", "min": 5.4524682086431255, "p50": 56.16415814007529, "p90": 76.62385496237935, "p95": 81.30744082080703, "p99": 89.8998372914479, "max": 100.90917796461102}, "TTFT": {"unit": "s", "min": 0.15224209195002913, "p50": 0.5187700148671865, "p90": 0.8789681638590991, "p95": 1.19019503761083, "p99": 2.7701068774052056, "max": 3.4718572511337698}, "TPOT": {"unit": "ms", "min": 3.9916296342485835, "p50": 14.116853151766474, "p90": 25.959229223832637, "p95": 31.557125891242322, "p99": 40.43961819488014, "max": 141.68018508436424}, "Input Tokens per Minute": {"unit": "tokens/min", "min": 1165457.2113703412, "p50": 1165457.2113703412, "p90": 1165457.2113703412, "p95": 1165457.2113703412, "p99": 1165457.2113703412, "max": 1165457.2113703412}, "Output Tokens per Minute": {"unit": "tokens/min", "min": 50300.46057443688, "p50": 50300.46057443688, "p90": 50300.46057443688, "p95": 50300.46057443688, "p99": 50300.46057443688, "max": 50300.46057443688}}
{"actual_qps": 5.5070719607569245, "success_rate": 100.0, "input_tokens": 4051, "output_tokens": 173, "model": "meta-llama/Llama-3.1-8B-Instruct", "input_tokens_per_minute": 1021929.0954718754, "output_tokens_per_minute": 43751.89448585967, "slo_seconds": 5.0, "slo_attainment": 4.651162790697675, "ttft_slo_ms": 1000, "ttft_slo_attainment": 9.689922480620156, "tpot_slo_ms": 50, "tpot_slo_attainment": 37.2093023255814, "Latency": {"unit": "s", "min": 1.567225077189505, "p50": 13.874263443984091, "p90": 22.254478649166415, "p95": 25.231731865135952, "p99": 27.960243774964475, "max": 29.151598419062793}, "Throughput": {"unit": "tokens/s", "min": 1.5457474645847007, "p50": 12.921091779702529, "p90": 26.990442095025887, "p95": 34.605967896709885, "p99": 41.88672140178593, "max": 44.42289183775831}, "TTFT": {"unit": "s", "min": 0.3288455419242382, "p50": 3.5779518560739234, "p90": 8.478132762224416, "p95": 9.485547222464811, "p99": 11.074916181107985, "max": 12.616491482127458}, "TPOT": {"unit": "ms", "min": 6.3332059694425995, "p50": 56.989638377027816, "p90": 88.8222735042678, "p95": 129.91828701409588, "p99": 232.7094417249788, "max": 247.6432097144425}, "Input Tokens per Minute": {"unit": "tokens/min", "min": 1021929.0954718754, "p50": 1021929.0954718754, "p90": 1021929.0954718754, "p95": 1021929.0954718754, "p99": 1021929.0954718754, "max": 1021929.0954718754}, "Output Tokens per Minute": {"unit": "tokens/min", "min": 43751.89448585967, "p50": 43751.89448585967, "p90": 43751.89448585967, "p95": 43751.89448585967, "p99": 43751.89448585967, "max": 43751.89448585967}}
{"actual_qps": 5.528554141706192, "success_rate": 100.0, "input_tokens": 3945, "output_tokens": 176, "model": "meta-llama/Llama-3.1-8B-Instruct", "input_tokens_per_minute": 1276828.9720403256, "output_tokens_per_minute": 57040.2310235938, "slo_seconds": 5.0, "slo_attainment": 1.2084592145015105, "ttft_slo_ms": 1000, "ttft_slo_attainment": 3.625377643504532, "tpot_slo_ms": 50, "tpot_slo_attainment": 10.27190332326284, "Latency": {"unit": "s", "min": 1.5115257070865482, "p50": 18.3279023359064, "p90": 26.813007046002895, "p95": 28.451068013440818, "p99": 30.407939699362032, "max": 31.716767858946696}, "Throughput": {"unit": "tokens/s", "min": 1.0792917912516937, "p50": 9.646417835347082, "p90": 16.003235550826886, "p95": 18.314179223487006, "p99": 21.488021087678405, "max": 31.552433207814182}, "TTFT": {"unit": "s", "min": 0.3654562660958618, "p50": 6.5404832439962775, "p90": 10.853965224931017, "p95": 11.632898316485807, "p99": 13.462892919429578, "max": 14.156839028000832}, "TPOT": {"unit": "ms", "min": 2.7400494176407704, "p50": 69.77225151193801, "p90": 93.77705768317021, "p95": 116.55274385459245, "p99": 239.664539503159, "max": 269.5216574809617}, "Input Tokens per Minute": {"unit": "tokens/min", "min": 1276828.9720403256, "p50": 1276828.9720403256, "p90": 1276828.9720403256, "p95": 1276828.9720403256, "p99": 1276828.9720403256, "max": 1276828.9720403256}, "Output Tokens per Minute": {"unit": "tokens/min", "min": 57040.2310235938, "p50": 57040.2310235938, "p90": 57040.2310235938, "p95": 57040.2310235938, "p99": 57040.2310235938, "max": 57040.2310235938}}
{"actual_qps": 5.6553605179215, "success_rate": 100.0, "input_tokens": 4021, "output_tokens": 179, "model": "meta-llama/Llama-3.1-8B-Instruct", "input_tokens_per_minute": 1328896.2193246821, "output_tokens_per_minute": 59221.22703740126, "slo_seconds": 5.0, "slo_attainment": 0.8875739644970414, "ttft_slo_ms": 1000, "ttft_slo_attainment": 1.7751479289940828, "tpot_slo_ms": 50, "tpot_slo_attainment": 10.355029585798817, "Latency": {"unit": "s", "min": 1.80565595603548, "p50": 19.809673695010133, "p90": 27.709163375850768, "p95": 28.85862764584599, "p99": 31.18093585145427, "max": 31.311805955832824}, "Throughput": {"unit": "tokens/s", "min": 1.3606679179336285, "p50": 9.19291172997239, "p90": 15.598613977204966, "p95": 17.674588041628272, "p99": 22.891887297111413, "max": 26.71322521708706}, "TTFT": {"unit": "s", "min": 0.4812269110698253, "p50": 6.098202310036868, "p90": 9.820723748230376, "p95": 10.147983382910024, "p99": 10.60728834308451, "max": 11.213514355942607}, "TPOT": {"unit": "ms", "min": 0.45719105942202876, "p50": 78.099211713594, "p90": 105.07620985025362, "p95": 139.97530723199995, "p99": 235.73330840822308, "max": 250.27583495830186}, "Input Tokens per Minute": {"unit": "tokens/min", "min": 1328896.2193246821, "p50": 1328896.2193246821, "p90": 1328896.2193246821, "p95": 1328896.2193246821, "p99": 1328896.2193246821, "max": 1328896.2193246821}, "Output Tokens per Minute": {"unit": "tokens/min", "min": 59221.22703740126, "p50": 59221.22703740126, "p90": 59221.22703740126, "p95": 59221.22703740126, "p99": 59221.22703740126, "max": 59221.22703740126}}
{"actual_qps": 5.870464117110988, "success_rate": 100.0, "input_tokens": 4048, "output_tokens": 178, "model": "meta-llama/Llama-3.1-8B-Instruct", "input_tokens_per_minute": 1472356.0956268925, "output_tokens_per_minute": 64823.77663629438, "slo_seconds": 5.0, "slo_attainment": 2.1505376344086025, "ttft_slo_ms": 1000, "ttft_slo_attainment": 10.21505376344086, "tpot_slo_ms": 50, "tpot_slo_attainment": 12.096774193548388, "Latency": {"unit": "s", "min": 1.3304739950690418, "p50": 17.69395922240801, "p90": 26.58740639227908, "p95": 28.5653805094189, "p99": 30.002944854607343, "max": 30.79536016797647}, "Throughput": {"unit": "tokens/s", "min": 1.458242446890924, "p50": 10.10338130236671, "p90": 17.260701206657405, "p95": 18.876477499061693, "p99": 26.45609655869549, "max": 36.32696371273123}, "TTFT": {"unit": "s", "min": 0.167787732090801, "p50": 4.327213516458869, "p90": 9.755551326973366, "p95": 10.376936314476188, "p99": 11.259561273274013, "max": 12.534785490948707}, "TPOT": {"unit": "ms", "min": 0.32142849274017105, "p50": 70.50522277892179, "p90": 101.88422184679315, "p95": 128.46577513721587, "p99": 238.3523338640848, "max": 245.3897005731338}, "Input Tokens per Minute": {"unit": "tokens/min", "min": 1472356.0956268925, "p50": 1472356.0956268925, "p90": 1472356.0956268925, "p95": 1472356.0956268925, "p99": 1472356.0956268925, "max": 1472356.0956268925}, "Output Tokens per Minute": {"unit": "tokens/min", "min": 64823.77663629438, "p50": 64823.77663629438, "p90": 64823.77663629438, "p95": 64823.77663629438, "p99": 64823.77663629438, "max": 64823.77663629438}}
{"actual_qps": 5.6499097226345905, "success_rate": 100.0,