{"actual_qps": 5.5825485934559715, "success_rate": 100.0, "input_tokens": 3993, "output_tokens": 178, "model": "meta-llama/Llama-3.1-8B-Instruct", "input_tokens_per_minute": 898295.1613960215, "output_tokens_per_minute": 40188.40396313849, "slo_seconds": 5.0, "slo_attainment": 14.977973568281937, "ttft_slo_ms": 1000, "ttft_slo_attainment": 22.026431718061673, "tpot_slo_ms": 50, "tpot_slo_attainment": 74.44933920704845, "Latency": {"unit": "s", "min": 2.807681635953486, "p50": 7.434012416983023, "p90": 15.421601414820179, "p95": 17.78353133890778, "p99": 20.257912431387233, "max": 20.876540553057566}, "Throughput": {"unit": "tokens/s", "min": 1.3503917667105736, "p50": 23.142589432455278, "p90": 38.125771624419755, "p95": 43.36001373466696, "p99": 49.92007945057765, "max": 51.63017973801221}, "TTFT": {"unit": "s", "min": 0.3749919810798019, "p50": 1.915971745038405, "p90": 6.672745719226078, "p95": 7.791392460465431, "p99": 8.679386406647975, "max": 9.989786030957475}, "TPOT": {"unit": "ms", "min": 0.3848541699185529, "p50": 32.32575975821808, "p90": 63.09190519673553, "p95": 78.98905317091902, "p99": 227.42545138993535, "max": 247.00194705442033}, "Input Tokens per Minute": {"unit": "tokens/min", "min": 898295.1613960215, "p50": 898295.1613960215, "p90": 898295.1613960215, "p95": 898295.1613960215, "p99": 898295.1613960215, "max": 898295.1613960215}, "Output Tokens per Minute": {"unit": "tokens/min", "min": 40188.40396313849, "p50": 40188.40396313849, "p90": 40188.40396313849, "p95": 40188.40396313849, "p99": 40188.40396313849, "max": 40188.40396313849}}
{"actual_qps": 5.595619762834253, "success_rate": 100.0, "input_tokens": 3961, "output_tokens": 178, "model": "meta-llama/Llama-3.1-8B-Instruct", "input_tokens_per_minute": 1248691.7517072957, "output_tokens_per_minute": 56411.67781428518, "slo_seconds": 5.0, "slo_attainment": 1.5527950310559007, "ttft_slo_ms": 1000, "ttft_slo_attainment": 3.4161490683229814, "tpot_slo_ms": 50, "tpot_slo_attainment": 15.838509316770185, "Latency": {"unit": "s", "min": 3.465431103017181, "p50": 17.843965435982682, "p90": 25.54513874296099, "p95": 26.489880643656942, "p99": 28.305392108114912, "max": 29.441400977084413}, "Throughput": {"unit": "tokens/s", "min": 1.1415060517185978, "p50": 10.239392886234002, "p90": 16.444594195744536, "p95": 17.45185940531324, "p99": 21.19319415530296, "max": 28.63760134737057}, "TTFT": {"unit": "s", "min": 0.6044240479823202, "p50": 4.669508452527225, "p90": 10.425929233315403, "p95": 11.481449657201301, "p99": 12.377935011673257, "max": 13.235878699924797}, "TPOT": {"unit": "ms", "min": 0.3584261113581689, "p50": 67.23672663032465, "p90": 92.48456614144261, "p95": 134.6856164316094, "p99": 235.91323608614724, "max": 263.3245474675537}, "Input Tokens per Minute": {"unit": "tokens/min", "min": 1248691.7517072957, "p50": 1248691.7517072957, "p90": 1248691.7517072957, "p95": 1248691.7517072957, "p99": 1248691.7517072957, "max": 1248691.7517072957}, "Output Tokens per Minute": {"unit": "tokens/min", "min": 56411.67781428518, "p50": 56411.67781428518, "p90": 56411.67781428518, "p95": 56411.67781428518, "p99": 56411.67781428518, "max": 56411.67781428518}}
{"actual_qps": 5.416406675038717, "success_rate": 100.0, "input_tokens": 3962, "output_tokens": 180, "model": "meta-llama/Llama-3.1-8B-Instruct", "input_tokens_per_minute": 1260698.0266946296, "output_tokens_per_minute": 57416.93172036637, "slo_seconds": 5.0, "slo_attainment": 1.2307692307692308, "ttft_slo_ms": 1000, "ttft_slo_attainment": 1.8461538461538463, "tpot_slo_ms": 50, "tpot_slo_attainment": 10.76923076923077, "Latency": {"unit": "s", "min": 3.3786341038066894, "p50": 19.286094767041504, "p90": 27.660987735725943, "p95": 29.141263856040315, "p99": 30.47366372899152, "max": 32.08181058987975}, "Throughput": {"unit": "tokens/s", "min": 1.7607927069212952, "p50": 9.507814641836434, "p90": 16.225073470905073, "p95": 17.633589157025106, "p99": 21.390055693275155, "max": 25.280685186934555}, "TTFT": {"unit": "s", "min": 0.46525705605745316, "p50": 6.070290120085701, "p90": 10.19731294582598, "p95": 11.101097498182208, "p99": 11.830949498824776, "max": 12.215617683017626}, "TPOT": {"unit": "ms", "min": 0.7944714568143514, "p50": 74.56338572334592, "p90": 102.35862276544935, "p95": 164.3908840391433, "p99": 252.33829943487086, "max": 277.09010370502557}, "Input Tokens per Minute": {"unit": "tokens/min", "min": 1260698.0266946296, "p50": 1260698.0266946296, "p90": 1260698.0266946296, "p95": 1260698.0266946296, "p99": 1260698.0266946296, "max": 1260698.0266946296}, "Output Tokens per Minute": {"unit": "tokens/min", "min": 57416.93172036637, "p50": 57416.93172036637, "p90": 57416.93172036637, "p95": 57416.93172036637, "p99": 57416.93172036637, "max": 57416.93172036637}}
{"actual_qps": 5.3948976509512585, "success_rate": 100.0, "input_tokens": 4111, "output_tokens": 179, "model": "meta-llama/Llama-3.1-8B-Instruct", "input_tokens_per_minute": 1444666.3432867879, "output_tokens_per_minute": 62977.64003628381, "slo_seconds": 5.0, "slo_attainment": 0.0, "ttft_slo_ms": 1000, "ttft_slo_attainment": 0.8356545961002786, "tpot_slo_ms": 50, "tpot_slo_attainment": 5.571030640668524, "Latency": {"unit": "s", "min": 5.909502845956013, "p50": 20.003158224048093, "p90": 28.598257812205702, "p95": 30.7065842686221, "p99": 32.39079245795961, "max": 33.73170690611005}, "Throughput": {"unit": "tokens/s", "min": 1.4350404443109095, "p50": 9.08223567597688, "p90": 14.549546414921469, "p95": 15.791619360188603, "p99": 17.887891315027577, "max": 19.17390640263833}, "TTFT": {"unit": "s", "min": 0.8277619190048426, "p50": 6.819598754867911, "p90": 10.927581673907117, "p95": 11.21455125620123, "p99": 15.56829468274955, "max": 16.8899348359555}, "TPOT": {"unit": "ms", "min": 2.0134621604004095, "p50": 78.05254968847312, "p90": 108.10643091760387, "p95": 186.66599420509095, "p99": 239.49569031997953, "max": 272.12043546194974}, "Input Tokens per Minute": {"unit": "tokens/min", "min": 1444666.3432867879, "p50": 1444666.3432867879, "p90": 1444666.3432867879, "p95": 1444666.3432867879, "p99": 1444666.3432867879, "max": 1444666.3432867879}, "Output Tokens per Minute": {"unit": "tokens/min", "min": 62977.64003628381, "p50": 62977.64003628381, "p90": 62977.64003628381, "p95": 62977.64003628381, "p99": 62977.64003628381, "max": 62977.64003628381}}
{"actual_qps": 5.499902969789433, "success_rate": 100.0, "input_tokens": 4245, "output_tokens": 177, "model": "meta-llama/Llama-3.1-8B-Instruct", "input_tokens_per_minute": 1566478.2545332196, "output_tokens_per_minute": 65642.00335892547, "slo_seconds": 5.0, "slo_attainment": 1.5915119363395225, "ttft_slo_ms": 1000, "ttft_slo_attainment": 8.753315649867375, "tpot_slo_ms": 50, "tpot_slo_attainment": 9.018567639257293, "Latency": {"unit": "s", "min": 1.120810727821663, "p50": 19.09026446682401, "p90": 28.30206152293831, "p95": 29.611951791821046, "p99": 31.733523849537598, "max": 32.26470042509027}, "Throughput": {"unit": "tokens/s", "min": 1.731396436196798, "p50": 9.220397421882383, "p90": 16.50561014074853, "p95": 18.886027024608847, "p99": 30.144308857240247, "max": 35.78733992648}, "TTFT": {"unit": "s", "min": 0.17564378399401903, "p50": 4.521585815120488, "p90": 10.155566440476106, "p95": 10.403165091434493, "p99": 10.9848238188494, "max": 11.348126803059131}, "TPOT": {"unit": "ms", "min": 3.019254909706625, "p50": 78.7497493169322, "p90": 110.39329268992998, "p95": 161.14678327911076, "p99": 236.89098204486075, "max": 248.3122071537834}, "Input Tokens per Minute": {"unit": "tokens/min", "min": 1566478.2545332196, "p50": 1566478.2545332196, "p90": 1566478.2545332196, "p95": 1566478.2545332196, "p99": 1566478.2545332196, "max": 1566478.2545332196}, "Output Tokens per Minute": {"unit": "tokens/min", "min": 65642.00335892547, "p50": 65642.00335892547, "p90": 65642.00335892547, "p95": 65642.00335892547, "p99": 65642.00335892547, "max": 65642.00335892547}}
{"actual_qps": 5.278696628613237, "success_rate": 100.0,