{"actual_qps": 6.399212191153855, "success_rate": 100.0, "input_tokens": 3929, "output_tokens": 172, "model": "meta-llama/Llama-3.1-8B-Instruct", "input_tokens_per_minute": 1247555.6843801166, "output_tokens_per_minute": 54793.13037101474, "slo_seconds": 5.0, "slo_attainment": 43.125, "ttft_slo_ms": 1000, "ttft_slo_attainment": 31.5625, "tpot_slo_ms": 50, "tpot_slo_attainment": 95.625, "Latency": {"unit": "s", "min": 0.8884051910135895, "p50": 5.246934346971102, "p90": 10.932287837215702, "p95": 12.627140308858362, "p99": 15.525663010687568, "max": 17.284926892025396}, "Throughput": {"unit": "tokens/s", "min": 2.8767460924834998, "p50": 32.57215757716003, "p90": 49.71471709815119, "p95": 55.84075402568089, "p99": 63.730917104200195, "max": 74.33549775858924}, "TTFT": {"unit": "s", "min": 0.18234555912204087, "p50": 1.2700936736073345, "p90": 4.441873466782273, "p95": 5.257299942336978, "p99": 7.090306832182687, "max": 8.623064991086721}, "TPOT": {"unit": "ms", "min": 3.451999804547908, "p50": 21.654528388308126, "p90": 42.41576021708005, "p95": 47.87911146296536, "p99": 106.79995766964346, "max": 177.76830022275033}, "Input Tokens per Minute": {"unit": "tokens/min", "min": 1247555.6843801166, "p50": 1247555.6843801166, "p90": 1247555.6843801166, "p95": 1247555.6843801166, "p99": 1247555.6843801166, "max": 1247555.6843801166}, "Output Tokens per Minute": {"unit": "tokens/min", "min": 54793.13037101474, "p50": 54793.13037101474, "p90": 54793.13037101474, "p95": 54793.13037101474, "p99": 54793.13037101474, "max": 54793.13037101474}}
{"actual_qps": 5.3499958021209215, "success_rate": 100.0, "input_tokens": 3903, "output_tokens": 170, "model": "meta-llama/Llama-3.1-8B-Instruct", "input_tokens_per_minute": 1095923.1271014826, "output_tokens_per_minute": 47993.0993077328, "slo_seconds": 5.0, "slo_attainment": 3.180212014134275, "ttft_slo_ms": 1000, "ttft_slo_attainment": 2.1201413427561837, "tpot_slo_ms": 50, "tpot_slo_attainment": 16.96113074204947, "Latency": {"unit": "s", "min": 2.8773103889543563, "p50": 16.382101085036993, "p90": 24.963382618082687, "p95": 26.456514836032866, "p99": 28.019022383415148, "max": 29.92134267813526}, "Throughput": {"unit": "tokens/s", "min": 1.4033591597410249, "p50": 10.450521999682136, "p90": 17.106912625719556, "p95": 18.80485841993392, "p99": 26.822490489612015, "max": 29.91933145063997}, "TTFT": {"unit": "s", "min": 0.23992871004156768, "p50": 4.7464781540911645, "p90": 9.520084139332177, "p95": 10.247243079473265, "p99": 11.545542261246595, "max": 15.33233300410211}, "TPOT": {"unit": "ms", "min": 1.0989274228244421, "p50": 63.72065193501848, "p90": 92.91959113897852, "p95": 152.87496797035, "p99": 228.99562303433194, "max": 269.5331158368693}, "Input Tokens per Minute": {"unit": "tokens/min", "min": 1095923.1271014826, "p50": 1095923.1271014826, "p90": 1095923.1271014826, "p95": 1095923.1271014826, "p99": 1095923.1271014826, "max": 1095923.1271014826}, "Output Tokens per Minute": {"unit": "tokens/min", "min": 47993.0993077328, "p50": 47993.0993077328, "p90": 47993.0993077328, "p95": 47993.0993077328, "p99": 47993.0993077328, "max": 47993.0993077328}}
{"actual_qps": 5.25936940236731, "success_rate": 100.0, "input_tokens": 4080, "output_tokens": 176, "model": "meta-llama/Llama-3.1-8B-Instruct", "input_tokens_per_minute": 1267657.5892879015, "output_tokens_per_minute": 54800.32819855383, "slo_seconds": 5.0, "slo_attainment": 1.2698412698412698, "ttft_slo_ms": 1000, "ttft_slo_attainment": 2.2222222222222223, "tpot_slo_ms": 50, "tpot_slo_attainment": 10.476190476190476, "Latency": {"unit": "s", "min": 2.8150015308056027, "p50": 18.146723971003667, "p90": 27.949272180348636, "p95": 28.788882415764967, "p99": 30.576833638222887, "max": 31.738636632915586}, "Throughput": {"unit": "tokens/s", "min": 1.2172786791742871, "p50": 9.525261391796942, "p90": 16.469703075827812, "p95": 17.50111277871988, "p99": 20.62842516414442, "max": 21.754254231025595}, "TTFT": {"unit": "s", "min": 0.31293240189552307, "p50": 5.495748812099919, "p90": 10.360441989963874, "p95": 11.141000667819755, "p99": 13.801426934930504, "max": 15.072761997114867}, "TPOT": {"unit": "ms", "min": 6.066124240432552, "p50": 71.3935654818656, "p90": 99.78280603883417, "p95": 154.37503888440654, "p99": 233.43610726598422, "max": 249.3976692785509}, "Input Tokens per Minute": {"unit": "tokens/min", "min": 1267657.5892879015, "p50": 1267657.5892879015, "p90": 1267657.5892879015, "p95": 1267657.5892879015, "p99": 1267657.5892879015, "max": 1267657.5892879015}, "Output Tokens per Minute": {"unit": "tokens/min", "min": 54800.32819855383, "p50": 54800.32819855383, "p90": 54800.32819855383, "p95": 54800.32819855383, "p99": 54800.32819855383, "max": 54800.32819855383}}
{"actual_qps": 5.818805461221257, "success_rate": 100.0, "input_tokens": 4058, "output_tokens": 174, "model": "meta-llama/Llama-3.1-8B-Instruct", "input_tokens_per_minute": 1380926.6558431603, "output_tokens_per_minute": 59234.96273651242, "slo_seconds": 5.0, "slo_attainment": 0.8695652173913043, "ttft_slo_ms": 1000, "ttft_slo_attainment": 2.0289855072463765, "tpot_slo_ms": 50, "tpot_slo_attainment": 9.27536231884058, "Latency": {"unit": "s", "min": 3.8580762210767716, "p50": 18.722850647987798, "p90": 28.078948830580337, "p95": 29.80419767671265, "p99": 32.018493314227086, "max": 32.81894861604087}, "Throughput": {"unit": "tokens/s", "min": 1.0882118037961517, "p50": 9.07219791113764, "p90": 16.197419159521655, "p95": 17.885551132000977, "p99": 20.992041123112354, "max": 23.73076852532336}, "TTFT": {"unit": "s", "min": 0.6122542491648346, "p50": 6.3515146060381085, "p90": 10.083361750096085, "p95": 10.946158358408137, "p99": 11.363317427150905, "max": 11.559166135964915}, "TPOT": {"unit": "ms", "min": 0.43941211498262894, "p50": 76.92963175882758, "p90": 121.52773248575016, "p95": 197.54500600787327, "p99": 237.92795144040915, "max": 288.75561247524973}, "Input Tokens per Minute": {"unit": "tokens/min", "min": 1380926.6558431603, "p50": 1380926.6558431603, "p90": 1380926.6558431603, "p95": 1380926.6558431603, "p99": 1380926.6558431603, "max": 1380926.6558431603}, "Output Tokens per Minute": {"unit": "tokens/min", "min": 59234.96273651242, "p50": 59234.96273651242, "p90": 59234.96273651242, "p95": 59234.96273651242, "p99": 59234.96273651242, "max": 59234.96273651242}}
{"actual_qps": 5.499979461251312, "success_rate": 100.0, "input_tokens": 3911, "output_tokens": 180, "model": "meta-llama/Llama-3.1-8B-Instruct", "input_tokens_per_minute": 1419588.9377411376, "output_tokens_per_minute": 65489.996508865384, "slo_seconds": 5.0, "slo_attainment": 1.6304347826086956, "ttft_slo_ms": 1000, "ttft_slo_attainment": 3.804347826086957, "tpot_slo_ms": 50, "tpot_slo_attainment": 9.782608695652174, "Latency": {"unit": "s", "min": 1.8280220748856664, "p50": 18.61388269450981, "p90": 28.356170728779396, "p95": 30.38148384966189, "p99": 31.441308359745886, "max": 33.629352510906756}, "Throughput": {"unit": "tokens/s", "min": 1.8537299693501668, "p50": 9.4720430407322, "p90": 16.13253515122435, "p95": 17.604469260582764, "p99": 20.787045024844954, "max": 32.899320442996405}, "TTFT": {"unit": "s", "min": 0.3114846108946949, "p50": 4.586826778948307, "p90": 10.042497918335721, "p95": 10.78627422004938, "p99": 11.434746808309573, "max": 12.277896077837795}, "TPOT": {"unit": "ms", "min": 0.5571471921239908, "p50": 74.18553811853667, "p90": 104.12982347610811, "p95": 120.45116767945788, "p99": 195.65238412266916, "max": 232.8239259419634}, "Input Tokens per Minute": {"unit": "tokens/min", "min": 1419588.9377411376, "p50": 1419588.9377411376, "p90": 1419588.9377411376, "p95": 1419588.9377411376, "p99": 1419588.9377411376, "max": 1419588.9377411376}, "Output Tokens per Minute": {"unit": "tokens/min", "min": 65489.996508865384, "p50": 65489.996508865384, "p90": 65489.996508865384, "p95": 65489.996508865384, "p99": 65489.996508865384, "max": 65489.996508865384}}
{"actual_qps": 5.16662025043544, "success_rate": 100.0,