{"actual_qps": 5.283884474102766, "success_rate": 100.0, "input_tokens": 4139, "output_tokens": 173, "model": "meta-llama/Llama-3.1-8B-Instruct", "input_tokens_per_minute": 1258866.758746659, "output_tokens_per_minute": 52897.8122292026, "slo_seconds": 5.0, "slo_attainment": 56.5359477124183, "ttft_slo_ms": 1000, "ttft_slo_attainment": 32.35294117647059, "tpot_slo_ms": 50, "tpot_slo_attainment": 99.67320261437908, "Latency": {"unit": "s", "min": 0.7019229801371694, "p50": 4.413381800055504, "p90": 9.042629520990886, "p95": 9.908767337386962, "p99": 12.785432128445231, "max": 18.787478379905224}, "Throughput": {"unit": "tokens/s", "min": 2.7765320513625067, "p50": 35.68450582199368, "p90": 69.11582129496423, "p95": 72.30228083557567, "p99": 85.97992641517531, "max": 97.23197216675729}, "TTFT": {"unit": "s", "min": 0.14243054296821356, "p50": 1.993176758987829, "p90": 6.344556799973361, "p95": 7.233051276998594, "p99": 10.316564548586015, "max": 15.329406752018258}, "TPOT": {"unit": "ms", "min": 1.169939978832477, "p50": 13.420184510268609, "p90": 18.77374155797888, "p95": 22.73893446447903, "p99": 34.02220114190152, "max": 77.64820408076048}, "Input Tokens per Minute": {"unit": "tokens/min", "min": 1258866.758746659, "p50": 1258866.758746659, "p90": 1258866.758746659, "p95": 1258866.758746659, "p99": 1258866.758746659, "max": 1258866.758746659}, "Output Tokens per Minute": {"unit": "tokens/min", "min": 52897.8122292026, "p50": 52897.8122292026, "p90": 52897.8122292026, "p95": 52897.8122292026, "p99": 52897.8122292026, "max": 52897.8122292026}}
{"actual_qps": 5.111944124285656, "success_rate": 100.0, "input_tokens": 4227, "output_tokens": 176, "model": "meta-llama/Llama-3.1-8B-Instruct", "input_tokens_per_minute": 1243630.288613906, "output_tokens_per_minute": 51913.91649954209, "slo_seconds": 5.0, "slo_attainment": 100.0, "ttft_slo_ms": 1000, "ttft_slo_attainment": 81.41891891891892, "tpot_slo_ms": 50, "tpot_slo_attainment": 100.0, "Latency": {"unit": "s", "min": 0.7242286968976259, "p50": 2.9211527758743614, "p90": 3.8862262330949306, "p95": 4.161791571008507, "p99": 4.669648201519158, "max": 4.879504444077611}, "Throughput": {"unit": "tokens/s", "min": 13.178736323425854, "p50": 63.45409800299636, "p90": 80.61401453389735, "p95": 86.37417412091511, "p99": 93.36166183973577, "max": 109.77128283507209}, "TTFT": {"unit": "s", "min": 0.0944477398879826, "p50": 0.6126508384477347, "p90": 1.2440192999783903, "p95": 1.4275253718951717, "p99": 1.7254865701193927, "max": 2.4965625880286098}, "TPOT": {"unit": "ms", "min": 8.040631764413948, "p50": 12.112641362496769, "p90": 15.082985328875445, "p95": 15.864137723155354, "p99": 20.32611060576095, "max": 22.523627123411966}, "Input Tokens per Minute": {"unit": "tokens/min", "min": 1243630.288613906, "p50": 1243630.288613906, "p90": 1243630.288613906, "p95": 1243630.288613906, "p99": 1243630.288613906, "max": 1243630.288613906}, "Output Tokens per Minute": {"unit": "tokens/min", "min": 51913.91649954209, "p50": 51913.91649954209, "p90": 51913.91649954209, "p95": 51913.91649954209, "p99": 51913.91649954209, "max": 51913.91649954209}}
{"actual_qps": 4.991528176385952, "success_rate": 100.0, "input_tokens": 4270, "output_tokens": 181, "model": "meta-llama/Llama-3.1-8B-Instruct", "input_tokens_per_minute": 1298694.6591165024, "output_tokens_per_minute": 55064.37050259647, "slo_seconds": 5.0, "slo_attainment": 99.01960784313727, "ttft_slo_ms": 1000, "ttft_slo_attainment": 74.83660130718954, "tpot_slo_ms": 50, "tpot_slo_attainment": 100.0, "Latency": {"unit": "s", "min": 0.47500630817376077, "p50": 2.965814878931269, "p90": 3.944853830500506, "p95": 4.187712086131796, "p99": 4.774564951390493, "max": 5.113267306005582}, "Throughput": {"unit": "tokens/s", "min": 9.560702618820029, "p50": 62.69848727046776, "p90": 81.95783615263855, "p95": 86.66161605846315, "p99": 98.71209003985395, "max": 106.77467241785419}, "TTFT": {"unit": "s", "min": 0.08809933206066489, "p50": 0.653670423082076, "p90": 1.4043023985577747, "p95": 1.7804367520147935, "p99": 2.052731386537198, "max": 2.4513060469180346}, "TPOT": {"unit": "ms", "min": 7.266283405068166, "p50": 11.979119120348226, "p90": 14.368366500990849, "p95": 15.43668006434475, "p99": 17.014566510367917, "max": 19.889076400933593}, "Input Tokens per Minute": {"unit": "tokens/min", "min": 1298694.6591165024, "p50": 1298694.6591165024, "p90": 1298694.6591165024, "p95": 1298694.6591165024, "p99": 1298694.6591165024, "max": 1298694.6591165024}, "Output Tokens per Minute": {"unit": "tokens/min", "min": 55064.37050259647, "p50": 55064.37050259647, "p90": 55064.37050259647, "p95": 55064.37050259647, "p99": 55064.37050259647, "max": 55064.37050259647}}
{"actual_qps": 5.228156027693041, "success_rate": 100.0, "input_tokens": 4354, "output_tokens": 172, "model": "meta-llama/Llama-3.1-8B-Instruct", "input_tokens_per_minute": 1387304.0257272844, "output_tokens_per_minute": 54919.31295958158, "slo_seconds": 5.0, "slo_attainment": 99.38080495356037, "ttft_slo_ms": 1000, "ttft_slo_attainment": 94.11764705882352, "tpot_slo_ms": 50, "tpot_slo_attainment": 100.0, "Latency": {"unit": "s", "min": 0.25023248814977705, "p50": 2.5715903739910573, "p90": 3.2156225515529515, "p95": 3.4574905719840894, "p99": 4.515845982646557, "max": 5.551020877202973}, "Throughput": {"unit": "tokens/s", "min": 14.355039671571669, "p50": 73.47100258431387, "p90": 86.902893182481, "p95": 93.59046743598056, "p99": 105.6569536248437, "max": 121.3687184828135}, "TTFT": {"unit": "s", "min": 0.041230736998841166, "p50": 0.3210633690468967, "p90": 0.8286686502862722, "p95": 1.0747400377877045, "p99": 2.0197008773405094, "max": 3.151433839928359}, "TPOT": {"unit": "ms", "min": 7.9064488752590645, "p50": 11.922428231152832, "p90": 13.76989807222207, "p95": 14.818791974916229, "p99": 18.355361564026662, "max": 23.845776113578015}, "Input Tokens per Minute": {"unit": "tokens/min", "min": 1387304.0257272844, "p50": 1387304.0257272844, "p90": 1387304.0257272844, "p95": 1387304.0257272844, "p99": 1387304.0257272844, "max": 1387304.0257272844}, "Output Tokens per Minute": {"unit": "tokens/min", "min": 54919.31295958158, "p50": 54919.31295958158, "p90": 54919.31295958158, "p95": 54919.31295958158, "p99": 54919.31295958158, "max": 54919.31295958158}}
{"actual_qps": 5.0655797594237, "success_rate": 100.0, "input_tokens": 4234, "output_tokens": 178, "model": "meta-llama/Llama-3.1-8B-Instruct", "input_tokens_per_minute": 1286896.275569647, "output_tokens_per_minute": 54356.129837917, "slo_seconds": 5.0, "slo_attainment": 100.0, "ttft_slo_ms": 1000, "ttft_slo_attainment": 99.35275080906149, "tpot_slo_ms": 50, "tpot_slo_attainment": 100.0, "Latency": {"unit": "s", "min": 0.29433558601886034, "p50": 2.56367825018242, "p90": 3.442424357589334, "p95": 3.5874784294050186, "p99": 3.8697190515697004, "max": 4.101520848926157}, "Throughput": {"unit": "tokens/s", "min": 21.07384880511391, "p50": 72.07501995459529, "p90": 92.72013592266777, "p95": 99.68433179224158, "p99": 108.528437335811, "max": 113.7279164189294}, "TTFT": {"unit": "s", "min": 0.03862959798425436, "p50": 0.29569549206644297, "p90": 0.592419257434085, "p95": 0.6819869546685368, "p99": 0.9735035084933045, "max": 1.562841609120369}, "TPOT": {"unit": "ms", "min": 7.714246429831666, "p50": 12.141037943634998, "p90": 15.028498396109427, "p95": 15.893209897608832, "p99": 17.488671353030675, "max": 19.566838762127897}, "Input Tokens per Minute": {"unit": "tokens/min", "min": 1286896.275569647, "p50": 1286896.275569647, "p90": 1286896.275569647, "p95": 1286896.275569647, "p99": 1286896.275569647, "max": 1286896.275569647}, "Output Tokens per Minute": {"unit": "tokens/min", "min": 54356.129837917, "p50": 54356.129837917, "p90": 54356.129837917, "p95": 54356.129837917, "p99": 54356.129837917, "max": 54356.129837917}}
{"actual_qps": 5.266663305827285, "success_rate": 100.0, "input_tokens": 4259, "output_tokens": 170, "model": "meta-llama/Llama-3.1-8B-Instruct",