{"actual_qps": 5.480507525012172, "success_rate": 100.0, "input_tokens": 4118, "output_tokens": 176, "model": "meta-llama/Llama-3.1-8B-Instruct", "input_tokens_per_minute": 1284368.8959575659, "output_tokens_per_minute": 55089.065185508705, "slo_seconds": 5.0, "slo_attainment": 82.10862619808307, "ttft_slo_ms": 1000, "ttft_slo_attainment": 48.242811501597444, "tpot_slo_ms": 50, "tpot_slo_attainment": 100.0, "Latency": {"unit": "s", "min": 0.5392482420429587, "p50": 3.5393926380202174, "p90": 5.768787251692265, "p95": 6.283736678957939, "p99": 9.280743336249143, "max": 12.726632905891165}, "Throughput": {"unit": "tokens/s", "min": 5.933934653288873, "p50": 50.63983603102648, "p90": 70.89794853928805, "p95": 76.35398287998268, "p99": 98.66759729172037, "max": 110.26236295582589}, "TTFT": {"unit": "s", "min": 0.14339988399297, "p50": 1.1103210940491408, "p90": 2.8485044691711665, "p95": 3.805665366165339, "p99": 6.647898352453483, "max": 10.224940615007654}, "TPOT": {"unit": "ms", "min": 3.343035001307726, "p50": 13.13476210539627, "p90": 16.77450962954355, "p95": 19.007840234524192, "p99": 24.940352416109814, "max": 45.49087967357731}, "Input Tokens per Minute": {"unit": "tokens/min", "min": 1284368.8959575659, "p50": 1284368.8959575659, "p90": 1284368.8959575659, "p95": 1284368.8959575659, "p99": 1284368.8959575659, "max": 1284368.8959575659}, "Output Tokens per Minute": {"unit": "tokens/min", "min": 55089.065185508705, "p50": 55089.065185508705, "p90": 55089.065185508705, "p95": 55089.065185508705, "p99": 55089.065185508705, "max": 55089.065185508705}}
{"actual_qps": 5.54731021692183, "success_rate": 100.0, "input_tokens": 3903, "output_tokens": 176, "model": "meta-llama/Llama-3.1-8B-Instruct", "input_tokens_per_minute": 1279941.7183762414, "output_tokens_per_minute": 57971.032982873636, "slo_seconds": 5.0, "slo_attainment": 99.3993993993994, "ttft_slo_ms": 1000, "ttft_slo_attainment": 74.47447447447448, "tpot_slo_ms": 50, "tpot_slo_attainment": 100.0, "Latency": {"unit": "s", "min": 0.7187822780106217, "p50": 3.003875554073602, "p90": 4.08060090537183, "p95": 4.402437131758779, "p99": 4.988280781209469, "max": 5.213509816909209}, "Throughput": {"unit": "tokens/s", "min": 10.022121166174855, "p50": 60.944264586899756, "p90": 77.91790352967188, "p95": 82.71681980846276, "p99": 93.08875037670651, "max": 107.06611676620068}, "TTFT": {"unit": "s", "min": 0.09997922601178288, "p50": 0.7220237541478127, "p90": 1.3708582847379147, "p95": 1.7853811810258775, "p99": 2.106838888479397, "max": 2.524057599948719}, "TPOT": {"unit": "ms", "min": 5.139089207851181, "p50": 11.894766558382903, "p90": 14.803145819544868, "p95": 16.221634924457522, "p99": 18.88745354011131, "max": 21.070193610680494}, "Input Tokens per Minute": {"unit": "tokens/min", "min": 1279941.7183762414, "p50": 1279941.7183762414, "p90": 1279941.7183762414, "p95": 1279941.7183762414, "p99": 1279941.7183762414, "max": 1279941.7183762414}, "Output Tokens per Minute": {"unit": "tokens/min", "min": 57971.032982873636, "p50": 57971.032982873636, "p90": 57971.032982873636, "p95": 57971.032982873636, "p99": 57971.032982873636, "max": 57971.032982873636}}
{"actual_qps": 5.463344895082749, "success_rate": 100.0, "input_tokens": 4051, "output_tokens": 181, "model": "meta-llama/Llama-3.1-8B-Instruct", "input_tokens_per_minute": 1332107.4298375715, "output_tokens_per_minute": 59645.00466626297, "slo_seconds": 5.0, "slo_attainment": 99.1044776119403, "ttft_slo_ms": 1000, "ttft_slo_attainment": 76.71641791044776, "tpot_slo_ms": 50, "tpot_slo_attainment": 100.0, "Latency": {"unit": "s", "min": 0.6268717749044299, "p50": 3.0237734660040587, "p90": 3.815836138604209, "p95": 4.159031290980057, "p99": 4.732673853090965, "max": 5.558163929963484}, "Throughput": {"unit": "tokens/s", "min": 11.471872782727049, "p50": 61.807147475827364, "p90": 79.93317286118901, "p95": 85.22180133054648, "p99": 97.8537179348195, "max": 106.13641864022534}, "TTFT": {"unit": "s", "min": 0.07747375592589378, "p50": 0.7115241179708391, "p90": 1.3735650719143453, "p95": 1.5941827731207017, "p99": 2.5733114501973655, "max": 3.0358523409813643}, "TPOT": {"unit": "ms", "min": 7.63845586940685, "p50": 12.11405811063833, "p90": 14.490818795771457, "p95": 15.480913363819424, "p99": 19.128820030018723, "max": 23.58485835239939}, "Input Tokens per Minute": {"unit": "tokens/min", "min": 1332107.4298375715, "p50": 1332107.4298375715, "p90": 1332107.4298375715, "p95": 1332107.4298375715, "p99": 1332107.4298375715, "max": 1332107.4298375715}, "Output Tokens per Minute": {"unit": "tokens/min", "min": 59645.00466626297, "p50": 59645.00466626297, "p90": 59645.00466626297, "p95": 59645.00466626297, "p99": 59645.00466626297, "max": 59645.00466626297}}
{"actual_qps": 5.73975727163105, "success_rate": 100.0, "input_tokens": 3969, "output_tokens": 177, "model": "meta-llama/Llama-3.1-8B-Instruct", "input_tokens_per_minute": 1371437.6244469509, "output_tokens_per_minute": 61484.221732140526, "slo_seconds": 5.0, "slo_attainment": 99.7159090909091, "ttft_slo_ms": 1000, "ttft_slo_attainment": 87.7840909090909, "tpot_slo_ms": 50, "tpot_slo_attainment": 100.0, "Latency": {"unit": "s", "min": 0.2537176429759711, "p50": 2.7345685000764206, "p90": 3.5395615345099944, "p95": 3.764749321702402, "p99": 4.14956378666917, "max": 5.2615053709596395}, "Throughput": {"unit": "tokens/s", "min": 14.94878372138559, "p50": 67.01490859798957, "p90": 87.15335286726805, "p95": 97.02278454768253, "p99": 107.22415664902341, "max": 122.99555739914175}, "TTFT": {"unit": "s", "min": 0.03922222810797393, "p50": 0.47359077900182456, "p90": 1.0911263687768953, "p95": 1.4159833759884344, "p99": 1.9897423693002207, "max": 2.9335208889096975}, "TPOT": {"unit": "ms", "min": 5.961692503963907, "p50": 11.673980253285276, "p90": 13.960149373400526, "p95": 14.95157144916931, "p99": 16.861716381641596, "max": 23.976083420326606}, "Input Tokens per Minute": {"unit": "tokens/min", "min": 1371437.6244469509, "p50": 1371437.6244469509, "p90": 1371437.6244469509, "p95": 1371437.6244469509, "p99": 1371437.6244469509, "max": 1371437.6244469509}, "Output Tokens per Minute": {"unit": "tokens/min", "min": 61484.221732140526, "p50": 61484.221732140526, "p90": 61484.221732140526, "p95": 61484.221732140526, "p99": 61484.221732140526, "max": 61484.221732140526}}
{"actual_qps": 5.836122044949098, "success_rate": 100.0, "input_tokens": 4148, "output_tokens": 174, "model": "meta-llama/Llama-3.1-8B-Instruct", "input_tokens_per_minute": 1441317.0771190682, "output_tokens_per_minute": 60652.942727445596, "slo_seconds": 5.0, "slo_attainment": 99.71751412429379, "ttft_slo_ms": 1000, "ttft_slo_attainment": 94.35028248587571, "tpot_slo_ms": 50, "tpot_slo_attainment": 100.0, "Latency": {"unit": "s", "min": 0.3585666259750724, "p50": 2.6914939894340932, "p90": 3.6104237793479115, "p95": 3.8544528404134324, "p99": 4.463937152242288, "max": 5.701959370169789}, "Throughput": {"unit": "tokens/s", "min": 15.125081423436974, "p50": 66.92725116306065, "p90": 89.57077116587229, "p95": 94.5281627586873, "p99": 110.18500547422465, "max": 113.52411602159644}, "TTFT": {"unit": "s", "min": 0.04728282010182738, "p50": 0.4116170759079978, "p90": 0.8586396972881629, "p95": 1.0167869315249838, "p99": 1.2030537134665058, "max": 1.6479256260208786}, "TPOT": {"unit": "ms", "min": 7.794902029320897, "p50": 12.013618512899706, "p90": 15.316412774682155, "p95": 17.02109200069119, "p99": 21.028500531042305, "max": 34.77595224702621}, "Input Tokens per Minute": {"unit": "tokens/min", "min": 1441317.0771190682, "p50": 1441317.0771190682, "p90": 1441317.0771190682, "p95": 1441317.0771190682, "p99": 1441317.0771190682, "max": 1441317.0771190682}, "Output Tokens per Minute": {"unit": "tokens/min", "min": 60652.942727445596, "p50": 60652.942727445596, "p90": 60652.942727445596, "p95": 60652.942727445596, "p99": 60652.942727445596, "max": 60652.942727445596}}
{"actual_qps": 5.749972704312498, "success_rate": 100.0, "input_tokens": 4007,