{"actual_qps": 5.771431137014049, "success_rate": 100.0, "input_tokens": 4302, "output_tokens": 179, "model": "meta-llama/Llama-3.1-8B-Instruct", "input_tokens_per_minute": 1375432.670031811, "output_tokens_per_minute": 57244.70432377832, "slo_seconds": 5.0, "slo_attainment": 40.74074074074074, "ttft_slo_ms": 1000, "ttft_slo_attainment": 19.1358024691358, "tpot_slo_ms": 50, "tpot_slo_attainment": 99.69135802469135, "Latency": {"unit": "s", "min": 0.554357425076887, "p50": 7.107149018556811, "p90": 11.567606896022335, "p95": 14.102898689638819, "p99": 19.48079068147575, "max": 20.274180890992284}, "Throughput": {"unit": "tokens/s", "min": 0.9036476610268356, "p50": 25.62443535638466, "p90": 64.51498450419966, "p95": 70.91325259799648, "p99": 82.21510103890546, "max": 103.30859809362632}, "TTFT": {"unit": "s", "min": 0.1442001301329583, "p50": 4.36159511806909, "p90": 8.589509465452284, "p95": 11.294156973075586, "p99": 16.784474360356107, "max": 19.476053228136152}, "TPOT": {"unit": "ms", "min": 4.592394597837749, "p50": 13.405044379424135, "p90": 19.7791740975703, "p95": 22.066151424388323, "p99": 30.76734428526828, "max": 59.179202446507084}, "Input Tokens per Minute": {"unit": "tokens/min", "min": 1375432.670031811, "p50": 1375432.670031811, "p90": 1375432.670031811, "p95": 1375432.670031811, "p99": 1375432.670031811, "max": 1375432.670031811}, "Output Tokens per Minute": {"unit": "tokens/min", "min": 57244.70432377832, "p50": 57244.70432377832, "p90": 57244.70432377832, "p95": 57244.70432377832, "p99": 57244.70432377832, "max": 57244.70432377832}}
{"actual_qps": 4.490461939736175, "success_rate": 100.0, "input_tokens": 4237, "output_tokens": 178, "model": "meta-llama/Llama-3.1-8B-Instruct", "input_tokens_per_minute": 1208401.007614008, "output_tokens_per_minute": 50965.10416128305, "slo_seconds": 5.0, "slo_attainment": 98.27586206896551, "ttft_slo_ms": 1000, "ttft_slo_attainment": 82.75862068965517, "tpot_slo_ms": 50, "tpot_slo_attainment": 100.0, "Latency": {"unit": "s", "min": 0.3657795749604702, "p50": 2.8853951500495896, "p90": 4.081808005995117, "p95": 4.336570498743095, "p99": 5.886844567360829, "max": 6.948340553091839}, "Throughput": {"unit": "tokens/s", "min": 12.601879290636877, "p50": 65.48495084572335, "p90": 84.8598590203526, "p95": 90.28958131299565, "p99": 101.74315380080998, "max": 108.23575479707546}, "TTFT": {"unit": "s", "min": 0.11851083603687584, "p50": 0.5645232659298927, "p90": 1.4083437443943696, "p95": 1.7173184015555312, "p99": 3.3503772715665403, "max": 4.279108817921951}, "TPOT": {"unit": "ms", "min": 7.439525811659062, "p50": 12.179578078241466, "p90": 14.860318063026664, "p95": 16.257630885836388, "p99": 23.866350835362745, "max": 47.1660472539952}, "Input Tokens per Minute": {"unit": "tokens/min", "min": 1208401.007614008, "p50": 1208401.007614008, "p90": 1208401.007614008, "p95": 1208401.007614008, "p99": 1208401.007614008, "max": 1208401.007614008}, "Output Tokens per Minute": {"unit": "tokens/min", "min": 50965.10416128305, "p50": 50965.10416128305, "p90": 50965.10416128305, "p95": 50965.10416128305, "p99": 50965.10416128305, "max": 50965.10416128305}}
{"actual_qps": 4.808449165434807, "success_rate": 100.0, "input_tokens": 4268, "output_tokens": 179, "model": "meta-llama/Llama-3.1-8B-Instruct", "input_tokens_per_minute": 1208902.4971591027, "output_tokens_per_minute": 50828.42367742393, "slo_seconds": 5.0, "slo_attainment": 100.0, "ttft_slo_ms": 1000, "ttft_slo_attainment": 87.15277777777779, "tpot_slo_ms": 50, "tpot_slo_attainment": 100.0, "Latency": {"unit": "s", "min": 0.6138222787994891, "p50": 2.811023875954561, "p90": 3.58902186753694, "p95": 3.789149286365136, "p99": 4.13157353452174, "max": 4.592354598920792}, "Throughput": {"unit": "tokens/s", "min": 14.357084053092743, "p50": 66.32610789997479, "p90": 85.47105830959062, "p95": 91.11494400890422, "p99": 97.13305705610337, "max": 105.09623736407657}, "TTFT": {"unit": "s", "min": 0.07620302308350801, "p50": 0.5468437984818593, "p90": 1.0585010490380227, "p95": 1.2098995725507846, "p99": 1.4109889017697421, "max": 1.8336369940079749}, "TPOT": {"unit": "ms", "min": 4.491048520085989, "p50": 11.852521103006513, "p90": 14.04396264953048, "p95": 15.118258739952743, "p99": 18.47659759699691, "max": 23.752416127050918}, "Input Tokens per Minute": {"unit": "tokens/min", "min": 1208902.4971591027, "p50": 1208902.4971591027, "p90": 1208902.4971591027, "p95": 1208902.4971591027, "p99": 1208902.4971591027, "max": 1208902.4971591027}, "Output Tokens per Minute": {"unit": "tokens/min", "min": 50828.42367742393, "p50": 50828.42367742393, "p90": 50828.42367742393, "p95": 50828.42367742393, "p99": 50828.42367742393, "max": 50828.42367742393}}
{"actual_qps": 4.7666659040683035, "success_rate": 100.0, "input_tokens": 4286, "output_tokens": 186, "model": "meta-llama/Llama-3.1-8B-Instruct", "input_tokens_per_minute": 1222379.7828553123, "output_tokens_per_minute": 53096.926384351966, "slo_seconds": 5.0, "slo_attainment": 100.0, "ttft_slo_ms": 1000, "ttft_slo_attainment": 100.0, "tpot_slo_ms": 50, "tpot_slo_attainment": 100.0, "Latency": {"unit": "s", "min": 0.4667536288034171, "p50": 2.5692841655109078, "p90": 3.0947988787665963, "p95": 3.238767979817931, "p99": 3.38940749777481, "max": 3.497178052086383}, "Throughput": {"unit": "tokens/s", "min": 20.29698974982556, "p50": 75.35197587546558, "p90": 92.10962129687414, "p95": 97.08321797153835, "p99": 110.40460571771267, "max": 112.29966172016005}, "TTFT": {"unit": "s", "min": 0.050802533980458975, "p50": 0.31109900737646967, "p90": 0.5819493938935921, "p95": 0.6998117797309534, "p99": 0.8193860569153917, "max": 0.920886805979535}, "TPOT": {"unit": "ms", "min": 8.199869216321476, "p50": 11.691118389293177, "p90": 13.304840543087408, "p95": 14.025005115834931, "p99": 15.519743153273161, "max": 15.742302563359688}, "Input Tokens per Minute": {"unit": "tokens/min", "min": 1222379.7828553123, "p50": 1222379.7828553123, "p90": 1222379.7828553123, "p95": 1222379.7828553123, "p99": 1222379.7828553123, "max": 1222379.7828553123}, "Output Tokens per Minute": {"unit": "tokens/min", "min": 53096.926384351966, "p50": 53096.926384351966, "p90": 53096.926384351966, "p95": 53096.926384351966, "p99": 53096.926384351966, "max": 53096.926384351966}}
{"actual_qps": 5.516622456734191, "success_rate": 100.0, "input_tokens": 4166, "output_tokens": 183, "model": "meta-llama/Llama-3.1-8B-Instruct", "input_tokens_per_minute": 1327312.0452586114, "output_tokens_per_minute": 58403.86574685331, "slo_seconds": 5.0, "slo_attainment": 99.38271604938271, "ttft_slo_ms": 1000, "ttft_slo_attainment": 96.60493827160494, "tpot_slo_ms": 50, "tpot_slo_attainment": 100.0, "Latency": {"unit": "s", "min": 0.4144539050757885, "p50": 2.6171475355513394, "p90": 3.422570511465892, "p95": 3.78197460672818, "p99": 4.4277260880684475, "max": 5.904411224881187}, "Throughput": {"unit": "tokens/s", "min": 19.853572226705225, "p50": 72.10518776029178, "p90": 91.96653112644456, "p95": 98.84081638888996, "p99": 105.50577918331078, "max": 108.53989353007015}, "TTFT": {"unit": "s", "min": 0.04868707014247775, "p50": 0.32066908944398165, "p90": 0.7219198652775958, "p95": 0.8646926966612226, "p99": 1.2538254042016337, "max": 1.5069692670367658}, "TPOT": {"unit": "ms", "min": 8.08821362326268, "p50": 11.860074560817836, "p90": 15.15241540948079, "p95": 16.170147349110255, "p99": 19.69081144171973, "max": 27.72571461185092}, "Input Tokens per Minute": {"unit": "tokens/min", "min": 1327312.0452586114, "p50": 1327312.0452586114, "p90": 1327312.0452586114, "p95": 1327312.0452586114, "p99": 1327312.0452586114, "max": 1327312.0452586114}, "Output Tokens per Minute": {"unit": "tokens/min", "min": 58403.86574685331, "p50": 58403.86574685331, "p90": 58403.86574685331, "p95": 58403.86574685331, "p99": 58403.86574685331, "max": 58403.86574685331}}
{"actual_qps": 4.672178757885654, "success_rate": 100.0, "input_tokens": 4123, "output_tokens": 183, "model": "meta-llama/Llama-3.1-8B-Instruct",