{"actual_qps": 6.404909851234595, "success_rate": 100.0, "input_tokens": 3964, "output_tokens": 172, "model": "meta-llama/Llama-3.1-8B-Instruct", "input_tokens_per_minute": 1418103.207195881, "output_tokens_per_minute": 61654.64759873056, "slo_seconds": 5.0, "slo_attainment": 81.81818181818183, "ttft_slo_ms": 1000, "ttft_slo_attainment": 44.0771349862259, "tpot_slo_ms": 50, "tpot_slo_attainment": 100.0, "Latency": {"unit": "s", "min": 0.6391112310811877, "p50": 3.497064725961536, "p90": 5.558408858021721, "p95": 5.946394771523773, "p99": 7.669611382074652, "max": 10.064309138106182}, "Throughput": {"unit": "tokens/s", "min": 4.8299754697588835, "p50": 49.11208098176229, "p90": 71.0592645800558, "p95": 77.33461282591944, "p99": 88.26329014793164, "max": 92.76865349568521}, "TTFT": {"unit": "s", "min": 0.11935941106639802, "p50": 1.1135410161223263, "p90": 2.730984520027414, "p95": 3.576366081135347, "p99": 5.739699024180879, "max": 7.048966214060783}, "TPOT": {"unit": "ms", "min": 4.7084763119485045, "p50": 13.125501396415295, "p90": 18.477148069217158, "p95": 20.206332319431905, "p99": 30.856480429969015, "max": 47.94522600612887}, "Input Tokens per Minute": {"unit": "tokens/min", "min": 1418103.207195881, "p50": 1418103.207195881, "p90": 1418103.207195881, "p95": 1418103.207195881, "p99": 1418103.207195881, "max": 1418103.207195881}, "Output Tokens per Minute": {"unit": "tokens/min", "min": 61654.64759873056, "p50": 61654.64759873056, "p90": 61654.64759873056, "p95": 61654.64759873056, "p99": 61654.64759873056, "max": 61654.64759873056}}
{"actual_qps": 5.348244502452128, "success_rate": 100.0, "input_tokens": 3950, "output_tokens": 175, "model": "meta-llama/Llama-3.1-8B-Instruct", "input_tokens_per_minute": 1322139.1953380308, "output_tokens_per_minute": 58771.95727139433, "slo_seconds": 5.0, "slo_attainment": 98.82352941176471, "ttft_slo_ms": 1000, "ttft_slo_attainment": 78.23529411764706, "tpot_slo_ms": 50, "tpot_slo_attainment": 100.0, "Latency": {"unit": "s", "min": 0.5493667579721659, "p50": 2.8698737539816648, "p90": 3.7187226784648377, "p95": 4.0357899343944155, "p99": 4.965600615064616, "max": 5.347147010965273}, "Throughput": {"unit": "tokens/s", "min": 7.725127795683297, "p50": 64.24289553057265, "p90": 80.15504659648929, "p95": 86.57593296378316, "p99": 97.948971814267, "max": 118.0609737273432}, "TTFT": {"unit": "s", "min": 0.11289395997300744, "p50": 0.6311974064446986, "p90": 1.3051626501837748, "p95": 1.5134742568829096, "p99": 2.1616877409862383, "max": 2.8529140348546207}, "TPOT": {"unit": "ms", "min": 3.9440392758007405, "p50": 11.673091736448995, "p90": 14.472226927234752, "p95": 15.272504389789145, "p99": 20.043160392406712, "max": 27.03982117750189}, "Input Tokens per Minute": {"unit": "tokens/min", "min": 1322139.1953380308, "p50": 1322139.1953380308, "p90": 1322139.1953380308, "p95": 1322139.1953380308, "p99": 1322139.1953380308, "max": 1322139.1953380308}, "Output Tokens per Minute": {"unit": "tokens/min", "min": 58771.95727139433, "p50": 58771.95727139433, "p90": 58771.95727139433, "p95": 58771.95727139433, "p99": 58771.95727139433, "max": 58771.95727139433}}
{"actual_qps": 5.4195355679545045, "success_rate": 100.0, "input_tokens": 3941, "output_tokens": 176, "model": "meta-llama/Llama-3.1-8B-Instruct", "input_tokens_per_minute": 1250759.3866343284, "output_tokens_per_minute": 56008.19851363545, "slo_seconds": 5.0, "slo_attainment": 100.0, "ttft_slo_ms": 1000, "ttft_slo_attainment": 76.47058823529412, "tpot_slo_ms": 50, "tpot_slo_attainment": 100.0, "Latency": {"unit": "s", "min": 0.44222136680036783, "p50": 3.029506100807339, "p90": 3.646057311911136, "p95": 3.811877150926739, "p99": 4.171516905054448, "max": 4.518720963969827}, "Throughput": {"unit": "tokens/s", "min": 10.314978831371354, "p50": 61.9032602878344, "p90": 77.43479111005713, "p95": 81.67277270280819, "p99": 104.88854193011223, "max": 111.96525260107354}, "TTFT": {"unit": "s", "min": 0.14205787307582796, "p50": 0.6900414919946343, "p90": 1.2327660810668022, "p95": 1.3885507247410713, "p99": 1.67411895782221, "max": 2.350817957893014}, "TPOT": {"unit": "ms", "min": 6.227667999660803, "p50": 11.913122457157277, "p90": 14.073840793690042, "p95": 14.995019831219215, "p99": 16.183527143345103, "max": 18.507232013184368}, "Input Tokens per Minute": {"unit": "tokens/min", "min": 1250759.3866343284, "p50": 1250759.3866343284, "p90": 1250759.3866343284, "p95": 1250759.3866343284, "p99": 1250759.3866343284, "max": 1250759.3866343284}, "Output Tokens per Minute": {"unit": "tokens/min", "min": 56008.19851363545, "p50": 56008.19851363545, "p90": 56008.19851363545, "p95": 56008.19851363545, "p99": 56008.19851363545, "max": 56008.19851363545}}
{"actual_qps": 5.7141498040288194, "success_rate": 100.0, "input_tokens": 4090, "output_tokens": 177, "model": "meta-llama/Llama-3.1-8B-Instruct", "input_tokens_per_minute": 1418458.8100411575, "output_tokens_per_minute": 61722.779492268324, "slo_seconds": 5.0, "slo_attainment": 97.45042492917847, "ttft_slo_ms": 1000, "ttft_slo_attainment": 69.97167138810198, "tpot_slo_ms": 50, "tpot_slo_attainment": 100.0, "Latency": {"unit": "s", "min": 0.5036867849994451, "p50": 2.9667490539141, "p90": 4.050610062666238, "p95": 4.418835537787526, "p99": 5.467359642647211, "max": 7.029236593050882}, "Throughput": {"unit": "tokens/s", "min": 8.683286142500833, "p50": 61.74782458674706, "p90": 78.23907173064015, "p95": 84.91140654786633, "p99": 97.40195496472937, "max": 112.230216020968}, "TTFT": {"unit": "s", "min": 0.09809136111289263, "p50": 0.7302526079583913, "p90": 1.6072201992850752, "p95": 2.031820720201358, "p99": 2.8390888964478, "max": 4.001000574091449}, "TPOT": {"unit": "ms", "min": 4.053907827862228, "p50": 11.712424537803434, "p90": 14.238413432659817, "p95": 15.459946706310737, "p99": 17.25297405006476, "max": 21.53493238147348}, "Input Tokens per Minute": {"unit": "tokens/min", "min": 1418458.8100411575, "p50": 1418458.8100411575, "p90": 1418458.8100411575, "p95": 1418458.8100411575, "p99": 1418458.8100411575, "max": 1418458.8100411575}, "Output Tokens per Minute": {"unit": "tokens/min", "min": 61722.779492268324, "p50": 61722.779492268324, "p90": 61722.779492268324, "p95": 61722.779492268324, "p99": 61722.779492268324, "max": 61722.779492268324}}
{"actual_qps": 5.459100534555267, "success_rate": 100.0, "input_tokens": 3941, "output_tokens": 176, "model": "meta-llama/Llama-3.1-8B-Instruct", "input_tokens_per_minute": 1289315.3707616113, "output_tokens_per_minute": 57725.42174737282, "slo_seconds": 5.0, "slo_attainment": 94.29429429429429, "ttft_slo_ms": 1000, "ttft_slo_attainment": 83.48348348348348, "tpot_slo_ms": 50, "tpot_slo_attainment": 100.0, "Latency": {"unit": "s", "min": 0.30158844380639493, "p50": 2.8383634488563985, "p90": 4.371276859054342, "p95": 5.09578485963866, "p99": 5.811538405269386, "max": 6.009794372832403}, "Throughput": {"unit": "tokens/s", "min": 16.479140495933393, "p50": 63.53622847467999, "p90": 88.25298665493443, "p95": 93.03567964036111, "p99": 105.44135804011316, "max": 117.20358252000972}, "TTFT": {"unit": "s", "min": 0.05338411289267242, "p50": 0.44892694195732474, "p90": 1.2297892888542266, "p95": 1.4655464764218775, "p99": 1.9203026903513822, "max": 2.648787457961589}, "TPOT": {"unit": "ms", "min": 7.927019659186428, "p50": 12.584616127423942, "p90": 18.37350768317941, "p95": 21.28637119912397, "p99": 25.601801666906614, "max": 33.60702603569497}, "Input Tokens per Minute": {"unit": "tokens/min", "min": 1289315.3707616113, "p50": 1289315.3707616113, "p90": 1289315.3707616113, "p95": 1289315.3707616113, "p99": 1289315.3707616113, "max": 1289315.3707616113}, "Output Tokens per Minute": {"unit": "tokens/min", "min": 57725.42174737282, "p50": 57725.42174737282, "p90": 57725.42174737282, "p95": 57725.42174737282, "p99": 57725.42174737282, "max": 57725.42174737282}}
{"actual_qps": 5.1665465718531625, "success_rate": 100.0, "input_tokens": 4123, "output_tokens": 170,