{"actual_qps": 5.840599790518674, "success_rate": 100.0, "input_tokens": 3872, "output_tokens": 170, "model": "meta-llama/Llama-3.1-8B-Instruct", "input_tokens_per_minute": 1225904.7285766571, "output_tokens_per_minute": 53950.21759909047, "slo_seconds": 5.0, "slo_attainment": 95.9119496855346, "ttft_slo_ms": 1000, "ttft_slo_attainment": 48.113207547169814, "tpot_slo_ms": 50, "tpot_slo_attainment": 99.68553459119497, "Latency": {"unit": "s", "min": 0.9024721900932491, "p50": 3.38693100202363, "p90": 4.574450347549282, "p95": 4.917979894392192, "p99": 5.527274355615953, "max": 9.805556365987286}, "Throughput": {"unit": "tokens/s", "min": 4.591353378830767, "p50": 52.320334048613596, "p90": 71.54790807684714, "p95": 79.61180979594978, "p99": 88.74903689717779, "max": 108.64123838319797}, "TTFT": {"unit": "s", "min": 0.17969665303826332, "p50": 1.0348330079577863, "p90": 2.0870478106196972, "p95": 2.578505255084019, "p99": 3.8793693517614125, "max": 6.875659466022626}, "TPOT": {"unit": "ms", "min": 4.938947139741029, "p50": 12.911519816089141, "p90": 16.01768368923192, "p95": 17.586104415389872, "p99": 25.735430575984243, "max": 54.166322392928926}, "Input Tokens per Minute": {"unit": "tokens/min", "min": 1225904.7285766571, "p50": 1225904.7285766571, "p90": 1225904.7285766571, "p95": 1225904.7285766571, "p99": 1225904.7285766571, "max": 1225904.7285766571}, "Output Tokens per Minute": {"unit": "tokens/min", "min": 53950.21759909047, "p50": 53950.21759909047, "p90": 53950.21759909047, "p95": 53950.21759909047, "p99": 53950.21759909047, "max": 53950.21759909047}}
{"actual_qps": 5.443191585332915, "success_rate": 100.0, "input_tokens": 4109, "output_tokens": 176, "model": "meta-llama/Llama-3.1-8B-Instruct", "input_tokens_per_minute": 1406939.4379183669, "output_tokens_per_minute": 60384.01306157994, "slo_seconds": 5.0, "slo_attainment": 95.11494252873564, "ttft_slo_ms": 1000, "ttft_slo_attainment": 70.6896551724138, "tpot_slo_ms": 50, "tpot_slo_attainment": 100.0, "Latency": {"unit": "s", "min": 0.4922620051074773, "p50": 2.843040178879164, "p90": 4.347156910714693, "p95": 4.956909492018165, "p99": 6.090013883346687, "max": 7.33421280211769}, "Throughput": {"unit": "tokens/s", "min": 3.656648973491788, "p50": 62.81374241628751, "p90": 80.82152373986943, "p95": 84.88451505994948, "p99": 100.17630921211565, "max": 113.04609344769399}, "TTFT": {"unit": "s", "min": 0.1114401810336858, "p50": 0.6365070653846487, "p90": 1.6502351220697165, "p95": 2.0800309181329792, "p99": 3.024228151035494, "max": 5.231218552915379}, "TPOT": {"unit": "ms", "min": 4.737213982509509, "p50": 11.839148074638217, "p90": 14.332617897498018, "p95": 15.867769071219051, "p99": 20.71285971733319, "max": 43.3920992607037}, "Input Tokens per Minute": {"unit": "tokens/min", "min": 1406939.4379183669, "p50": 1406939.4379183669, "p90": 1406939.4379183669, "p95": 1406939.4379183669, "p99": 1406939.4379183669, "max": 1406939.4379183669}, "Output Tokens per Minute": {"unit": "tokens/min", "min": 60384.01306157994, "p50": 60384.01306157994, "p90": 60384.01306157994, "p95": 60384.01306157994, "p99": 60384.01306157994, "max": 60384.01306157994}}
{"actual_qps": 5.581544428159905, "success_rate": 100.0, "input_tokens": 4074, "output_tokens": 173, "model": "meta-llama/Llama-3.1-8B-Instruct", "input_tokens_per_minute": 1366923.1263822662, "output_tokens_per_minute": 58094.92146777216, "slo_seconds": 5.0, "slo_attainment": 100.0, "ttft_slo_ms": 1000, "ttft_slo_attainment": 86.80351906158357, "tpot_slo_ms": 50, "tpot_slo_attainment": 100.0, "Latency": {"unit": "s", "min": 0.41483982489444315, "p50": 2.7911248370073736, "p90": 3.680075041949749, "p95": 3.8852623419370502, "p99": 4.301235209358857, "max": 4.7692507221363485}, "Throughput": {"unit": "tokens/s", "min": 7.236034299212006, "p50": 66.08061808587665, "p90": 84.63378507560773, "p95": 90.26405816096879, "p99": 98.56097835159072, "max": 116.02992175336756}, "TTFT": {"unit": "s", "min": 0.09663744899444282, "p50": 0.5215701051056385, "p90": 1.1175642448943108, "p95": 1.308413407066837, "p99": 1.743143829610199, "max": 2.1539838348980993}, "TPOT": {"unit": "ms", "min": 7.650943537331631, "p50": 12.13589169578079, "p90": 14.26924533683376, "p95": 15.241742060384034, "p99": 16.604122485563018, "max": 20.432578521254268}, "Input Tokens per Minute": {"unit": "tokens/min", "min": 1366923.1263822662, "p50": 1366923.1263822662, "p90": 1366923.1263822662, "p95": 1366923.1263822662, "p99": 1366923.1263822662, "max": 1366923.1263822662}, "Output Tokens per Minute": {"unit": "tokens/min", "min": 58094.92146777216, "p50": 58094.92146777216, "p90": 58094.92146777216, "p95": 58094.92146777216, "p99": 58094.92146777216, "max": 58094.92146777216}}
{"actual_qps": 5.6764585205027425, "success_rate": 100.0, "input_tokens": 4149, "output_tokens": 178, "model": "meta-llama/Llama-3.1-8B-Instruct", "input_tokens_per_minute": 1408192.6835954236, "output_tokens_per_minute": 60641.74490411438, "slo_seconds": 5.0, "slo_attainment": 100.0, "ttft_slo_ms": 1000, "ttft_slo_attainment": 89.27536231884058, "tpot_slo_ms": 50, "tpot_slo_attainment": 100.0, "Latency": {"unit": "s", "min": 0.34047994180582464, "p50": 2.8610657120589167, "p90": 3.533333943178877, "p95": 3.6766375191975387, "p99": 4.145475549986586, "max": 4.457367991097271}, "Throughput": {"unit": "tokens/s", "min": 17.801746250535718, "p50": 64.86456130710062, "p90": 85.95451948867426, "p95": 94.18468132218185, "p99": 111.8479834219093, "max": 123.78868385782148}, "TTFT": {"unit": "s", "min": 0.04750680807046592, "p50": 0.5084399390034378, "p90": 1.01690440219827, "p95": 1.1230527664069094, "p99": 1.4635379755403848, "max": 1.942409873008728}, "TPOT": {"unit": "ms", "min": 7.860732201636586, "p50": 12.310170120414552, "p90": 14.577230063721014, "p95": 15.485759252616809, "p99": 16.97669364925735, "max": 32.449085040882764}, "Input Tokens per Minute": {"unit": "tokens/min", "min": 1408192.6835954236, "p50": 1408192.6835954236, "p90": 1408192.6835954236, "p95": 1408192.6835954236, "p99": 1408192.6835954236, "max": 1408192.6835954236}, "Output Tokens per Minute": {"unit": "tokens/min", "min": 60641.74490411438, "p50": 60641.74490411438, "p90": 60641.74490411438, "p95": 60641.74490411438, "p99": 60641.74490411438, "max": 60641.74490411438}}
{"actual_qps": 6.229558303823138, "success_rate": 100.0, "input_tokens": 3956, "output_tokens": 175, "model": "meta-llama/Llama-3.1-8B-Instruct", "input_tokens_per_minute": 1463267.1795433206, "output_tokens_per_minute": 64924.45664244474, "slo_seconds": 5.0, "slo_attainment": 97.87234042553192, "ttft_slo_ms": 1000, "ttft_slo_attainment": 93.08510638297872, "tpot_slo_ms": 50, "tpot_slo_attainment": 100.0, "Latency": {"unit": "s", "min": 0.39563963911496103, "p50": 2.7586214476032183, "p90": 3.660720262560062, "p95": 3.8856510833720677, "p99": 5.277334299520589, "max": 5.867728954879567}, "Throughput": {"unit": "tokens/s", "min": 9.103748891562795, "p50": 66.12048205487278, "p90": 86.39440556854302, "p95": 93.66108014904756, "p99": 107.72087698881815, "max": 111.94711838297918}, "TTFT": {"unit": "s", "min": 0.036294588120654225, "p50": 0.382348365499638, "p90": 0.8605182475876063, "p95": 1.1158346185693517, "p99": 1.4872345535550267, "max": 1.7383994390256703}, "TPOT": {"unit": "ms", "min": 7.799838121761294, "p50": 12.436244804084527, "p90": 16.17864421603911, "p95": 17.470201072036932, "p99": 24.975100639814407, "max": 37.593412706080606}, "Input Tokens per Minute": {"unit": "tokens/min", "min": 1463267.1795433206, "p50": 1463267.1795433206, "p90": 1463267.1795433206, "p95": 1463267.1795433206, "p99": 1463267.1795433206, "max": 1463267.1795433206}, "Output Tokens per Minute": {"unit": "tokens/min", "min": 64924.45664244474, "p50": 64924.45664244474, "p90": 64924.45664244474, "p95": 64924.45664244474, "p99": 64924.45664244474, "max": 64924.45664244474}}
{"actual_qps": 5.666612708052749, "success_rate": 100.0, "input_tokens": 3924, "output_tokens": 178,